formOccurrences	form	lemma	Gender	Number	form_niqqud	lemma_niqqud	lemmaCount
178	פודקאסט	פודקאסט	Masc	Sing	פּוֹדְקָאסְט	פּוֹדְקָאסְט	180
14	לימוד	לימוד	Masc	Sing	לִימּוּד	לִימּוּד	14
34	ברוכים	ברוך	Masc	Plur	בְּרוּכִים	בָּרוּךְ	34
1	מקיבוץ	מקיבוץ	Masc	Sing	מִקִּיבּוּץ	מִקִּיבּוּץ	1
10	צפון	צפון	Masc	Sing	צָּפוֹן	צָּפוֹן	10
4	נגב	נגב	Masc	Sing	נֶגֶב	נֶגֶב	4
190	שנים	שנה	Fem	Plur	שָׁנִים	שָׁנָה	504
1	משפחתי	משפחתי	Masc	Sing	מִשְׁפַּחְתִּי	מִשְׁפַּחְתִּי	1
1	ראשית	ראשית	Fem	Sing	רֵאשִׁית	רֵאשִׁית	1
4	קול	קול	Masc	Sing	קוֹל	קוֹל	12
138	פעם	פעם	Fem	Sing	פַּעַם	פַּעַם	203
29	תחושה	תחושה	Fem	Sing	תְּחוּשָׁה	תְּחוּשָׁה	43
72	מאזינים	מאזין	Masc	Plur	מַאֲזִינִים	מַאֲזִין	77
72	כלל	כלל	Masc	Sing	כְּלָל	כְּלָל	81
38	רעיון	רעיון	Masc	Sing	רַעְיוֹן	רַעְיוֹן	49
21	דרכים	דרך	Fem	Plur	דְּרָכִים	דֶּרֶךְ	215
8	שליטה	שליטה	Fem	Sing	שְׁלִיטָה	שְׁלִיטָה	8
32	ביטחון	ביטחון	Masc	Sing	בִּיטָּחוֹן	בִּיטָּחוֹן	32
76	שפה	שפה	Fem	Sing	שָׂפָה	שָׂפָה	106
10	אפליקציות	אפליקציה	Fem	Plur	אַפְּלִיקְצִיּוֹת	אַפְּלִיקַצְיָה	40
1	שיפור	שיפור	Masc	Sing	שִׁיפּוּר	שִׁיפּוּר	1
9	אוצר	אוצר	Masc	Sing	אוֹצָר	אוֹצָר	9
70	מילים	מילה	Fem	Plur	מִילִּים	מִילָּה	147
58	שיעורים	שיעור	Masc	Plur	שִׁיעוּרִים	שִׁיעוּר	74
40	מורה	מורה	Masc	Sing	מוֹרֶה	מוֹרֶה	86
10	סרטים	סרט	Masc	Plur	סְרָטִים	סֶּרֶט	15
18	סדרות	סדרה	Fem	Plur	סְדָרוֹת	סִּדְרָה	35
18	כלים	כלי	Masc	Plur	כֵּלִים	כְּלִי	40
322	משהו	משהו	Masc	Sing	מַשֶּׁהוּ	מַשֶּׁהוּ	322
1	תדירות	תדירות	Fem	Sing	תְּדִירוּת	תְּדִירוּת	1
5	צפייה	צפייה	Fem	Sing	צְּפִיָּיה	צְּפִיָּיה	5
52	פעמים	פעם	Fem	Plur	פְּעָמִים	פַּעַם	203
2	כתוביות	כתוביות	Fem	Plur	כְּתוּבִיּוֹת	כְּתוּבִיּוֹת	2
2	שחקנים	שחקן	Masc	Plur	שְַׂחָקָנִים	שְַׂחָקָן	4
8	סלנג	סלנג	Masc	Sing	סְלַנְג	סְלַנְג	8
322	יום	יום	Masc	Sing	יוֹם	יוֹם	402
67	מקרה	מקרה	Masc	Sing	מִקְרֶה	מִקְרֶה	95
107	שם	שם	Masc	Sing	שָׁם	שָׁם	165
6	תרגום	תרגום	Masc	Sing	תַּרְגּוּם	תַּרְגּוּם	6
84	חברים	חבר	Masc	Plur	חֲבֵרִים	חָבֵר	137
1	מזם	מזם	Masc	Sing	מַזָּם	מַזָּם	1
2	פודקאסטים	פודקאסט	Masc	Plur	פּוֹדְקָאסְטִים	פּוֹדְקָאסְט	180
9	יומיים	יום	Masc	Dual	יוֹמַיִים	יוֹם	402
67	שבוע	שבוע	Masc	Sing	שָׁבוּעַ	שָׁבוּעַ	113
5	שגרה	שגרה	Fem	Sing	שִׁגְרָה	שִׁגְרָה	7
11	תרגול	תרגול	Masc	Sing	תִּרְגּוּל	תִּרְגּוּל	11
8	השפה	השפה	Fem	Sing	הַשָּׂפָה	הַשָּׂפָה	8
106	דיוק	דיוק	Masc	Sing	דִּיּוּק	דִּיּוּק	106
18	רוב	רוב	Masc	Sing	רוֹב	רוֹב	18
1	ליבול	ליבול	Masc	Sing	לִיבּוֹל	לִיבּוֹל	1
13	מטר	מטר	Masc	Sing	מֶטֶר	מֶטֶר	20
188	דרך	דרך	Fem	Sing	דֶּרֶךְ	דֶּרֶךְ	215
193	עבודה	עבודה	Fem	Sing	עֲבוֹדָה	עֲבוֹדָה	214
371	זמן	זמן	Masc	Sing	זְמַן	זְמַן	385
8	אימון	אימון	Masc	Sing	אִימוּן	אִימוּן	9
38	חדר	חדר	Masc	Sing	חֶדֶר	חֶדֶר	42
6	כושר	כושר	Masc	Sing	כּוֹשֶׁר	כּוֹשֶׁר	6
14	אשת	איש	Fem	Sing	אֵשֶׁת	אִישׁ	730
3	הריון	הריון	Masc	Sing	הֵרָיוֹן	הֵרָיוֹן	3
29	כפר	כפר	Masc	Sing	כְּפָר	כְּפָר	29
1	עיסוקים	עיסוק	Masc	Plur	עִיסּוּקִים	עִיסּוּק	4
2	הוראה	הוראה	Fem	Sing	הוֹרָאָה	הוֹרָאָה	5
59	טלפון	טלפון	Masc	Sing	טֵלֵפוֹן	טֵלֵפוֹן	70
3	ידיד	ידיד	Masc	Sing	יָדִיד	יָדִיד	3
47	שיחה	שיחה	Fem	Sing	שִִׂיחָה	שִִׂיחָה	68
12	שער	שער	Masc	Sing	שַּׁעָר	שַּׁעָר	12
2	ענייני	עניין	Masc	Plur	עִנְיְינִי	עִנְיָין	123
272	בית	בית	Masc	Sing	בַּיִת	בַּיִת	319
106	ספר	ספר	Masc	Sing	סֵפֶר	סֵפֶר	112
88	ראש	ראש	Masc	Sing	רֹאשׁ	רֹאשׁ	96
1	תירוצים	תירוץ	Masc	Plur	תֵּיְרוּצִים	תֵּירוּץ	5
41	מורים	מורה	Masc	Plur	מוֹרִים	מוֹרֶה	86
24	צורך	צורך	Masc	Sing	צוֹרֶךְ	צוֹרֶךְ	30
1	עיסוקיי	עיסוקי	Masc	Plur	עִיסּוּקַיי	עִיסּוּקִי	1
1	אויה	אויה	Fem	Sing	אוֹיָה	אוֹיָה	1
5	חששות	חשש	Fem	Plur	חֲשָׁשׁוֹת	חֲשָׁשׁ	10
2	דוברי	דובר	Masc	Plur	דּוֹבְרֵי	דּוֹבֵּר	7
1	פת	פת	Fem	Sing	פַּת	פַּת	1
10	אם	אם	Fem	Sing	אִם	אִם	27
3	מרמה	מרמה	Fem	Sing	מִרְמָה	מִרְמָה	4
5	משפטים	משפט	Masc	Plur	מִשְׁפָּטִים	מִשְׁפָּט	44
2	טלנובלות	טלנובלות	Fem	Plur	טֶלְנוֹבְלוֹת	טֶלְנוֹבְלוֹת	2
2	מכסה	מכסה	Masc	Sing	מְכַסָּה	מְכַסָּה	2
1	דפל	דפל	Masc	Sing	דֶּפֶל	דֶּפֶל	1
31	רמה	רמה	Fem	Sing	רָמָה	רָמָה	53
16	שפת	שפה	Fem	Sing	שֶׂפֶת	שָׂפָה	106
7	מקור	מקור	Masc	Sing	מָּקוֹר	מָּקוֹר	10
36	קושי	קושי	Masc	Sing	קוֹשִׁי	קוֹשִׁי	49
622	אנשים	איש	Masc	Plur	אֲנָשִׁים	אִישׁ	730
2	פאודה	פאודה	Fem	Sing	פָּאוּדָה	פָּאוּדָה	2
14	סדרה	סדרה	Fem	Sing	סִּדְרָה	סִּדְרָה	35
23	סיכוי	סיכוי	Masc	Sing	סִּיכּוּי	סִּיכּוּי	27
99	מישהו	מישהו	Masc	Sing	מִישֶׁהוּ	מִישֶׁהוּ	115
1	פלנטה	פלנטה	Fem	Sing	פְּלַנְטָה	פְּלַנְטָה	1
25	תשובה	תשובה	Fem	Sing	תְּשׁוּבָה	תְּשׁוּבָה	33
19	מושג	מושג	Masc	Sing	מוּשָּׂג	מוּשָּׂג	20
37	מהלך	מהלך	Masc	Sing	מַהֲלָךְ	מַהֲלָךְ	37
55	פרקים	פרק	Masc	Plur	פְּרָקִים	פֶּרֶק	306
16	מאכלים	מאכל	Masc	Plur	מַאֲכָלִים	מַאֲכָל	23
2	מנהגים	מנהג	Masc	Plur	מִנְהָגִים	מִנְהָג	5
17	חגים	חג	Masc	Plur	חַגִּים	חַג	83
101	מקומות	מקום	Masc	Plur	מְקוֹמוֹת	מָקוֹם	370
4	תרבויות	תרבות	Fem	Plur	תַּרְבּוּיוֹת	תַּרְבּוּת	29
1	טרנדים	טרנדי	Masc	Plur	טְּרֶנְדִּים	טְרֶנְדִּי	1
55	חדשות	חדשות	Fem	Plur	חֲדָשׁוֹת	חֲדָשׁוֹת	55
130	ארץ	ארץ	Fem	Sing	אֶרֶץ	אֶרֶץ	138
201	עולם	עולם	Masc	Sing	עוֹלָם	עוֹלָם	206
2	פעלים	פעל	Masc	Plur	פְּעָלִים	פָּעַל	3
10	זמנים	זמן	Masc	Plur	זְמַנִים	זְמַן	385
35	ביטויים	ביטוי	Masc	Plur	בִּיטּוּיִים	בִּיטּוּי	107
169	מון	מון	Masc	Sing	מוֹן	מוֹן	169
22	נושאים	נושא	Masc	Plur	נוֹשְׂאִים	נוֹשֵׂא	81
24	מטרה	מטרה	Fem	Sing	מַטָּרָה	מַטָּרָה	31
93	צורה	צורה	Fem	Sing	צוּרָה	צוּרָה	96
4	עניינת	עניינה	Fem	Sing	עִנְיֶינֶת	עִנְיָינָהּ	4
26	כוונה	כוונה	Fem	Sing	כַּוֹוָנָה	כַּוֹוָנָה	26
31	חזרה	חזרה	Fem	Sing	חָזְרָה	חָזְרָה	34
3	כלב	כלב	Masc	Sing	כֶּלֶב	כֶּלֶב	13
84	טיול	טיול	Masc	Sing	טִיּוּל	טִיּוּל	100
12	שכונה	שכונה	Fem	Sing	שְׁכוּנָה	שְׁכוּנָה	17
1	התוכן	התוכן	Masc	Sing	הַתּוֹכֶן	הַתּוֹכֶן	1
3	לוואי	לוואי	Masc	Sing	לְוַואי	לְוַואי	3
11	חבר'ה	חבר'ה	Masc	Plur	חֶבְרֶ'ה	חֶבְרֶ'ה	11
10	עתיד	עתיד	Masc	Sing	עָתִיד	עָתִיד	10
21	זכות	זכות	Fem	Sing	זְכוּת	זְכוּת	27
6	עברית	עברית	Fem	Sing	עִבְרִית	עִבְרִית	6
28	עמוד	עמוד	Masc	Sing	עַמּוּד	עַמּוּד	30
39	פייסבוק	פייסבוק	Masc	Sing	פֵּיְסְבּוּק	פֵּיְסְבּוּק	39
30	תרגילים	תרגיל	Masc	Plur	תַּרְגִּילִים	תַּרְגִּיל	30
251	פרק	פרק	Masc	Sing	פֶּרֶק	פֶּרֶק	306
2	אדג	אדג	Masc	Sing	אֶדֶג	אֶדֶג	2
22	פרס	פרס	Masc	Sing	פְּרָס	פְּרָס	32
8	תשובות	תשובה	Fem	Plur	תְּשׁוּבוֹת	תְּשׁוּבָה	33
60	קשר	קשר	Masc	Sing	קֶשֶׁר	קֶשֶׁר	71
2	אודו	אודו	Masc	Sing	אוֹדוֹ	אוֹדוֹ	2
11	יתרון	יתרון	Masc	Sing	יִתְרוֹן	יִתְרוֹן	14
18	קצב	קצב	Masc	Sing	קֶצֶב	קֶצֶב	18
19	מידה	מידה	Fem	Sing	מִידָּה	מִידָּה	20
28	פרויקט	פרויקט	Masc	Sing	פְּרוֹיֶקְט	פְּרוֹיֶקְט	38
14	אור	אור	Masc	Sing	אוֹר	אוֹר	18
1	גידים	גיד	Masc	Plur	גִּידִים	גִּיד	1
20	המשך	המשך	Masc	Sing	הֶמְשֵּׁךְ	הֶמְשֵּׁךְ	20
2	פתעות	פתעה	Fem	Plur	פְּתָעוֹת	פָּתְעָה	3
2	עגלה	עגלה	Fem	Sing	עֲגָלָה	עֲגָלָה	6
4	סוסים	סוסי	Masc	Plur	סוּסִים	סוּסִי	4
1	גשר	גשר	Masc	Sing	גֶּשֶׁר	גֶּשֶׁר	2
60	לב	לב	Masc	Sing	לֵב	לֵב	60
15	רגעים	רגע	Masc	Plur	רְגָּעִים	רֶגַע	209
304	דבר	דבר	Masc	Sing	דָּבָר	דָּבָר	551
4	זמנ	זמן	Masc	Sing	זְמַן	זְמַן	385
1	כובץ	כובץ	Masc	Sing	כּוֹבֶץ	כּוֹבֶץ	1
2	קישור	קישור	Masc	Sing	קִישּׁוּר	קִישּׁוּר	2
6	פשוט	פשוט	Masc	Sing	פָּשׁוּט	פָּשׁוּט	6
221	מוזיקה	מוזיקה	Fem	Sing	מוּזִיקָה	מוּזִיקָה	222
9	רוכים	רכה	Masc	Plur	רוּכִים	רַכָּה	11
98	פלאפל	פלאפל	Masc	Sing	פָּלָאפֶל	פָּלָאפֶל	98
77	עיר	עיר	Fem	Sing	עִיר	עִיר	92
6	ישוב	יישוב	Masc	Sing	יָשׁוּב	יִישּׁוּב	24
11	דוכן	דוכן	Masc	Sing	דּוּכָן	דּוּכָן	14
4	הילדות	הילדות	Fem	Plur	הַיַּלְדוּת	הַיַּלְדוּת	4
2	נוסטלגיה	נוסטלגיה	Fem	Sing	נוֹסְטַלְגְּיָה	נוֹסְטַלְגְּיָה	2
22	תמונות	תמונה	Fem	Plur	תְּמוּנוֹת	תְּמוּנָה	39
5	קירות	קיר	Masc	Plur	קִירוֹת	קִיר	10
35	אווירה	אווירה	Fem	Sing	אֲוִוירָה	אֲוִוירָה	37
7	הליכה	הליכה	Fem	Sing	הֲלִיכָה	הֲלִיכָה	7
14	רגל	רגל	Fem	Sing	רֶגֶל	רֶגֶל	25
44	אוטובוס	אוטובוס	Masc	Sing	אוֹטוֹבּוּס	אוֹטוֹבּוּס	55
7	חלון	חלון	Masc	Sing	חַלּוֹן	חַלּוֹן	10
5	מוכר	מוכר	Masc	Sing	מוּכָּר	מוּכָּר	6
21	חיוך	חיוך	Masc	Sing	חִיּוּךְ	חִיּוּךְ	21
16	כדור	כדור	Masc	Sing	כַּדוּר	כַּדוּר	25
194	רגע	רגע	Masc	Sing	רֶגַע	רֶגַע	209
10	שמן	שמן	Masc	Sing	שֶׁמֶן	שֶׁמֶן	13
3	בילוי	בילוי	Masc	Sing	בִּילּוּי	בִּילּוּי	4
90	משפחה	משפחה	Fem	Sing	מִשְׁפָּחָה	מִשְׁפָּחָה	138
75	הורים	הורה	Masc	Plur	הוֹרִים	הוֹרָה	79
21	מנה	מנה	Fem	Sing	מָנָה	מָנָה	31
216	ילדים	ילד	Masc	Plur	יְלָדִים	יֶלֶד	283
35	עובדים	עובד	Masc	Plur	עוֹבְדִים	עוֹבֵּד	46
27	לקוחות	לקוח	Masc	Plur	לָקוֹחוֹת	לָקוֹחַ	33
1	קצות	קצות	Fem	Plur	קָצוֹת	קָצוֹת	1
2	אצבעות	אצבע	Fem	Plur	אֶצְבָּעוֹת	אֶצְבַּע	3
1	ערימת	ערימה	Fem	Sing	עֲרֵימַת	עֲרֵימָה	1
6	סלטים	סלט	Masc	Plur	סָלָטִים	סָּלָט	8
1	פק	פק	Masc	Sing	פָּק	פָּק	1
66	תקופה	תקופה	Fem	Sing	תְּקוּפָה	תְּקוּפָה	88
11	נערים	נער	Masc	Plur	נְעָרִים	נַעַר	17
3	פיטה	פיטה	Fem	Sing	פִּיטָה	פִּיטָה	3
130	כסף	כסף	Masc	Sing	כֶּסֶף	כֶּסֶף	133
5	סרט	סרט	Masc	Sing	סֶּרֶט	סֶּרֶט	15
4	קולנוע	קולנוע	Masc	Sing	קוֹלְנוֹעַ	קוֹלְנוֹעַ	4
21	צער	צער	Masc	Sing	צַּעַר	צַּעַר	21
5	זכרונות	זכרון	Masc	Plur	זִכְרוֹנוֹת	זִכָּרוֹן	6
171	קיבוץ	קיבוץ	Masc	Sing	קִיבּוּץ	קִיבּוּץ	226
37	דרום	דרום	Masc	Sing	דָּרוֹם	דָּרוֹם	37
2	רבע	רבע	Masc	Sing	רֶבַע	רֶבַע	2
47	שעה	שעה	Fem	Sing	שָׁעָה	שָׁעָה	111
18	נסיעה	נסיעה	Fem	Sing	נְסִיעָה	נְסִיעָה	22
3	פלאפלים	פלאפלי	Masc	Plur	פָּלָאפֶלִים	פָּלַאפְלִי	3
88	אוכל	אוכל	Masc	Sing	אוֹכֶל	אוֹכֶל	88
16	ימי	יום	Masc	Plur	יְמֵי	יוֹם	402
4	פיצות	פיצות	Fem	Plur	פִּיצוֹת	פִּיצוֹת	4
4	מבורגר	מבורגר	Masc	Sing	מַבּוּרְגֶּר	מַבּוּרְגֶּר	8
52	ימים	יום	Masc	Plur	יָמִים	יוֹם	402
27	אמצע	אמצע	Masc	Sing	אֶמְצַע	אֶמְצַע	30
3	סועדים	סעד	Masc	Plur	סוֹעֲדִים	סַעַד	4
10	תור	תור	Masc	Sing	תּוֹר	תּוֹר	12
1	אהובים	אהוב	Masc	Plur	אֲהוּבִים	אָהוּב	1
1	עוצר	עוצר	Masc	Sing	עוֹצֵר	עוֹצֵר	1
5	תחנה	תחנה	Fem	Sing	תַּחֲנָה	תַּחֲנָה	19
28	עולים	עולה	Masc	Plur	עוֹלִים	עוֹלֶה	31
4	אופניים	אופניים	Masc	Plur	אוֹפַּנַּיִים	אוֹפַּנַּיִים	4
4	מבורגרים	מבורגר	Masc	Plur	מַבּוּרְגְּרִים	מַבּוּרְגֶּר	8
20	שולחן	שולחן	Masc	Sing	שּׁוּלְחָן	שּׁוּלְחָן	20
12	צלחת	צלחת	Fem	Sing	צַּלַחַת	צַּלַחַת	13
14	נהג	נהג	Masc	Sing	נַהָג	נַהָג	27
4	התלהבות	התלהבות	Fem	Sing	הִתְלַהֲבוּת	הִתְלַהֲבוּת	4
5	מדרגות	מדרגה	Fem	Plur	מַדְרֵגוֹת	מַדְרֵגָה	7
5	צ'יפס	צ'יפס	Masc	Sing	צִ'יפְּס	צִ'יפְּס	5
269	מקום	מקום	Masc	Sing	מָקוֹם	מָקוֹם	370
12	כמויות	כמות	Fem	Plur	כַּמוּיוֹת	כַּמוּת	54
13	אכול	אכול	Masc	Sing	אָכוֹל	אָכוֹל	13
96	חוץ	חוץ	Masc	Sing	חוּץ	חוּץ	96
62	בעיות	בעיה	Fem	Plur	בְּעָיוֹת	בְּעָיָה	143
54	קיבוצים	קיבוץ	Masc	Plur	קִיבּוּצִים	קִיבּוּץ	226
20	מטבח	מטבח	Masc	Sing	מִטְבָּח	מִטְבָּח	20
1	משעות	משעה	Fem	Plur	מִשָּׁעוֹת	מִשָּׁעָה	1
63	בוקר	בוקר	Masc	Sing	בּוֹקֶר	בּוֹקֶר	63
22	צהריים	צהריים	Masc	Plur	צָּהֳרַיִים	צָּהֳרַיִים	22
6	עובדי	עובד	Masc	Plur	עוֹבְדֵי	עוֹבֵּד	46
20	ארוחת	ארוחה	Fem	Sing	אֲרוּחַת	אֲרוּחָה	35
49	ערב	ערב	Masc	Sing	עֶרֶב	עֶרֶב	49
6	ניקיונות	ניקיון	Fem	Plur	נִיקְיוֹנוֹת	נִיקְיוֹן	13
92	סיבה	סיבה	Fem	Sing	סִּיבָּה	סִּיבָּה	121
7	מקרר	קירר	Masc	Sing	מְקָרֵר	קֵּיְרֵר	7
10	תנור	תנור	Masc	Sing	תַּנּוּר	תַּנּוּר	13
3	חימום	חימום	Masc	Sing	חִימּוּם	חִימּוּם	3
4	סוגי	סוג	Masc	Plur	סוּגִי	סוּג	83
2	פיצה	פיצה	Fem	Sing	פִּיצָה	פִּיצָה	2
80	בעיה	בעיה	Fem	Sing	בְּעָיָה	בְּעָיָה	143
5	איום	איום	Masc	Sing	אִיּוּם	אִיּוּם	9
6	דלתות	דלת	Fem	Plur	דְּלָתוֹת	דֶּלֶת	22
1	מחומ	מחום	Masc	Sing	מָחוֹמ	מֵחוֹם	2
1	תבנית	תבנית	Fem	Sing	תַּבְנִית	תַּבְנִית	1
3	כדורי	כדור	Masc	Plur	כַּדּוּרִי	כַּדוּר	25
3	עגלת	עגלה	Fem	Sing	עֲגֶלֶת	עֲגָלָה	6
1	צרבת	צרבה	Fem	Sing	צָּרֶבֶת	צָּרְבָה	1
1	גרון	גרון	Masc	Sing	גָּרוֹן	גָּרוֹן	1
2	מגש	מגש	Masc	Sing	מַגָּשׁ	מַגָּשׁ	2
6	כוסות	כוס	Fem	Plur	כּוֹסוֹת	כּוֹס	6
83	מים	מים	Masc	Plur	מַיִם	מַיִם	86
60	אמת	אמת	Fem	Sing	אֱמֶת	אֱמֶת	60
124	צבא	צבא	Masc	Sing	צָּבָא	צָּבָא	124
6	תחנת	תחנה	Fem	Sing	תַּחֲנַת	תַּחֲנָה	19
4	הרכבת	הרכבה	Fem	Sing	הָרַכֶּבֶת	הַרְכָּבָה	4
1	דוכ	דוך	Masc	Sing	דּוּכ	דּוֹךְ	1
9	חומוס	חומוס	Masc	Sing	חוּמוּס	חוּמוּס	9
10	פרצוף	פרצוף	Masc	Sing	פַּרְצוּף	פַּרְצוּף	10
21	פנים	פנים	Fem	Plur	פָּנִים	פָּנִים	27
80	כולם	כולם	Masc	Plur	כּוּלָּם	כּוּלָּם	80
32	עם	עם	Masc	Sing	עִם	עִם	33
1	שאת	שאת	Fem	Sing	שֶׁאַתְ	שֶׁאַתְ	1
1	גרגרי	גרגר	Masc	Plur	גַּרְגְּרִי	גַּרְגֶּר	1
1	נזוף	נזוף	Masc	Sing	נָּזוּף	נָּזוּף	1
3	רכבת	רכבת	Fem	Sing	רַכֶּבֶת	רַכֶּבֶת	3
1	קדמה	קדמה	Fem	Sing	קִדְמָה	קִדְמָה	3
150	חלק	חלק	Masc	Sing	חֵלֶק	חֵלֶק	166
4	פלפל	פלפל	Masc	Sing	פִּלְפֵּל	פִּלְפֵּל	4
1	קופטים	קופטי	Masc	Plur	קוֹפְטִים	קוֹפְּטִי	1
1	מפול	מפול	Masc	Sing	מַפּוֹל	מַפּוֹל	1
1	כלוף	כלוף	Masc	Sing	כְּלוּף	כְּלוּף	1
1	תחליף	תחליף	Masc	Sing	תַּחֲלִיף	תַּחֲלִיף	3
194	שנה	שנה	Fem	Sing	שָׁנָה	שָׁנָה	504
2	בלבול	בלבול	Masc	Sing	בִּלְבּוּל	בִּלְבּוּל	2
2	טיעוד	טיעוד	Masc	Sing	טִיעוּד	טִיעוּד	2
7	מאכל	מאכל	Masc	Sing	מַאֲכָל	מַאֲכָל	23
1	היסטוריון	היסטוריון	Masc	Sing	הִיסְטוֹרְיוֹן	הִיסְטוֹרְיוֹן	1
9	פרופסור	פרופסור	Masc	Sing	פְּרוֹפֶסוֹר	פְּרוֹפֶסוֹר	10
16	אוניברסיטה	אוניברסיטה	Fem	Sing	אוּנִיבֶרְסִיטָה	אוּנִיבֶרְסִיטָה	24
35	אינפ	אינף	Masc	Sing	אִינְפ	אִינְּף	35
1	טמפר	טמפר	Masc	Sing	טֶמְפֶּר	טֶמְפֶּר	1
9	ראיות	ראיה	Fem	Plur	רְאָיוֹת	רְאָיָה	11
3	תיגון	תיגון	Masc	Sing	תִּיגּוּן	תִּיגּוּן	3
1	הופעת	הופעה	Fem	Sing	הוֹפָעַת	הוֹפָּעָה	31
2	שיטות	שיטה	Fem	Plur	שִׁיטוֹת	שִׁיטָה	14
2	מודרניות	מודרניות	Fem	Sing	מוֹדֶרְנִיּוּת	מוֹדֶרְנִיּוּת	2
4	הפקת	הפקה	Fem	Sing	הֲפָקַת	הֲפָקָה	7
2	שמנים	שמן	Masc	Plur	שְׁמֵנִים	שֶׁמֶן	13
14	תקופת	תקופה	Fem	Sing	תְּקוּפַת	תְּקוּפָה	88
1	כיבוש	כיבוש	Masc	Sing	כִּיבּוּשׁ	כִּיבּוּשׁ	1
119	סוף	סוף	Masc	Sing	סוֹף	סוֹף	143
7	מאה	מאה	Fem	Sing	מֵאָה	מֵאָה	7
4	טענת	טענה	Fem	Sing	טַעֲנַת	טַעֲנָה	9
27	עובדה	עובדה	Fem	Sing	עוּבְדָּה	עוּבְדָּה	30
1	קציצות	קציצות	Fem	Plur	קְצִיצוֹת	קְצִיצוֹת	1
24	שלטון	שלטון	Masc	Sing	שִׁלְטוֹן	שִׁלְטוֹן	24
20	חיילים	חייל	Masc	Plur	חַיָּילִים	חַיָּיל	26
2	נסיבות	נסיבה	Fem	Plur	נְסִיבּוֹת	נְסִיבָה	2
1	בריטים	בריטי	Masc	Plur	בְּרִיטִים	בְּרִיטִי	1
27	שנות	שנה	Fem	Plur	שָׁנוֹת	שָׁנָה	504
3	אכילת	אכילה	Fem	Sing	אֲכִילַת	אֲכִילָה	5
29	סיבות	סיבה	Fem	Plur	סִּיבּוֹת	סִּיבָּה	121
19	הצלחה	הצלחה	Fem	Sing	הַצְּלָחָה	הַצְּלָחָה	25
2	המצאה	המצאה	Fem	Sing	הַמְּצָאָה	הַמְּצָאָה	3
3	איז	איז	Masc	Sing	אִיז	אִיז	3
1	מצאה	מצא	Fem	Sing	מָצְאָה	מָצָא	1
2	הפיטה	הפיטה	Fem	Sing	הַפִּיטָה	הַפִּיטָה	2
1	טבחי	טבח	Masc	Plur	טִבְחִי	טֶּבַח	3
59	אזור	אזור	Masc	Sing	אֵזוֹר	אֵזוֹר	80
5	כיס	כיס	Masc	Sing	כִּיס	כִּיס	5
10	ארוחה	ארוחה	Fem	Sing	אֲרוּחָה	אֲרוּחָה	35
32	תחילת	תחילה	Fem	Sing	תְּחִילַּת	תְּחִילָּה	35
6	פיטות	פטה	Fem	Plur	פִּיטוֹת	פָּטָה	6
3	תנורים	תנור	Masc	Plur	תַּנּוּרִים	תַּנּוּר	13
4	טמפרטורה	טמפרטורה	Fem	Sing	טֶמְפֵּרָטוּרָה	טֶמְפֵּרָטוּרָה	4
2	מצרי	מצרי	Masc	Sing	מִצְרִי	מִצְרִי	2
3	עליות	עלייה	Fem	Plur	עֲלִיּוֹת	עֲלִיָּיה	42
2	מפרס	מפרס	Masc	Sing	מִפְּרָס	מִפְּרָס	2
1	אנזים	אנזים	Masc	Sing	אֲנָזִים	אֲנָזִים	1
1	פול	פול	Masc	Sing	פָּוֹל	פָּוֹל	1
9	נזק	נזק	Masc	Sing	נֶזֶק	נֶזֶק	9
2	ריאותי	ריאה	Masc	Plur	רֵיאוֹתַי	רֵיאָה	2
20	משרד	משרד	Masc	Sing	מִשְׂרָד	מִשְׂרָד	26
9	בריאות	בריאות	Fem	Sing	בְּרִיאוּת	בְּרִיאוּת	9
28	תקשורת	תקשורת	Fem	Sing	תִּקְשׁוֹרֶת	תִּקְשׁוֹרֶת	28
1	אזרות	אזרה	Fem	Sing	אֲזָרוֹת	אָזְרָה	1
3	סכנות	סכנות	Fem	Plur	סַכָּנוֹת	סַכָּנוֹת	3
10	תוצאה	תוצאה	Fem	Sing	תּוֹצָאָה	תּוֹצָאָה	26
1	גרגירי	גרגיר	Masc	Plur	גַּרְגִּירִי	גַּרְגִּיר	1
31	אינטרנט	אינטרנט	Masc	Sing	אִינְטֶרְנֵט	אִינְטֶרְנֵט	31
23	מידע	מידע	Masc	Sing	מֵידָע	מֵידָע	23
1	מימן	מימן	Masc	Sing	מִימָּן	מִימָּן	1
2	דוכני	דוכן	Masc	Plur	דּוּכָנִי	דּוּכָן	14
60	סוג	סוג	Masc	Sing	סוּג	סוּג	83
1	מדגם	מדגם	Masc	Sing	מֻדְגָּם	מֻדְגָּם	1
3	דקת	דקה	Fem	Sing	דַּקַת	דַּקָּה	30
15	ערים	עיר	Fem	Plur	עָרִים	עִיר	92
34	בתי	בית	Masc	Plur	בָּתִּי	בַּיִת	319
35	עסק	עסק	Masc	Sing	עֵסֶק	עֵסֶק	49
10	מפה	מפה	Fem	Sing	מִפֹּה	מִפֹּה	12
16	תוצאות	תוצאה	Fem	Plur	תּוֹצָאוֹת	תּוֹצָאָה	26
6	חיפוש	חיפוש	Masc	Sing	חִיפּוּשׂ	חִיפּוּשׂ	8
1	הדגימה	הדגימה	Fem	Sing	הִדְגִּימָה	הִדְגִּימָה	1
4	טור	טור	Masc	Sing	טוּר	טוּר	4
5	לימודי	לימודים	Masc	Plur	לִימּוּדִי	לִימּוּדִים	42
2	סטטיסטיקה	סטטיסטיקה	Fem	Sing	סְטָטִיסְטִיקָה	סְטָטִיסְטִיקָה	3
1	דגימה	דגימה	Fem	Sing	דְּגִימָה	דְּגִימָה	3
5	זהירות	זהירות	Fem	Sing	זְהִירוּת	זְהִירוּת	5
8	סביבות	סביבה	Fem	Plur	סְבִיבוֹת	סְבִיבָה	19
19	אזורים	אזור	Masc	Plur	אֲזוֹרִים	אֵזוֹר	80
10	מרחק	מרחק	Masc	Sing	מֶרְחָק	מֶרְחָק	12
4	הגעת	הגעה	Fem	Sing	הִגַּעְתָּ	הַגָּעָה	7
7	בחינתי	בחינה	Masc	Sing	בְּחִינָתִי	בְּחִינָה	69
2	מחל	מחל	Masc	Sing	מַחַל	מַחַל	2
5	עובד	עובד	Masc	Sing	עוֹבֵּד	עוֹבֵּד	46
6	הייטק	הייטק	Masc	Sing	הַיְּיטֵק	הַיְּיטֵק	6
94	בן	בן	Masc	Sing	בֶּן	בֶּן	126
5	מנהלים	מנהל	Masc	Plur	מְנַהֲלִים	מְנַהֵל	41
16	קבוצת	קבוצה	Fem	Sing	קְבוּצַת	קְבוּצָה	95
2	אוזן	אוזן	Fem	Sing	אוֹזֶן	אוֹזֶן	4
4	קהילת	קהילה	Fem	Sing	קְהִילַּת	קְהִילָּה	47
51	קבוצה	קבוצה	Fem	Sing	קְבוּצָה	קְבוּצָה	95
24	מנהל	מנהל	Masc	Sing	מְנַהֵל	מְנַהֵל	41
1	פעילה	פעיל	Fem	Sing	פְּעִילָה	פָּעִיל	1
166	מדינה	מדינה	Fem	Sing	מְדִינָה	מְדִינָה	306
9	פוסטים	פוסט	Masc	Plur	פּוֹסְטִים	פּוֹסְט	15
27	מספר	מספר	Masc	Sing	מִסְפָּר	מִסְפָּר	39
5	ניהול	ניהול	Masc	Sing	נִיהוּל	נִיהוּל	5
57	גמרי	גמר	Masc	Sing	גַּמְרֵי	גְּמָר	85
7	תגובה	תגובה	Fem	Sing	תְּגוּבָה	תְּגוּבָה	28
26	הודעה	הודעה	Fem	Sing	הוֹדָעָה	הוֹדָעָה	43
37	שמ	שם	Masc	Sing	שַּׁמ	שָׁם	165
13	צוות	צוות	Fem	Sing	צֶּוֶות	צֶּוֶות	13
6	הנהלה	הנהלה	Fem	Sing	הַנְּהָלָה	הַנְּהָלָה	9
2	זמני	זמני	Masc	Plur	זְמַנִי	זְמַנִי	2
51	דעת	דעה	Fem	Sing	דַּעַת	דֵּעָה	59
5	קסם	קסם	Masc	Sing	קֶסֶם	קֶסֶם	6
10	ילדות	ילד	Fem	Plur	יַלְדוּת	יֶלֶד	283
38	גיל	גיל	Masc	Sing	גִּיל	גִּיל	44
5	מצבים	מצב	Masc	Plur	מַצָּבִים	מַצָּב	109
244	דברים	דבר	Masc	Plur	דְּבָרִים	דָּבָר	551
13	פעמיים	פעם	Fem	Dual	פַּעֲמַיִים	פַּעַם	203
32	קטע	קטע	Masc	Sing	קֶטַע	קֶטַע	35
18	אורך	אורך	Masc	Sing	אוֹרֶךְ	אוֹרֶךְ	18
27	קבוצות	קבוצה	Fem	Plur	קְבוּצוֹת	קְבוּצָה	95
6	פלטפורמות	פלטפורמה	Fem	Plur	פְּלַטְפוֹרְמוֹת	פָּלַטְפוֹרְמָה	16
11	טלפונים	טלפון	Masc	Plur	טֵלֵפוֹנִים	טֵלֵפוֹן	70
1	מאפיינים	מאפיין	Masc	Plur	מְאַפְיְינִים	מְאַפְיֵין	1
1	טורפת	טורף	Fem	Sing	טוֹרֶפֶת	טוֹרֵף	7
10	שנתיים	שנה	Fem	Dual	שְׁנָתַיִם	שָׁנָה	504
8	שמה	שם	Fem	Sing	שְׁמָהּ	שָׁם	165
35	איש	איש	Masc	Sing	אִישׁ	אִישׁ	730
23	צעירים	צעיר	Masc	Plur	צְּעִירִים	צָּעִיר	27
9	מבוגרים	מבוגר	Masc	Plur	מְבוּגָּרִים	מְבוּגָּר	11
8	ביקורות	ביקורת	Fem	Plur	בִּיקּוֹרוֹת	בִּיקּוֹרֶת	33
5	הקטע	הקטע	Masc	Sing	הַקֶּטַע	הַקֶּטַע	5
37	קהילה	קהילה	Fem	Sing	קְהִילָּה	קְהִילָּה	47
208	כל	כול	Masc	Sing	כָּל	כּוֹל	221
59	נושא	נושא	Masc	Sing	נוֹשֵׂא	נוֹשֵׂא	81
10	חברי	חבר	Masc	Plur	חַבְרֵי	חָבֵר	137
3	איחול	איחול	Masc	Sing	אִיחוּל	אִיחוּל	4
14	מזרח	מזרח	Masc	Sing	מִזְרָח	מִזְרָח	14
57	ישראלים	ישראלי	Masc	Plur	יִשְׂרְאֵלִים	יִשְׂרְאֵלִי	65
1	פנפל	פנפל	Masc	Sing	פִּנְפֵּל	פִּנְפֵּל	1
1	מומחה	מומחה	Masc	Sing	מוּמְחֶה	מוּמְחֶה	3
26	רחוב	רחוב	Masc	Sing	רְחוֹב	רְחוֹב	35
83	שנת	שנה	Fem	Sing	שְׁנַת	שָׁנָה	504
1	זכרונ	זכרון	Masc	Sing	זִכְרוֹנ	זִכָּרוֹן	6
5	ברכה	ברכה	Fem	Sing	בְּרָכָה	בְּרָכָה	6
3	מדרי	מדר	Masc	Plur	מַדְרִי	מַדָּר	3
2	חומוסיות	חומוסיות	Fem	Plur	חוּמוּסִיּוֹת	חוּמוּסִיּוֹת	2
6	המלצות	המלצה	Fem	Plur	הַמְלָצוֹת	הַמְלָצָה	6
26	רחבי	רחב	Masc	Plur	רַחֲבִי	רָחָב	26
6	לקוח	לקוח	Masc	Sing	לָקוֹחַ	לָקוֹחַ	33
58	שאלה	שאלה	Fem	Sing	שְׁאֵלָה	שְׁאֵלָה	94
1	מוכרי	מכר	Masc	Plur	מוּכָּרִי	מַכָּר	4
2	שוארמה	שוארמה	Fem	Sing	שׁוֹאַרְמָה	שׁוֹאַרְמָה	2
3	שותפים	שותף	Masc	Plur	שׁוּתָּפִים	שׁוּתָּף	12
10	דין	דין	Masc	Sing	דִּין	דִּין	10
8	מנות	מנה	Fem	Plur	מָנוֹת	מָנָה	31
1	סופי	סופי	Masc	Sing	סוֹפִי	סוֹפִי	1
15	טיולים	טיול	Masc	Plur	טִיּוּלִים	טִיּוּל	100
11	חומר	חומר	Masc	Sing	חוֹמֶר	חוֹמֶר	17
1	שונית	שונית	Fem	Sing	שׁוֹנִית	שׁוֹנִית	1
1	אדסטארט	אדסטארט	Masc	Sing	אַדְסְטַארְט	אַדְסְטַארְט	1
10	מזון	מזון	Masc	Sing	מָזוֹן	מָזוֹן	10
5	שמחת	שמחה	Fem	Sing	שְִׂמַחַת	שְִׂמֵחָה	25
2	אחוזים	אחוז	Masc	Plur	אֲחוּזִים	אָחוּז	8
15	אהבה	אהבה	Fem	Sing	אַהֲבָה	אַהֲבָה	15
15	חיי	חיים	Masc	Plur	חַיִי	חַיִים	123
1	עשייה	עשייה	Fem	Sing	עֲשִִׂיָּיה	עֲשִִׂיָּיה	1
1	מרמת	מרמה	Fem	Sing	מֵרֶמֶת	מִרְמָה	4
11	רצינות	רצינות	Fem	Sing	רְצִינוּת	רְצִינוּת	11
2	מלאכה	מלאכה	Fem	Sing	מְלָאכָה	מְלָאכָה	2
2	כאורה	כאורה	Masc	Sing	כְּאוֹרָה	כְּאוֹרָה	2
74	אדם	אדם	Masc	Sing	אָדָם	אָדָם	74
17	יד	יד	Fem	Sing	יָד	יָד	40
7	ניקיון	ניקיון	Masc	Sing	נִיקְיוֹן	נִיקְיוֹן	13
2	היגיינה	היגיינה	Fem	Sing	הִיגְּיְינָה	הִיגְּיְינָה	2
2	סטנדרטים	סטנדרט	Masc	Plur	סְטַנְדְרָטִים	סְטַנְדְרֵט	2
98	עניין	עניין	Masc	Sing	עִנְיָין	עִנְיָין	123
38	בחינת	בחינה	Fem	Sing	בְּחִינַת	בְּחִינָה	69
1	יגיינה	יגיינה	Fem	Sing	יִגְיְינָה	יִגְיְינָה	1
27	סיפורים	סיפור	Masc	Plur	סִּיפּוּרִים	סִּיפּוּר	171
1	הבחנה	הבחנה	Fem	Sing	הַבְּחָנָה	הַבְּחָנָה	1
4	עלים	על	Masc	Plur	עָלִים	עַל	4
1	ירוק	ירוק	Masc	Sing	יָרוֹק	יָרוֹק	1
1	פטרוזיליה	פטרוזיליה	Fem	Sing	פֶּטְרוֹזִילְיָה	פֶּטְרוֹזִילְיָה	1
1	קוצברה	קוצברה	Masc	Sing	קוֹצְבְּרָה	קוֹצְבְּרָה	1
23	הבדל	הבדל	Masc	Sing	הֶבְדֵּל	הֶבְדֵּל	35
30	טעמים	טעם	Masc	Plur	טְעָמִים	טַעַם	69
42	כמות	כמות	Fem	Sing	כַּמוּת	כַּמוּת	54
6	כדורים	כדור	Masc	Plur	כַּדוּרִים	כַּדוּר	25
1	פירת	פירה	Fem	Sing	פֵּיְרַת	פִּירָה	1
12	גודל	גודל	Masc	Sing	גּוֹדֶל	גּוֹדֶל	12
3	ספירה	ספירה	Fem	Sing	סְפִירָה	סְפִירָה	3
4	תחינה	תחינה	Fem	Sing	תְּחִינָּה	תְּחִינָּה	4
1	מדוכני	מדוכן	Masc	Plur	מְדוּכָנִי	מַדּוּכָן	1
14	זקנים	זקן	Masc	Plur	זְקֵנִים	זָּקֵן	14
2	פל	פל	Masc	Sing	פָּל	פָּל	2
1	סקנים	סקן	Masc	Plur	סְקָנִים	סְקָן	1
51	זוג	זוג	Masc	Sing	זוּג	זוּג	75
17	תמונה	תמונה	Fem	Sing	תְּמוּנָה	תְּמוּנָה	39
3	צילומי	צילום	Masc	Plur	צִּילּוּמִי	צִּילּוּם	16
16	כתבות	כתבה	Fem	Plur	כַּתָּבוֹת	כָּתְבָה	52
3	עיתונות	עיתונות	Fem	Sing	עִיתּוֹנוּת	עִיתּוֹנוּת	3
14	מסגרת	מסגרת	Fem	Sing	מִסְגֶּרֶת	מִסְגֶּרֶת	21
1	קרות	קרות	Fem	Plur	קָּרוֹת	קָּרוֹת	1
95	תודה	תודה	Fem	Sing	תּוֹדָה	תּוֹדָה	95
2	תיקים	תיק	Masc	Plur	תִּיקִים	תִּיק	11
1	ציור	ציור	Masc	Sing	צִּיוּר	צִּיוּר	1
1	מנורת	מנורה	Fem	Sing	מְנוֹרֶת	מְנוֹרָה	1
1	נאון	נאון	Masc	Sing	נָאוֹן	נָאוֹן	1
5	גר	גר	Masc	Sing	גָּר	גָּר	6
1	חיפאים	חיפאי	Masc	Plur	חִיפָּאִים	חִיפָּאִי	1
50	ילד	ילד	Masc	Sing	יֶלֶד	יֶלֶד	283
7	מסלול	מסלול	Masc	Sing	מַסְלוּל	מַסְלוּל	9
7	רצף	רצף	Masc	Sing	רֶצֶף	רֶצֶף	7
2	מסה	מסה	Fem	Sing	מַסָּה	מַסָּה	2
30	אבא	אבא	Masc	Sing	אַבָּא	אַבָּא	30
1	קליינט	קליינט	Masc	Sing	קְלַיְינְט	קְלַיְינְט	2
1	מוניטין	מוניטין	Masc	Sing	מוֹנִיטִין	מוֹנִיטִין	1
2	עיסה	עיסה	Fem	Sing	עִיסָּה	עִיסָּה	6
3	תערובת	תערובת	Fem	Sing	תַּעֲרוֹבֶת	תַּעֲרוֹבֶת	3
2	קונספט	קונספט	Masc	Sing	קוֹנְסֵפְט	קוֹנְסֵפְט	2
1	קציצה	קציצה	Fem	Sing	קְצִיצָה	קְצִיצָה	1
3	קבלת	קבלה	Fem	Sing	קַבָּלַת	קַבָּלָה	8
19	סוגים	סוג	Masc	Plur	סוּגִים	סוּג	83
15	איכות	איכות	Fem	Sing	אֵיכוּת	אֵיכוּת	15
45	בת	בת	Fem	Sing	בַּת	בַּת	67
2	אמבה	אמבה	Fem	Sing	אַמְבָּה	אַמְבָּה	2
39	טעם	טעם	Masc	Sing	טַעַם	טַעַם	69
2	הזקנים	הזקן	Masc	Plur	הַזְּקֵנִים	הַזָּקֵן	2
31	אמא	אמא	Fem	Sing	אִמָּא	אִמָּא	31
1	סקטור	סקטור	Masc	Sing	סֶּקְטוֹר	סֶּקְטוֹר	1
1	וועז	ועז	Masc	Sing	וָועַז	וְעַז	1
3	שלט	שלט	Masc	Sing	שֶׁלֶט	שֶׁלֶט	6
25	תחום	תחום	Masc	Sing	תְּחוּם	תְּחוּם	27
11	מפעל	מפעל	Masc	Sing	מִפְעָל	מִפְעָל	22
2	קרמיקה	קרמיקה	Fem	Sing	קַרְמִיקָה	קַרְמִיקָה	2
6	קריית	קריה	Fem	Sing	קִרְיַית	קִרְיָה	6
1	זביבה	זביבה	Fem	Sing	זְּבִיבָה	זְּבִיבָה	1
1	סכנים	סכן	Masc	Plur	סַכָּנִים	סַכֵּן	1
9	כאב	כאב	Masc	Sing	כְּאֵב	כְּאֵב	11
8	סוד	סוד	Masc	Sing	סוֹד	סוֹד	11
2	פרסומת	פרסומת	Fem	Sing	פִּרְסוֹמֶת	פִּרְסוֹמֶת	2
21	כניסה	כניסה	Fem	Sing	כְּנִיסָה	כְּנִיסָה	21
28	שירות	שירות	Masc	Sing	שֵּׁירוּת	שֵּׁירוּת	46
1	דדי	דדי	Masc	Sing	דָּדִי	דָּדִי	1
8	קוחות	קוח	Masc	Plur	קוֹחוֹת	קוֹחַ	8
1	היחס	היחס	Masc	Sing	הַיַּחַס	הַיַּחַס	1
35	חוויה	חוויה	Fem	Sing	חֲוָויָה	חֲוָויָה	47
4	נות	נות	Fem	Sing	נוֹת	נוֹת	4
8	לוחות	לוח	Masc	Plur	לוּחוֹת	לוּחַ	19
10	דם	דם	Masc	Sing	דָּם	דָּם	12
1	ענינים	ענין	Masc	Plur	עִנְיָנִים	עִנְיָן	1
2	עגבניה	עגבניה	Fem	Sing	עַגְבָנִיָּה	עַגְבָנִיָּה	2
18	שוק	שוק	Masc	Sing	שׁוּק	שׁוּק	19
2	ברז	ברז	Masc	Sing	בֶּרֶז	בֶּרֶז	2
13	קשיים	קושי	Masc	Plur	קְשָׁיִים	קוֹשִׁי	49
4	זמנות	זמנות	Fem	Plur	זְמַנּוֹת	זְמַנּוֹת	4
1	קליינטים	קליינט	Masc	Plur	קְלַיְינְטִים	קְלַיְינְט	2
8	חניה	חנייה	Fem	Sing	חֲנָיָה	חֲנָיָיה	9
3	שיחת	שיחה	Fem	Sing	שִִׂיחַת	שִִׂיחָה	68
17	תנאים	תנאי	Masc	Plur	תְּנָאִים	תְּנַאי	21
2	השגרה	השגרה	Fem	Sing	הַשִּׁגְרָה	הַשִּׁגְרָה	2
1	ילה	ילה	Masc	Sing	יָלָה	יָלָה	1
38	לילה	לילה	Masc	Sing	לַיְלָה	לַיְלָה	40
3	קליפות	קליפה	Fem	Plur	קְלִיפּוֹת	קְלִיפָה	3
5	אבנים	אבן	Fem	Plur	אֲבָנִים	אֶבֶן	13
1	מכורת	מכורה	Fem	Sing	מַכּוֹרֶת	מְכוּרָה	1
11	תבלינים	תבלין	Masc	Plur	תַּבְלִינִים	תַּבְלִין	12
1	ירק	ירק	Masc	Sing	יָרָק	יָרָק	4
31	תהליך	תהליך	Masc	Sing	תַּהֲלִיךְ	תַּהֲלִיךְ	37
2	מיום	מיום	Masc	Sing	מִיּוֹם	מִיּוֹם	2
2	תאים	תא	Masc	Plur	תָּאִים	תָּא	5
12	אחי	אח	Masc	Sing	אָחִי	אָח	44
3	מדד	מדד	Masc	Sing	מַדָּד	מַדָּד	3
12	תנועה	תנועה	Fem	Sing	תְּנוּעָה	תְּנוּעָה	16
3	כנות	כנות	Fem	Sing	כֵּנוּת	כֵּנוּת	3
3	משמרת	משמרת	Fem	Sing	מִשְׁמֶרֶת	מִשְׁמֶרֶת	5
1	טריות	טריה	Fem	Plur	טָּרִיּוֹת	טִרְיָה	1
3	יחידים	יחיד	Masc	Plur	יְחִידִים	יָחִיד	3
15	גב	גב	Masc	Sing	גַּב	גַּב	15
1	צ'יפסר	צ'יפסר	Masc	Sing	צִ'יפְסֶר	צִ'יפְסֶר	1
3	גז	גז	Masc	Sing	גַּז	גַּז	3
6	פירורים	פירור	Masc	Plur	פֵּיְרוּרִים	פֵּיְרוּר	7
8	ריח	ריח	Masc	Sing	רֵיחַ	רֵיחַ	8
1	שרוף	שרוף	Masc	Sing	שָׂרוּף	שָׂרוּף	1
38	מערכת	מערכת	Fem	Sing	מַעֲרֶכֶת	מַעֲרֶכֶת	47
4	נשימה	נשימה	Fem	Sing	נְשִׁימָה	נְשִׁימָה	4
42	גוף	גוף	Masc	Sing	גּוּף	גּוּף	47
5	עצות	עצות	Fem	Plur	עֵצוֹת	עֵצוֹת	5
3	עסקי	עסק	Masc	Plur	עִסְקִי	עֵסֶק	49
54	מחיר	מחיר	Masc	Sing	מְחִיר	מְחִיר	90
1	תגון	תגון	Masc	Sing	תָּגוּן	תָּגוּן	1
1	רוף	רוף	Masc	Sing	רוּף	רוּף	1
2	סלט	סלט	Masc	Sing	סָּלָט	סָּלָט	8
13	בטן	בטן	Fem	Sing	בֶּטֶן	בֶּטֶן	13
2	פלף	פלף	Masc	Sing	פְּלָף	פְּלָף	2
8	ש₪	ש₪	Masc	Sing	ש₪	ש₪	8
2	למנה	למנה	Masc	Sing	לְמָנָה	לְמָנָה	2
1	גרוש	גרוש	Masc	Sing	גָּרוּשׁ	גָּרוּשׁ	1
1	נקנקיה	נקנקיה	Fem	Sing	נַקְנַקְיָה	נַקְנַקְיָה	2
11	שדה	שדה	Masc	Sing	שָׂדֶה	שָׂדֶה	16
22	תעופה	תעופה	Fem	Sing	תְּעוּפָה	תְּעוּפָה	22
2	לחמניה	לחמניה	Fem	Sing	לַחְמָנִיָּה	לַחְמָנִיָּה	2
1	חרדל	חרדל	Masc	Sing	חַרְדָּל	חַרְדָּל	1
1	קטצ'ופ	קטצ'וף	Masc	Sing	קַטְצ'וֹפּ	קַטְצ'וֹף	1
5	בצל	בצל	Masc	Sing	בָּצֵל	בָּצֵל	5
25	כלום	כלום	Masc	Sing	כְּלוּם	כְּלוּם	25
12	שק	שק	Masc	Sing	שַּׂק	שַּׂק	13
3	גיוני	גיון	Masc	Sing	גִּיוֹנִי	גִּיוֹן	5
6	שקית	שקית	Fem	Sing	שַּׂקִית	שַּׂקִית	6
6	גרם	גרם	Masc	Sing	גָּרַם	גָּרַם	6
2	מנת	מנה	Fem	Sing	מְנַת	מָנָה	31
1	חלבון	חלבון	Masc	Sing	חֶלְבּוֹן	חֶלְבּוֹן	1
3	לשעות	לשע	Fem	Plur	לְשָׁעוֹת	לְשַּׁע	3
8	שכן	שכן	Masc	Sing	שֶׁכֵּן	שֶׁכֵּן	20
6	הדלת	הדלה	Fem	Sing	הַדֶּלֶת	הַדַּלָּה	6
12	אים	אים	Masc	Sing	אַיָּם	אַיָּם	12
1	פלכנים	פלכן	Masc	Plur	פַּלְכָנִים	פָּלְכָן	1
13	כבוד	כבוד	Masc	Sing	כָּבוֹד	כָּבוֹד	13
3	כף	כף	Fem	Sing	כַּף	כַּף	10
5	היד	היד	Fem	Sing	הַיָּד	הַיָּד	5
1	תוכן	תוכן	Masc	Sing	תּוֹכֶן	תּוֹכֶן	16
13	חוצה	חוצה	Fem	Sing	חוּצָה	חוּצָה	13
3	רצונ	רצון	Masc	Sing	רָצוֹנ	רָצוֹן	19
1	מזמנ	מזמן	Masc	Sing	מִזְּמַנ	מִזְּמַן	1
21	תגובות	תגובה	Fem	Plur	תְּגוּבוֹת	תְּגוּבָה	28
6	ערות	ערות	Fem	Plur	עֵרוֹת	עֵרוֹת	6
4	הצעות	הצעה	Fem	Plur	הַצָּעוֹת	הַצָּעָה	13
15	מייל	מייל	Masc	Sing	מַּיְיל	מַּיְיל	18
3	מקווה	קיווה	Masc	Sing	מְקַוֶּוה	קִיוָוה	3
24	שלום	שלום	Masc	Sing	שָׁלוֹם	שָׁלוֹם	43
1	ארב	ארב	Masc	Sing	אָרַב	אָרַב	1
5	נוער	נוער	Masc	Sing	נוֹעַר	נוֹעַר	5
11	סיכון	סיכון	Masc	Sing	סִּיכּוּן	סִּיכּוּן	11
1	מכיתה	מכיתה	Fem	Sing	מִכִּיתָה	מִכִּיתָה	1
5	עד	עד	Masc	Sing	עַד	עַד	6
7	מסגרות	מסגרת	Fem	Plur	מִסְגְּרוֹת	מִסְגֶּרֶת	21
28	חינוך	חינוך	Masc	Sing	חִינּוּךְ	חִינּוּךְ	28
3	הגעה	הגעה	Fem	Sing	הַגָּעָה	הַגָּעָה	7
2	מוסד	מוסד	Masc	Sing	מוֹסָד	מוֹסָד	4
1	שנשינים	שנשין	Masc	Plur	שְַׁנְשִׁינִים	שַׁנָּשִׁין	1
3	קומונה	קומונה	Fem	Sing	קוֹמוּנָה	קוֹמוּנָה	3
8	תקופות	תקופה	Fem	Plur	תְּקוּפוֹת	תְּקוּפָה	88
108	חיים	חיים	Masc	Plur	חַיִים	חַיִים	123
8	תאריך	תאריך	Masc	Sing	תַּאֲרִיךְ	תַּאֲרִיךְ	13
10	גיוס	גיוס	Masc	Sing	גִּיוּס	גִּיוּס	10
1	מבית	מבית	Masc	Sing	מִבַּיִת	מִבַּיִת	1
14	מרפסת	מרפסת	Fem	Sing	מִרְפֶּסֶת	מִרְפֶּסֶת	15
2	מגורי	מגורים	Masc	Plur	מְגוּרִי	מְגוּרִים	4
6	שיער	שיער	Masc	Sing	שַּׂיַעַר	שַּׂיַעַר	6
5	בגדי	בגד	Masc	Plur	בִּגְדֵּי	בֶּגֶּד	18
1	לוכלכים	לוכלך	Masc	Plur	לוּכְלָכִים	לוּכְלַךְ	1
1	ג'וינטים	ג'וינט	Masc	Plur	ג'וֹיְנְטִים	ג'וֹיְנְט	1
2	סבב	סבב	Masc	Sing	סַבָּב	סַבָּב	3
16	הפסקה	הפסקה	Fem	Sing	הַפְּסָקָה	הַפְּסָקָה	22
22	בנות	בת	Fem	Plur	בָּנוֹת	בַּת	67
5	גרעין	גרעין	Masc	Sing	גַּרְעִין	גַּרְעִין	6
1	גדש	גדש	Masc	Sing	גָּדָשׁ	גָּדָשׁ	1
15	פינה	פינה	Fem	Sing	פִּינָּה	פִּינָּה	19
4	כרטיסי	כרטיס	Masc	Plur	כַּרְטִיסִי	כַּרְטִיס	28
43	טיסה	טיסה	Fem	Sing	טִּיסָה	טִּיסָה	71
1	אלקטרונים	אלקטרון	Masc	Plur	אֶלֶקְטְרוֹנִים	אֶלֶקְטְרוֹן	1
1	מנייר	מנייר	Masc	Sing	מִנְּיָיר	מִנְּיָיר	1
4	סוכנות	סוכנות	Fem	Sing	סוֹכְנוּת	סוֹכְנוּת	4
4	נסיעות	נסיעה	Fem	Plur	נְסִיעוֹת	נְסִיעָה	22
6	הזמנה	הזמנה	Fem	Sing	הַזְמָנָה	הַזְמָנָה	8
7	כרטיסים	כרטיס	Masc	Plur	כַּרְטִיסִים	כַּרְטִיס	28
3	דואר	דואר	Masc	Sing	דּוֹאַר	דּוֹאַר	3
58	שעות	שעה	Fem	Plur	שָׁעוֹת	שָׁעָה	111
5	ישיבה	ישיבה	Fem	Sing	יְשִׁיבָה	יְשִׁיבָה	7
3	סידורים	סידור	Masc	Plur	סִּידּוּרִים	סִּידּוּר	7
19	קניות	קנייה	Fem	Plur	קְנִיּוֹת	קְנִיָּיה	21
1	קולב	קולב	Masc	Sing	קוֹלָב	קוֹלָב	1
1	איסוף	איסוף	Masc	Sing	אִיסּוּף	אִיסּוּף	1
2	כביסה	כביסה	Fem	Sing	כְּבִיסָה	כְּבִיסָה	2
2	דייט	דייט	Masc	Sing	דֵּיְיט	דֵּיְיט	4
2	פאב	פאב	Masc	Sing	פָּאב	פָּאב	2
3	מצאים	מצאי	Masc	Plur	מְצָאִים	מְצָאִי	3
9	מיטה	מיטה	Fem	Sing	מִיטָּה	מִיטָּה	9
38	רוח	רוח	Fem	Sing	רוּחַ	רוּחַ	45
11	שפות	שפה	Fem	Plur	שָׂפוֹת	שָׂפָה	106
16	דלת	דלת	Fem	Sing	דֶּלֶת	דֶּלֶת	22
2	חדרים	חדר	Masc	Plur	חֲדָרִים	חֶדֶר	42
24	בוטנים	בוטן	Masc	Plur	בּוֹטְנִים	בּוּטָּן	24
7	הספה	הספה	Fem	Sing	הַסַּפָּה	הַסַּפָּה	7
3	בירות	בירה	Fem	Plur	בִּירוֹת	בִּירָה	14
5	אושר	אושר	Masc	Sing	אוּשַּׁר	אוּשַּׁר	5
17	כרטיס	כרטיס	Masc	Sing	כַּרְטִיס	כַּרְטִיס	28
3	בקבוקים	בקבוק	Masc	Plur	בַּקְבּוּקִים	בַּקְבּוּק	4
1	ארונית	ארונית	Fem	Sing	אֲרוֹנִית	אֲרוֹנִית	1
4	מגירה	מגירה	Fem	Sing	מְגֵּיְרָה	מְגֵּיְרָה	4
3	שלוק	שלוק	Masc	Sing	שְׁלוּק	שְׁלוּק	3
11	בירה	בירה	Fem	Sing	בִּירָה	בִּירָה	14
59	חופש	חופש	Masc	Sing	חוֹפֶשׁ	חוֹפֶשׁ	60
2	עיתיות	עיתיות	Fem	Plur	עִיתִּיוֹת	עִיתִּיוֹת	2
48	חודש	חודש	Masc	Sing	חוֹדֶשׁ	חוֹדֶשׁ	93
9	מאנשים	מאנש	Masc	Plur	מֵאֲנָשִׁים	מַאֲנָשׁ	9
1	טרקטורים	טרקטור	Masc	Plur	טְרַקְטוֹרִים	טְּרַקְטוֹר	3
1	הוד	הוד	Masc	Sing	הוֹד	הוֹד	1
3	עידן	עידן	Masc	Sing	עִידָּן	עִידָּן	3
3	מיילים	מייל	Masc	Plur	מַיְילִים	מַּיְיל	18
1	קצרה	קצר	Fem	Sing	קְצָרָה	קָצָר	1
12	חוויות	חוויה	Fem	Plur	חֲוָויוֹת	חֲוָויָה	47
5	אתרים	אתר	Masc	Plur	אֲתָרִים	אֲתָר	40
1	חורשת	חורשת	Fem	Sing	חוּרְשֶׁת	חוּרְשֶׁת	1
25	עצים	עץ	Masc	Plur	עֵצִים	עֵץ	41
4	זווית	זווית	Fem	Sing	זָּוִוית	זָּוִוית	4
12	יער	יער	Masc	Sing	יַעַר	יַעַר	12
1	סלעים	סלע	Masc	Plur	סְלָעִים	סֶלַע	2
1	כותרת	כותרת	Fem	Sing	כּוֹתֶרֶת	כּוֹתֶרֶת	2
1	בריחת	בריחה	Fem	Sing	בְּרִיחַת	בְּרִיחָה	1
6	שחיה	שחייה	Fem	Sing	שְִׂחִיָּה	שְׂחִיָּיה	9
1	אפקטים	אפקט	Masc	Plur	אֵפֶקְטִים	אֵפֶקְט	3
1	ריזורט	ריזורט	Masc	Sing	רִיזוֹרְט	רִיזוֹרְט	1
14	מסיבות	מסיבה	Fem	Plur	מְסִיבּוֹת	מִסִּיבָּה	27
7	בדיחה	בדיחה	Fem	Sing	בְּדִיחָה	בְּדִיחָה	7
76	עצם	עצם	Masc	Sing	עֶצֶם	עֶצֶם	86
27	שחרור	שחרור	Masc	Sing	שִׁחְרוּר	שִׁחְרוּר	27
6	מפקד	מפקד	Masc	Sing	מְפַקֵּד	מְפַקֵּד	14
1	קבע	קבע	Masc	Sing	קֶבַע	קֶבַע	1
33	חודשים	חודש	Masc	Plur	חוֹדָשִׁים	חוֹדֶשׁ	93
45	שלב	שלב	Masc	Sing	שָׁלָב	שָׁלָב	52
3	ביתה	ביתה	Fem	Sing	בֵּיְתָה	בֵּיְתָה	3
8	תיק	תיק	Masc	Sing	תִּיק	תִּיק	11
9	נשק	נשק	Masc	Sing	נֶשֶׁק	נֶשֶׁק	10
6	השיחה	השיחה	Fem	Sing	הַשִִּׂיחָה	הַשִִּׂיחָה	6
5	החלט	החלט	Masc	Sing	הֶחְלֵט	הֶחְלֵט	5
2	סור	סור	Masc	Sing	סוּר	סוּר	2
8	ניגוד	ניגוד	Masc	Sing	נִיגּוּד	נִיגּוּד	8
1	נפלית	נפלית	Fem	Sing	נִפְלִית	נִפְלִית	1
2	לשפה	לשפה	Fem	Sing	לַשָּׂפָה	לַשָּׂפָה	2
9	קליטה	קליטה	Fem	Sing	קְלִיטָה	קְלִיטָה	10
33	מרכז	מרכז	Masc	Sing	מֶרְכָּז	מֶרְכָּז	37
27	נקודה	נקודה	Fem	Sing	נְקוּדָּה	נְקוּדָּה	44
1	קרבה	קרבה	Fem	Sing	קִרְבָה	קִרְבָה	1
2	ויזה	ויזה	Fem	Sing	וִיזָה	וִיזָה	2
17	תיירים	תייר	Masc	Plur	תַּיָּירִים	תַּיָּיר	17
2	טייל	טייל	Masc	Sing	טַיֵּיל	טַיֵּיל	2
1	גרנד	גרנד	Masc	Sing	גְּרַנְד	גְּרַנְד	1
4	קניון	קניון	Masc	Sing	קַנְיוֹן	קַנְיוֹן	4
7	מוצרי	מוצר	Masc	Plur	מוּצָרִי	מוּצָּר	43
1	קוסמטיקה	קוסמטיקה	Fem	Sing	קוֹסְמָטִיקָה	קוֹסְמָטִיקָה	1
1	עגלות	עגלה	Fem	Plur	עֲגָלוֹת	עֲגָלָה	6
3	מרכזי	מרכז	Masc	Plur	מֶרְכָּזִי	מֶרְכָּז	37
1	פרוצי	פרוץ	Masc	Plur	פְּרוּצִי	פָּרוּץ	1
1	מעבירי	מעביר	Masc	Plur	מַעֲבִירִי	מַעֲבִיר	1
10	דירות	דירה	Fem	Plur	דִּירוֹת	דִּירָה	26
4	עיקרון	עיקרון	Masc	Sing	עִיקָּרוֹן	עִיקָּרוֹן	4
2	מזומן	מזומן	Masc	Sing	מְזוּמָּן	מְזוּמָּן	3
2	אישורים	אישור	Masc	Plur	אִישּׁוּרִים	אִישּׁוּר	13
2	עונת	עונה	Fem	Sing	עוֹנַת	עוֹנָה	10
10	מכירות	מכירה	Fem	Plur	מְכִירוֹת	מַכִּירָה	19
1	הוזה	הוזה	Fem	Sing	הוֹזֶה	הוֹזֶה	1
1	רשויות	רשות	Fem	Plur	רָשׁוּיוֹת	רְשׁוּת	9
22	חוק	חוק	Masc	Sing	חוֹק	חוֹק	33
1	פושטות	פושטה	Fem	Plur	פּוֹשְׁטוּת	פּוּשְּׁטָה	1
13	שמות	שם	Masc	Plur	שֵׁמוֹת	שָׁם	165
15	בעלים	בעלים	Masc	Plur	בְּעָלִים	בְּעָלִים	15
1	אזיקים	אזיקים	Masc	Plur	אֲזִיקִים	אֲזִיקִים	1
2	גירוש	גירוש	Masc	Sing	גֵּיְרוּשׁ	גֵּיְרוּשׁ	2
23	מקסיק	מקסיק	Masc	Sing	מֶקְסִיק	מֶקְסִיק	23
2	רדת	רדת	Fem	Sing	רֶדֶת	רֶדֶת	2
9	חגיגה	חגיגה	Fem	Sing	חֲגִיגָה	חֲגִיגָה	13
2	אמריקאים	אמריקני	Masc	Plur	אָמֵרִיקָאִים	אָמֵרִיקָנִי	2
14	תופעה	תופעה	Fem	Sing	תּוֹפָעָה	תּוֹפָעָה	18
1	מאסר	מאסר	Masc	Sing	מַאֲסָר	מַאֲסָר	1
8	ארצות	ארץ	Fem	Plur	אֲרָצוֹת	אֶרֶץ	138
10	ברית	ברית	Fem	Sing	בְּרִית	בְּרִית	10
4	הבנה	הבנה	Fem	Sing	הֲבָנָה	הֲבָנָה	14
4	פופולריות	פופולריות	Fem	Sing	פּוֹפּוּלָרִיּוּת	פּוֹפּוּלָרִיּוּת	4
6	דור	דור	Masc	Sing	דָּוֹר	דָּוֹר	8
6	בובה	בובה	Fem	Sing	בּוּבָּה	בּוּבָּה	8
1	מורדים	מורד	Masc	Plur	מוֹרְדִים	מוֹרֵד	1
1	ימד	ימד	Masc	Sing	יָמַד	יָמַד	1
1	ארגנטינאיות	ארגנטינאיות	Fem	Plur	אַרְגֶּנְטִינָאִיּוֹת	אַרְגֶּנְטִינָאִיּוֹת	1
3	סדרת	סדרה	Fem	Sing	סִּדְרַת	סִּדְרָה	35
1	אנימציה	אנימציה	Fem	Sing	אָנִימַצְיָה	אָנִימַצְיָה	1
3	זהב	זהב	Masc	Sing	זָהָב	זָהָב	3
3	פתיח	פתיח	Masc	Sing	פָּתִיחַ	פָּתִיחַ	3
6	ערוץ	ערוץ	Masc	Sing	עֲרוּץ	עֲרוּץ	24
31	טלוויזיה	טלוויזיה	Fem	Sing	טֵלֵוִויזְיָה	טֵלֵוִויזְיָה	31
9	דרישות	דרישה	Fem	Plur	דְּרִישׁוֹת	דְּרִישָׁה	12
1	ברירות	ברירות	Fem	Plur	בְּרֵירוּת	בְּרֵירוּת	1
1	עלילת	עלילה	Fem	Sing	עֲלִילַת	עֲלִילָה	4
1	הפתקאותי	הפתקא	Fem	Plur	הַפְתָּקָאוֹתַי	הַפִּתְקָא	1
6	נער	נער	Masc	Sing	נַעַר	נַעַר	17
4	אבי	אב	Masc	Sing	אָבִי	אָב	12
4	מציאת	מציאה	Fem	Sing	מְצִיאַת	מְצִיאָה	4
3	הרי	הר	Masc	Plur	הֲרֵי	הַר	20
15	עבודות	עבודה	Fem	Plur	עֲבוֹדוֹת	עֲבוֹדָה	214
1	קונדור	קונדור	Masc	Sing	קוֹנְדּוֹר	קוֹנְדּוֹר	1
1	מזהב	מזהב	Masc	Sing	מֻזְהָב	מֻזְהָב	1
12	שמיים	שמיים	Masc	Plur	שָׁמַיִים	שָׁמַיִים	15
14	ידי	יד	Fem	Plur	יָדִי	יָד	40
1	אנרגיית	אנרגיה	Fem	Sing	אֵנֶרְגִּיַּית	אֵנֶרְגִּיָּה	15
18	שמש	שמש	Fem	Sing	שֶׁמֶשׁ	שֶׁמֶשׁ	18
1	תליונים	תליון	Masc	Plur	תִּלְיוֹנִים	תִּלְיוֹן	1
2	צווא	צווא	Masc	Sing	צַּוָוא	צַּוָוא	2
5	תבי	תב	Masc	Plur	תָּבִי	תָּב	5
1	בצע	בצע	Masc	Sing	בֶּצַע	בֶּצַע	1
3	קטעים	קטע	Masc	Plur	קְטָעִים	קֶטַע	35
4	סברים	סבר	Masc	Plur	סְבָרִים	סֵבֶר	8
1	פזמון	פזמון	Masc	Sing	פִּזְמוֹן	פִּזְמוֹן	1
3	מכר	מכר	Masc	Sing	מַכָּר	מַכָּר	4
9	מסך	מסך	Masc	Sing	מָסָךְ	מָסָךְ	9
1	זרעים	זרע	Masc	Plur	זְרָעִים	זֶּרַע	3
1	נובות	נוב	Fem	Plur	נוּבּוֹת	נוֹב	1
47	שיר	שיר	Masc	Sing	שִׁיר	שִׁיר	82
8	רדיו	רדיו	Masc	Sing	רַדְיוֹ	רַדְיוֹ	8
1	אופק	אופק	Masc	Sing	אוֹפֶק	אוֹפֶק	2
2	יבשת	יבשת	Fem	Sing	יַבֶּשֶׁת	יַבֶּשֶׁת	3
4	פס	פס	Masc	Sing	פַּס	פַּס	4
13	ספק	ספק	Masc	Sing	סָפֵק	סָפֵק	18
37	תפקיד	תפקיד	Masc	Sing	תַּפְקִיד	תַּפְקִיד	48
27	משמעות	משמעות	Fem	Sing	מַשְׁמָעוּת	מַשְׁמָעוּת	30
34	עלייה	עלייה	Fem	Sing	עֲלִיָּיה	עֲלִיָּיה	42
99	מדינות	מדינה	Fem	Plur	מְדִינוֹת	מְדִינָה	306
1	חותם	חותם	Masc	Sing	חוֹתָם	חוֹתָם	1
1	צברים	צבר	Masc	Plur	צְּבָרִים	צֶּבֶּר	1
1	שירי	שיר	Masc	Plur	שִׁירֵי	שִׁיר	82
9	מנטליות	מנטליות	Fem	Sing	מֶנְטָלִיּוֹת	מֶנְטָלִיּוֹת	9
2	געגועים	געגוע	Masc	Plur	גַּעְגּוּעִים	גַּעְגּוּעַ	2
37	לימודים	לימודים	Masc	Plur	לִימּוּדִים	לִימּוּדִים	42
9	אפשרויות	אפשרות	Fem	Plur	אֶפְשָׁרוּיוֹת	אֶפְשָׁרוּת	18
13	אופציה	אופציה	Fem	Sing	אוֹפְּצִיָּה	אוֹפְּצִיָּה	18
1	טרקים	טרק	Masc	Plur	טְרָקִים	טֶּרֶק	3
2	הוסטלים	הוסטל	Masc	Plur	הוֹסְטֵלִים	הוֹסְטֵל	8
6	פני	פנים	Fem,Masc	Plur	פָּנַי	פָּנִים	27
8	קיצור	קיצור	Masc	Sing	קִיצּוּר	קִיצּוּר	8
3	מוח	מוח	Masc	Sing	מוֹחַ	מוֹחַ	4
5	אוהל	אוהל	Masc	Sing	אוֹהֶל	אוֹהֶל	5
1	נקנקיות	נקנקיה	Fem	Plur	נַקְנַקִיּוֹת	נַקְנַקְיָה	2
1	שוריפן	שוריפן	Masc	Sing	שׁוּרִיפָן	שׁוּרִיפָן	1
26	אלכוהול	אלכוהול	Masc	Sing	אַלְכּוֹהוֹל	אַלְכּוֹהוֹל	26
51	מסעדה	מסעדה	Fem	Sing	מִסְעָדָה	מִסְעָדָה	83
1	סטקים	סטק	Masc	Plur	סְטָקִים	סְטֵק	1
6	ויכוח	ויכוח	Masc	Sing	וִיכּוּחַ	וִיכּוּחַ	17
2	ג'יפ	ג'יף	Masc	Sing	גִּ'יפּ	גִּ'יף	2
2	קרחון	קרחון	Masc	Sing	קַרְחוֹן	קַרְחוֹן	2
1	זופ	זוף	Masc	Sing	זוֹפּ	זוּף	1
7	חופים	חוף	Masc	Plur	חוֹפִים	חוֹף	23
1	טיזינג	טיזינג	Masc	Sing	טִיזִינְג	טִיזִינְג	1
2	טרק	טרק	Masc	Sing	טֶּרֶק	טֶּרֶק	3
3	השיחות	השיחות	Fem	Plur	הַשִִּׂיחוֹת	הַשִִּׂיחוֹת	3
5	ספרדית	ספרדית	Fem	Sing	סְפָרַדִית	סְפָרַדִית	5
1	מועמדים	מועמד	Masc	Plur	מוּעֲמָדִים	מוּעֲמָד	2
6	ניצחון	ניצחון	Masc	Sing	נִיצָּחוֹן	נִיצָּחוֹן	6
9	מערכות	מערכת	Fem	Plur	מַעֲרָכוֹת	מַעֲרֶכֶת	47
9	יחסים	יחס	Masc	Plur	יְחָסִים	יַחַס	18
1	חורות	חור	Fem	Plur	חוֹרוֹת	חוֹר	17
1	מדאין	מדאין	Masc	Sing	מַדְאִין	מַדְאִין	1
1	אדושיה	אדושיה	Fem	Sing	אֲדוֹשְׁיָה	אֲדוֹשְׁיָה	1
1	יריבות	יריבה	Fem	Plur	יְרִיבוּת	יְרִיבָה	1
4	מבטע	מבטע	Masc	Sing	מִבְּטַע	מִבְּטַע	4
9	יכולת	יכולת	Fem	Sing	יְכוֹלֶת	יְכוֹלֶת	12
1	פופקורן	פופקורן	Masc	Sing	פּוֹפְקוֹרְן	פּוֹפְקוֹרְן	1
17	שבועות	שבוע	Masc	Plur	שָׁבוּעוֹת	שָׁבוּעַ	113
8	כיבוץ	כיבוץ	Masc	Sing	כִּיבּוּץ	כִּיבּוּץ	8
77	תחרות	תחרות	Fem	Sing	תַּחֲרוּת	תַּחֲרוּת	91
23	מטיילים	מטייל	Masc	Plur	מְטַיְּילִים	מְטַיֵּיל	27
12	התחרות	התחרה	Fem	Sing	הִתְחָרוּת	הִתְחָרָה	14
2	מתמודדים	מתמודד	Masc	Plur	מִתְמוֹדְדִים	מִתְמוֹדֵד	2
73	מילה	מילה	Fem	Sing	מִילָּה	מִילָּה	147
3	פיר	פיר	Masc	Sing	פִּיר	פִּיר	4
2	שופט	שופט	Masc	Sing	שׁוֹפֵּט	שׁוֹפֵּט	23
12	חור	חור	Masc	Sing	חוֹר	חוֹר	17
4	דובר	דובר	Masc	Sing	דּוֹבֵּר	דּוֹבֵּר	7
1	שוט	שוט	Masc	Sing	שׁוֹט	שׁוֹט	1
2	ציפיה	ציפיה	Fem	Sing	צִּיפְּיָה	צִּיפְּיָה	2
4	עצבים	עצב	Masc	Plur	עֲצַבִּים	עֶצֶב	9
24	סופ	סוף	Masc	Sing	סוֹפ	סוֹף	143
1	הוכוז	הוכוז	Masc	Sing	הוּכּוּז	הוּכּוּז	1
30	שאלות	שאלה	Fem	Plur	שְׁאֵלוֹת	שְׁאֵלָה	94
1	פורטוג	פורטוג	Masc	Sing	פּוֹרְטוּג	פּוֹרְטוּג	1
14	תחרויות	תחרות	Fem	Plur	תַּחֲרוּיוֹת	תַּחֲרוּת	91
1	הקלטה	הקלטה	Fem	Sing	הַקְּלָטָה	הַקְּלָטָה	4
13	קרן	קרן	Fem	Sing	קֶרֶן	קֶרֶן	13
6	גן	גן	Masc	Sing	גַּן	גַּן	17
15	מבט	מבט	Masc	Sing	מַבָּט	מַבָּט	16
1	אדרום	אדרום	Masc	Sing	אַדְרוֹם	אַדְרוֹם	1
84	אופן	אופן	Masc	Sing	אוֹפֶן	אוֹפֶן	84
1	טורניר	טורניר	Masc	Sing	טוּרְנִיר	טוּרְנִיר	1
14	מחשבה	מחשבה	Fem	Sing	מַחֲשָׁבָה	מַחֲשָׁבָה	19
17	ביקור	ביקור	Masc	Sing	בִּיקּוּר	בִּיקּוּר	17
1	סצנת	סצנה	Fem	Sing	סְצֵנַת	סְצֵנָה	2
9	מסע	מסע	Masc	Sing	מַסָּע	מַסָּע	9
25	חנות	חנות	Fem	Sing	חֲנוּת	חֲנוּת	33
4	מטייל	מטייל	Masc	Sing	מְטַיֵּיל	מְטַיֵּיל	27
12	באר	באר	Fem	Sing	בְּאֵר	בְּאֵר	12
3	מעשה	מעשה	Masc	Sing	מַעֲשֶׂה	מַעֲשֶׂה	9
7	מטרים	מטר	Masc	Plur	מֶטְרִים	מֶטֶר	20
9	משקל	משקל	Masc	Sing	מִשְׁקָל	מִשְׁקָל	9
3	דגש	דגש	Masc	Sing	דָּגֵשׁ	דָּגֵשׁ	3
4	מטה	מטה	Masc	Sing	מַטָּה	מַטָּה	4
1	משקולות	משקולת	Fem	Plur	מִשְׁקוֹלוֹת	מִשְׁקוֹלֶת	1
1	מזרונית	מזרונית	Fem	Sing	מִזְּרוֹנִית	מִזְּרוֹנִית	1
5	מזרון	מזרון	Masc	Sing	מִזְרוֹן	מִזְרוֹן	5
2	יצים	יץ	Masc	Plur	יַצִּים	יָץ	2
2	שט	שט	Masc	Sing	שָׁט	שָׁט	2
5	סניף	סניף	Masc	Sing	סְנִיף	סְנִיף	6
1	אידום	אידום	Masc	Sing	אִידוֹם	אִידוֹם	1
3	בחירת	בחירה	Fem	Sing	בְּחִירַת	בְּחִירָה	8
8	ציוד	ציוד	Masc	Sing	צִּיוּד	צִּיוּד	8
6	מכור	מכור	Masc	Sing	מָכוּר	מָכוּר	7
71	דוגמה	דוגמה	Fem	Sing	דּוּגְמָה	דּוּגְמָה	93
2	שלג	שלג	Masc	Sing	שֶׁלֶג	שֶׁלֶג	3
24	שטח	שטח	Masc	Sing	שֶׁטַח	שֶׁטַח	25
11	אח	אח	Masc	Sing	אָח	אָח	44
1	שג	שג	Masc	Sing	שָׂג	שָׂג	1
1	טיסתה	טיסתה	Fem	Sing	טִיסָתָהּ	טִיסָתָהּ	1
18	פרטים	פרט	Masc	Plur	פְּרָטִים	פְּרָט	22
3	טיפים	טיף	Masc	Plur	טִיפִים	טִּיף	5
7	רוחות	רוח	Fem	Plur	רוּחוֹת	רוּחַ	45
1	טרמפים	טרמפי	Fem	Plur	טְרֶמְפִּים	טְרֶמְפִּי	1
1	איסלנדים	איסלנד	Masc	Plur	אִיסְלַנְדִּים	אִיסְלַנְד	1
1	קונסנזוס	קונסנזוס	Masc	Sing	קוֹנְסֶנְזוּס	קוֹנְסֶנְזוּס	1
22	בני	בן	Masc	Plur	בְּנֵי	בֶּן	126
21	כיתה	כיתה	Fem	Sing	כִּיתָּה	כִּיתָּה	21
26	מקרים	מקרה	Masc	Plur	מִקְרִים	מִקְרֶה	95
104	מצב	מצב	Masc	Sing	מַצָּב	מַצָּב	109
4	חופשות	חופשה	Fem	Plur	חוּפְשׁוֹת	חוּפְשָׁה	45
12	הסיבה	הסיבה	Fem	Sing	הַסִּיבָּה	הַסִּיבָּה	12
4	זמינות	זמין	Fem	Sing	זְמִינוּת	זָּמִין	4
27	טיסות	טיסה	Fem	Plur	טִּיסוֹת	טִּיסָה	71
64	חברות	חברה	Fem	Plur	חֲבָרוֹת	חֶבְרָה	221
1	לוקוסט	לוקוסט	Masc	Sing	לוֹקוּסְט	לוֹקוּסְט	1
1	גיחה	גיחה	Fem	Sing	גִּיחָה	גִּיחָה	2
13	בסיס	בסיס	Masc	Sing	בָּסִיס	בָּסִיס	13
11	לוח	לוח	Masc	Sing	לוּחַ	לוּחַ	19
1	לכוסט	לכוסט	Masc	Sing	לְכּוֹסְט	לְכּוֹסְט	1
9	יעדים	יעד	Masc	Plur	יְעָדִים	יַעַד	13
33	מחירים	מחיר	Masc	Plur	מְחִירִים	מְחִיר	90
2	מטל	מטל	Masc	Sing	מַטֵּל	מַטֵּל	3
35	חול	חול	Masc	Sing	חוֹל	חוֹל	35
1	התנסא	התנסא	Masc	Sing	הִתְנַסֵּא	הִתְנַסֵּא	1
1	פקטור	פקטור	Masc	Sing	פֶּקְטוֹר	פֶּקְטוֹר	1
141	מלחמה	מלחמה	Fem	Sing	מִלְחָמָה	מִלְחָמָה	155
2	שייה	שייה	Fem	Sing	שִׁיָּיה	שִׁיָּיה	2
16	רצון	רצון	Masc	Sing	רָצוֹן	רָצוֹן	19
72	ביטוי	ביטוי	Masc	Sing	בִּיטּוּי	בִּיטּוּי	107
4	לוחמים	לוחם	Masc	Plur	לוֹחֲמִים	לוֹחֵם	7
1	מסלולים	מסלול	Masc	Plur	מַסְלוּלִים	מַסְלוּל	9
1	שטיול	שטיול	Masc	Sing	שִׁטִיּוּל	שִׁטִיּוּל	1
3	בזבוז	בזבוז	Masc	Sing	בִּזְבּוּז	בִּזְבּוּז	3
1	סתייה	סתייה	Fem	Sing	סְתָיָיה	סְתָיָיה	1
1	לוגרים	לוגר	Masc	Plur	לוֹגְרִים	לוֹגֵּר	5
7	פעולה	פעולה	Fem	Sing	פְּעוּלָּה	פְּעוּלָּה	12
4	מחשב	מחשב	Masc	Sing	מַחְשֵׁב	מַחְשֵׁב	6
4	תרמיל	תרמיל	Masc	Sing	תַּרְמִיל	תַּרְמִיל	4
1	השתקעות	השתקעות	Fem	Sing	הִשְׁתַּקְּעוּת	הִשְׁתַּקְּעוּת	1
1	וגרת	וגרה	Fem	Sing	וְגֶּרֶת	וְגָּרָה	1
9	פועל	פועל	Masc	Sing	פּוֹעֵל	פּוֹעֵל	11
12	קילומטרים	קילומטר	Masc	Plur	קִילוֹמֶטְרִים	קִילוֹמֶטֶר	15
6	תכנון	תכנון	Masc	Sing	תִּכְנוּן	תִּכְנוּן	6
1	תוכ	תוך	Masc	Sing	תּוֹכ	תּוֹךְ	1
11	חודשיים	חודש	Masc	Dual	חוֹדְשַּׁיִים	חוֹדֶשׁ	93
1	חודשתות	חודשתות	Fem	Plur	חוּדְשָׁתוֹת	חוּדְשָׁתוֹת	1
1	סמסטרים	סמסטר	Masc	Plur	סֵמֶסְטְרִים	סֵּמֶסְטֵר	1
1	עדינות	עדין	Fem	Sing	עֲדִינוּת	עָדִין	1
11	כיסא	כיסא	Masc	Sing	כִּיסֵּא	כִּיסֵּא	16
2	מדף	מדף	Masc	Sing	מַדָּף	מַדָּף	8
5	ספרי	ספר	Masc	Plur	סִפְרֵי	סֵפֶר	112
1	אתלס	אתלס	Masc	Sing	אַתְּלְס	אַתְּלְס	1
1	אבק	אבק	Masc	Sing	אָבָק	אָבָק	1
2	מפות	מפה	Fem	Plur	מַפּוֹת	מִפֹּה	12
6	משאית	משאית	Fem	Sing	מַשָּׂאִית	מַשָּׂאִית	7
3	דוד	דוד	Masc	Sing	דָּוִד	דָּוִד	13
1	תיקי	תיק	Masc	Plur	תִּיקִי	תִּיק	11
2	בננה	בננה	Fem	Sing	בָּנָנָה	בָּנָנָה	2
9	גבול	גבול	Masc	Sing	גְּבוּל	גְּבוּל	19
2	הסכמה	הסכמה	Fem	Sing	הַסְכָּמָה	הַסְכָּמָה	6
1	הרפתקה	הרפתקה	Fem	Sing	הַרְפַתְקָה	הַרְפַתְקָה	1
2	תכנן	תיכנן	Masc	Sing	תִּכְנֵן	תִּיכְנֵן	2
6	סבא	סבא	Masc	Sing	סַבָּא	סַבָּא	7
5	סבתא	סבתא	Fem	Sing	סָּבְתָא	סָּבְתָא	5
1	מוייטנם	מוייטן	Masc	Plur	מַוְיְיטְנָם	מַוְיְיטֶן	1
12	עזרת	עזרה	Fem	Sing	עֶזְרַת	עֶזְרָה	35
5	צ'אט	צ'אט	Masc	Sing	צָ'אט	צָ'אט	5
12	שינויים	שינוי	Masc	Plur	שִׁינּוּיִים	שִׁינּוּי	52
40	שינוי	שינוי	Masc	Sing	שִׁינּוּי	שִׁינּוּי	52
6	אינסטגרם	אינסטגרם	Fem	Sing	אִינְסְטַגְרַם	אִינְסְטַגְרַם	6
1	התאמות	התאמה	Fem	Plur	הַתְּאָמוֹת	הַתְּאָמָה	3
2	מטן	מטן	Masc	Sing	מַטִן	מַטִן	2
3	נעליים	נעל	Fem	Plur	נַעֲלַיִים	נַעַל	12
4	נעלי	נעל	Fem	Plur	נַעֲלֵי	נַעַל	12
1	דרכון	דרכון	Masc	Sing	דַּרְכּוֹן	דַּרְכּוֹן	3
4	מתן	מתן	Masc	Sing	מַתָּן	מַתָּן	4
21	טוס	טס	Masc	Sing	טוּס	טָס	21
14	כיף	כיף	Masc	Sing	כֵּיְף	כֵּיְף	14
2	צלילים	צליל	Masc	Plur	צְּלִילִים	צְּלִיל	2
1	טרמינל	טרמינל	Masc	Sing	טֶּרְמִינָל	טֶּרְמִינָל	1
1	צ'יפי	צ'יף	Masc	Sing	צִּ'יפִּי	צִּ'יף	1
6	הוסטל	הוסטל	Masc	Sing	הוֹסְטֵל	הוֹסְטֵל	8
2	מסמכים	מסמך	Masc	Plur	מִסְמָכִים	מִסְמָךְ	3
13	דף	דף	Masc	Sing	דַּף	דַּף	14
1	סדגיל	סדגיל	Masc	Sing	סַדְגִּיל	סַדְגִּיל	1
8	למשהו	למשהו	Masc	Sing	לְמַשֶּׁהוּ	לְמַשֶּׁהוּ	8
1	מיל	מיל	Masc	Sing	מִיל	מִיל	1
23	שבועיים	שבוע	Masc	Dual	שְׁבוּעַיִים	שָׁבוּעַ	113
16	אנשי	איש	Masc	Plur	אַנְשֵׁי	אִישׁ	730
27	מקצוע	מקצוע	Masc	Sing	מִקְצוֹעַ	מִקְצוֹעַ	29
1	מיתוג	מיתוג	Masc	Sing	מִיתוֹג	מִיתוֹג	1
1	לקים	לקים	Masc	Plur	לָקִים	לָקִים	1
65	חברת	חברה	Fem	Sing	חֶבְרַת	חֶבְרָה	221
2	גורל	גורל	Masc	Sing	גּוֹרָל	גּוֹרָל	2
30	אירועים	אירוע	Masc	Plur	אֵירוּעִים	אֵירוּעַ	81
1	מזק	מזק	Masc	Sing	מַזָּק	מַזָּק	1
11	שידור	שידור	Masc	Sing	שִׁידּוּר	שִׁידּוּר	11
1	חי	חי	Masc	Sing	חַי	חַי	1
2	תאומים	תאום	Masc	Plur	תְּאוֹמִים	תָּאוֹם	2
17	מטוסים	מטוס	Masc	Plur	מְטוֹסִים	מָטוֹס	48
19	בניין	בניין	Masc	Sing	בִּנְיָין	בִּנְיָין	23
4	זכר	זכר	Masc	Sing	זֵכֶר	זֵכֶר	4
27	מטוס	מטוס	Masc	Sing	מָטוֹס	מָטוֹס	48
23	דקות	דקה	Fem	Plur	דַּקּוֹת	דַּקָּה	30
2	דסק	דסק	Masc	Sing	דֶּסֶק	דֶּסֶק	2
1	רד	רד	Masc	Sing	רֵד	רֵד	1
1	ברמתגן	ברמתגן	Masc	Sing	בְּרַמְתְגֶּן	בְּרַמְתְגֶּן	1
1	אופנוע	אופנוע	Masc	Sing	אוֹפַּנּוֹעַ	אוֹפַּנּוֹעַ	1
1	מזקן	מזקן	Masc	Sing	מַזְקֵן	מַזְקֵן	1
2	חומרים	חומר	Masc	Plur	חוֹמָרִים	חוֹמֶר	17
1	ג'וב	ג'וב	Masc	Sing	ג'וֹב	ג'וֹב	1
2	קשב	קשב	Masc	Sing	קֶשֶׁב	קֶשֶׁב	3
51	התחלה	התחלה	Fem	Sing	הַתְּחָלָה	הַתְּחָלָה	52
2	משמרות	משמרת	Fem	Plur	מִשְׁמָרוֹת	מִשְׁמֶרֶת	5
1	נחשול	נחשול	Masc	Sing	נַחְשׁוֹל	נַחְשׁוֹל	1
3	קריירה	קריירה	Fem	Sing	קַרְיֵירָה	קַרְיֵירָה	4
5	עבוד	עבוד	Masc	Sing	עָבוֹד	עָבוֹד	6
2	גמולוגיה	גמולוגיה	Fem	Sing	גֵּמוֹלוֹגְיָה	גֵּמוֹלוֹגְיָה	2
26	יהלומים	יהלום	Masc	Plur	יַהֲלוֹמִים	יַהֲלוֹם	45
8	קורס	קורס	Masc	Sing	קוּרְס	קוּרְס	11
7	אבן	אבן	Fem	Sing	אֶבֶן	אֶבֶן	13
1	רובי	רובי	Masc	Plur	רוּבִּי	רוּבִּי	1
1	למלכת	למלכה	Fem	Sing	לַמַּלְכַּת	לַמַּלְכָּה	1
2	כתר	כתר	Masc	Sing	כֶּתֶּר	כֶּתֶּר	2
4	מדריך	מדריך	Masc	Sing	מַדְרִיךְ	מַדְרִיךְ	6
3	רובים	רובה	Masc	Plur	רוֹבִים	רוֹבֶה	4
6	מכרות	מכרה	Fem	Plur	מָכְרוֹת	מָכְרָה	8
15	שיעור	שיעור	Masc	Sing	שִׁיעוּר	שִׁיעוּר	74
3	כולי	כול	Masc	Sing	כּוּלִּי	כּוֹל	221
11	לאגן	לאגן	Masc	Sing	לְאַגָּן	לְאַגָּן	11
4	מאפיות	מאפיה	Fem	Plur	מַאֲפִיּוֹת	מַאֲפִיָּה	4
1	עבריינים	עבריין	Masc	Plur	עֲבַרְיָינִים	עֲבַרְיָין	1
23	עניינים	עניין	Masc	Plur	עִנְיָינִים	עִנְיָין	123
1	אר	אר	Masc	Sing	אֵר	אֵר	1
24	דולר	דולר	Masc	Sing	דּוֹלָר	דּוֹלָר	30
15	חלום	חלום	Masc	Sing	חֲלוֹם	חֲלוֹם	17
1	אופלים	אופל	Masc	Plur	אוֹפְלִים	אוֹפֶּל	3
2	אופל	אופל	Masc	Sing	אוֹפֶּל	אוֹפֶּל	3
3	חן	חן	Masc	Sing	חֵן	חֵן	3
3	צבע	צבע	Masc	Sing	צֶּבַע	צֶּבַע	11
8	צבעים	צבע	Masc	Plur	צְּבָעִים	צֶּבַע	11
1	טורפים	טורף	Masc	Plur	טוֹרְפִים	טוֹרֵף	7
1	הופלים	הופל	Masc	Plur	הוּפְּלִים	הוּפַּל	1
1	פעל	פעל	Masc	Sing	פָּעַל	פָּעַל	3
3	דרישה	דרישה	Fem	Sing	דְּרִישָׁה	דְּרִישָׁה	12
3	מינוס	מינוס	Masc	Sing	מִינוּס	מִינוּס	3
1	פערי	פער	Masc	Plur	פַּעֲרִי	פַּעַר	8
2	רווח	רווח	Masc	Sing	רֶוַוח	רֶוַוח	3
3	חישובים	חישוב	Masc	Plur	חִישּׁוּבִים	חִישּׁוּב	7
8	סמים	סם	Masc	Plur	סַּמִים	סַּם	8
4	אב	אב	Masc	Sing	אָב	אָב	12
42	חבר	חבר	Masc	Sing	חָבֵר	חָבֵר	137
9	שותף	שותף	Masc	Sing	שׁוּתָּף	שׁוּתָּף	12
1	שיגיל	שיגיל	Masc	Sing	שֶׁיָגִיל	שֶׁיָגִיל	1
141	סיפור	סיפור	Masc	Sing	סִּיפּוּר	סִּיפּוּר	171
1	חצית	חצית	Fem	Sing	חָצִית	חָצִית	1
13	סכום	סכום	Masc	Sing	סְכוּם	סְכוּם	18
5	רקע	רקע	Masc	Sing	רֶקַע	רֶקַע	5
1	תפנית	תפנית	Fem	Sing	תַּפְנִית	תַּפְנִית	1
2	אתי	אתי	Fem	Sing	אִתִּי	אִתִּי	2
1	אבני	אבן	Fem	Plur	אַבְּנֵי	אֶבֶן	13
7	חורה	חורה	Fem	Sing	חוֹרָה	חוֹרָה	7
14	אישה	איש	Fem	Sing	אִישָּׁה	אִישׁ	730
13	הר	הר	Masc	Sing	הַר	הַר	20
2	הקמת	הקמה	Fem	Sing	הֲקָמַת	הֲקָמָה	3
15	גובה	גובה	Masc	Sing	גּוֹבַהּ	גּוֹבַהּ	15
5	מות	מוות	Masc	Sing	מוֹת	מָּוֶות	7
30	מלא	מלא	Masc	Sing	מָלֵא	מָלֵא	30
25	תרבות	תרבות	Fem	Sing	תַּרְבּוּת	תַּרְבּוּת	29
14	טבע	טבע	Masc	Sing	טֶּבַע	טֶּבַע	14
5	טורף	טורף	Masc	Sing	טוֹרֵף	טוֹרֵף	7
5	ג'ונגל	ג'ונגל	Masc	Sing	ג'וֹנְגֶּל	ג'וֹנְגֶּל	5
3	אוכלוסיה	אוכלוסיה	Fem	Sing	אוּכְלוּסְיָה	אוּכְלוּסְיָה	3
2	בקטע	בקטע	Masc	Sing	בְּקֶטַע	בְּקֶטַע	2
2	מגן	מגן	Masc	Sing	מָגֵן	מָגֵן	2
1	מטיל	הטיל	Masc	Sing	מֵטִיל	הֵטִיל	1
1	לינה	לינה	Fem	Sing	לִינָה	לִינָה	1
1	קטר	קטר	Masc	Sing	קַטָּר	קַטָּר	1
25	ביקורת	ביקורת	Fem	Sing	בִּיקּוֹרֶת	בִּיקּוֹרֶת	33
23	עזרה	עזרה	Fem	Sing	עֶזְרָה	עֶזְרָה	35
2	שועם	שועם	Masc	Sing	שׁוֹעַם	שׁוֹעַם	2
5	אסון	אסון	Masc	Sing	אָסוֹן	אָסוֹן	5
17	וואטסאפ	וואטסאפ	Masc	Sing	וָואטְסַאפּ	וָואטְסַאפּ	17
1	מטלים	מטל	Masc	Plur	מַטָּלִים	מַטֵּל	3
1	גועתמה	גועתמה	Fem	Sing	גּוֹעַתְמָה	גּוֹעַתְמָה	1
2	חילוץ	חילוץ	Masc	Sing	חִילּוּץ	חִילּוּץ	2
35	כוח	כוח	Masc	Sing	כּוֹחַ	כּוֹחַ	51
1	צרה	צרה	Fem	Sing	צָּרָה	צָּרָה	2
104	סדר	סדר	Masc	Sing	סֵּדֶר	סֵּדֶר	105
36	מכוניות	מכונית	Fem	Plur	מְכוֹנִיּוֹת	מְכוֹנִית	67
2	מחינה	מחינה	Fem	Sing	מְחִינָה	מְחִינָה	2
1	תרמילאים	תרמילאי	Masc	Plur	תַּרְמִילָאִים	תַּרְמִילַאי	1
4	קצה	קצה	Masc	Sing	קָצֶה	קָצֶה	5
46	תוכנית	תוכנית	Fem	Sing	תּוֹכְנִית	תּוֹכְנִית	73
8	טווח	טווח	Masc	Sing	טְוָוח	טְוָוח	8
1	הווה	הווה	Masc	Sing	הָוָוה	הָוָוה	1
1	תאוששים	תאושש	Masc	Plur	תְּאוֹשְׁשִׁים	תְּאוֹשֵׁשׁ	1
1	צ'ופה	צ'ופה	Masc	Sing	צ'וֹפָה	צ'וֹפָה	1
4	אורז	אורז	Masc	Sing	אוֹרֶז	אוֹרֶז	4
3	ירקות	ירק	Masc	Plur	יְרָקוֹת	יָרָק	4
33	בשר	בשר	Masc	Sing	בָּשָׂר	בָּשָׂר	33
2	פרור	פרור	Masc	Sing	פְּרוֹר	פְּרוֹר	2
2	סינים	סינה	Masc	Plur	סִּינִים	סִּינָה	2
1	פירועני	פירוען	Masc	Sing	פֵּירוּעָנִי	פֵּיְרוּעָן	1
2	מרכיבים	מרכיב	Masc	Plur	מַרְכִּיבִים	מַרְכִּיב	2
1	נודלס	נודלס	Masc	Sing	נוֹדְלֶס	נוֹדְלֶס	1
7	סוב	סוב	Masc	Sing	סוֹב	סוֹב	7
6	שעתיים	שעה	Fem	Dual	שָׁעָתַיִם	שָׁעָה	111
1	עיירה	עיירה	Fem	Sing	עֲיָירָה	עֲיָירָה	1
1	פירור	פירור	Masc	Sing	פֵּיְרוּר	פֵּיְרוּר	7
1	היילייטים	היילייט	Masc	Plur	הֶיְילַיְיטִים	הֶיְילֵיְיט	1
7	מגיל	מגיל	Masc	Sing	מִגִּיל	מִגִּיל	8
13	אמ	אם	Fem	Sing	אִמ	אִם	27
2	נופים	נוף	Masc	Plur	נוֹפִים	נוֹף	6
1	דביקי	דביק	Masc	Plur	דָּבִיקִי	דָּבִיק	1
24	הכל	הכול	Masc	Sing	הַכֹּל	הַכּוֹל	24
8	הכרח	הכרח	Masc	Sing	הֶכְרֵחַ	הֶכְרֵחַ	8
2	מתכונת	מתכונת	Fem	Sing	מַתְכּוֹנֶת	מַתְכּוֹנֶת	2
2	ריבים	ריב	Masc	Plur	רִיבִים	רִיב	4
1	יכוחים	יכוח	Masc	Plur	יְכוּחִים	יָכוּחַ	1
48	סופר	סופר	Masc	Sing	סוֹפֵּר	סוֹפֵּר	59
5	זל	זל	Masc	Sing	זַל	זַל	5
16	דירה	דירה	Fem	Sing	דִּירָה	דִּירָה	26
18	הזדמנות	הזדמנות	Fem	Sing	הִזְדַמְּנוּת	הִזְדַמְּנוּת	19
1	גיחות	גיחה	Fem	Plur	גִּיחוֹת	גִּיחָה	2
1	ייסורי	ייסורים	Masc	Plur	יִיסּוּרִי	יִיסּוּרִים	1
1	מצפון	מצפון	Masc	Sing	מַצְפּוּן	מַצְפּוּן	1
17	איזשהיא	איזשהיא	Fem	Sing	אֵיזֶשְׁהִיא	אֵיזֶשְׁהִיא	17
2	לוחם	לוחם	Masc	Sing	לוֹחֵם	לוֹחֵם	7
9	יחידה	יחידה	Fem	Sing	יְחִידָה	יְחִידָה	18
1	קצינה	קצינה	Fem	Sing	קְצִינָה	קְצִינָה	1
1	עשי	עש	Masc	Sing	עָשִׁי	עָשׁ	1
25	שנייה	שנייה	Fem	Sing	שְׁנִיָּיה	שְׁנִיָּיה	28
4	נשום	נשום	Masc	Sing	נָשׁוּם	נָשׁוּם	4
4	מורכבות	מורכבות	Fem	Sing	מוּרְכָּבוֹת	מוּרְכָּבוֹת	4
1	קהילתיות	קהילתיות	Fem	Plur	קְהִילָּתִיּוּת	קְהִילָּתִיּוּת	1
28	מסעדות	מסעדה	Fem	Plur	מִסְעָדוֹת	מִסְעָדָה	83
3	חזרת	חזרה	Fem	Sing	חָזַרְתָּ	חָזְרָה	34
54	חתופים	חתוף	Masc	Plur	חֲתוּפִים	חָתוּף	54
11	חיבור	חיבור	Masc	Sing	חִיבּוּר	חִיבּוּר	12
13	סיטואציה	סיטואציה	Fem	Sing	סִּיטוּאַצְיָה	סִּיטוּאַצְיָה	14
1	חיבורים	חיבור	Masc	Plur	חִיבּוּרִים	חִיבּוּר	12
1	טייפקאסט	טייפקאסט	Masc	Sing	טֶיְיפְקַאסְט	טֶיְיפְקַאסְט	1
22	עבר	עבר	Masc	Sing	עָבַר	עָבַר	23
2	רומי	רומי	Masc	Plur	רוֹמִי	רוֹמִי	2
4	ניתוק	ניתוק	Masc	Sing	נִיתּוּק	נִיתּוּק	4
2	טוויטר	טוויטר	Masc	Sing	טְוִויטֶר	טְוִויטֶר	2
6	מצלמה	מצלמה	Fem	Sing	מַצְלֵמָה	מַצְלֵמָה	16
1	טעד	טעד	Masc	Sing	טַעַד	טַעַד	1
8	צילום	צילום	Masc	Sing	צִּילּוּם	צִּילּוּם	16
6	עיית	עייה	Fem	Sing	עָיַית	עָיָיה	6
31	טלגרם	טלגרם	Masc	Sing	טֵלֶגְרָם	טֵלֶגְרָם	31
5	מרכאות	מרכא	Fem	Plur	מֶרְכָּאוֹת	מֶרְכָּא	5
1	עריכה	עריכה	Fem	Sing	עֲרִיכָה	עֲרִיכָה	1
92	חברה	חברה	Fem	Sing	חֶבְרָה	חֶבְרָה	221
1	שאירת	שאירה	Fem	Sing	שְׁאִירַת	שְׁאִירָה	1
12	אופי	אופי	Masc	Sing	אוֹפִי	אוֹפִי	12
11	מלונות	מלון	Masc	Plur	מְלוֹנוֹת	מָלוֹן	30
2	קבוקים	קבוק	Masc	Plur	קְבוּקִים	קַבּוּק	4
1	בוסטים	בוסט	Masc	Plur	בּוֹסְטִים	בּוֹסְט	1
6	הרגע	הרגע	Masc	Sing	הָרֶגַע	הָרֶגַע	6
1	יעדי	יעד	Masc	Plur	יַעֲדִי	יַעַד	13
1	פוקוס	פוקוס	Masc	Sing	פּוֹקוּס	פּוֹקוּס	1
27	תוכניות	תוכנית	Fem	Plur	תּוֹכְנִיּוֹת	תּוֹכְנִית	73
2	אומרי	אומר	Masc	Plur	אוֹמְרִי	אוֹמֵר	2
2	טוחה	טוחה	Fem	Sing	טוֹחָה	טוֹחָה	2
24	כיוון	כיוון	Masc	Sing	כִּיוּוּן	כִּיוּוּן	31
12	טוח	טוח	Masc	Sing	טוּחַ	טוּחַ	15
1	עיתונה	עיתונה	Fem	Sing	עִיתּוֹנָה	עִיתּוֹנָה	1
1	הפעם	הפעם	Fem	Sing	הַפַּעַם	הַפַּעַם	1
7	מחויבות	מחויבות	Fem	Sing	מְחוּיָּבוּת	מְחוּיָּבוּת	7
4	לבן	לבן	Masc	Sing	לָבָן	לָבָן	4
2	חוות	חווה	Fem	Sing	חַוּוֹת	חַוָּוָה	8
7	החלטות	החלטה	Fem	Plur	הַחְלָטוֹת	הַחְלָטָה	24
16	חום	חום	Masc	Sing	חוֹם	חוֹם	16
1	לקצי	לקץ	Masc	Plur	לִקְצִי	לְקֵץ	1
1	פספסים	פספס	Masc	Plur	פַּסְפָסִים	פַּסְפָּס	1
2	הודעת	הודעה	Fem	Sing	הוֹדָעַת	הוֹדָעָה	43
3	שוואות	שוואה	Fem	Plur	שְׁוֹוְאוֹת	שְׁוֹוְאָה	4
4	אשראי	אשראי	Masc	Sing	אַשְׁרַאי	אַשְׁרַאי	4
1	סיסמה	סיסמה	Fem	Sing	סִּיסְמָה	סִּיסְמָה	1
1	וואיפיי	וואיפי	Masc	Sing	וָואִיפַיי	וָואִיפִי	1
10	הבדלים	הבדל	Masc	Plur	הֶבְדֵּלִים	הֶבְדֵּל	35
2	DNA	DNA	Masc	Sing	DNA	DNA	2
1	סקנה	סקנה	Fem	Sing	סְקָנָה	סְקָנָה	1
7	מענה	מענה	Masc	Sing	מַעֲנֶה	מַעֲנֶה	8
15	סבלנות	סבלנות	Fem	Sing	סַבְלָנוּת	סַבְלָנוּת	15
10	ידע	ידע	Masc	Sing	יֶדַע	יֶדַע	10
1	תערות	תערות	Fem	Sing	תְּעָרוֹת	תְּעָרוֹת	1
1	צאות	צאות	Fem	Plur	צָּאוֹת	צָּאוֹת	1
5	דירוג	דירוג	Masc	Sing	דֵּיְרוּג	דֵּיְרוּג	5
5	טרנד	טרנד	Masc	Sing	טְרֵנְד	טְרֵנְד	5
10	מותג	מותג	Masc	Sing	מוּתָּג	מוּתָּג	12
2	יוקרה	יוקרה	Fem	Sing	יוּקְרָה	יוּקְרָה	2
11	רעש	רעש	Masc	Sing	רַעַשׁ	רַעַשׁ	13
12	אופנה	אופנה	Fem	Sing	אוֹפְנָה	אוֹפְנָה	12
1	נוכלים	נוכלי	Masc	Plur	נוֹכְלִים	נוּכְלִי	1
1	תונות	תונה	Fem	Plur	תּוֹנוֹת	תָּוֹנָה	1
21	גבינות	גבינה	Fem	Plur	גְּבִינוֹת	גְּבִינָה	36
3	צ'דר	צ'דר	Masc	Sing	צֵ'דֶר	צֵ'דֶר	3
28	נשים	איש	Fem	Plur	נָשִׁים	אִישׁ	730
5	התרדות	התרדה	Fem	Sing	הַתְּרָדוּת	הַתְּרָדָה	5
34	רשת	רשת	Fem	Sing	רֶשֶׁת	רֶשֶׁת	52
20	ג'ינס	ג'ינס	Masc	Sing	ג'יֵנְס	ג'יֵנְס	20
2	מכנס	כינס	Masc	Sing	מִכְנָס	כִּינֵּס	2
2	מכנסי	מכנסיים	Masc	Plur	מִכְנְסֵי	מִכְנָסַיִים	10
3	הרגל	הרגל	Masc	Sing	הָרֶגֶל	הָרֶגֶל	3
1	הירך	הירך	Masc	Sing	הַיָּרֵךְ	הַיָּרֵךְ	1
8	מכנסיים	מכנסיים	Masc	Plur	מִכְנָסַיִים	מִכְנָסַיִים	10
25	אתר	אתר	Masc	Sing	אֲתָר	אֲתָר	40
5	יציאה	יציאה	Fem	Sing	יְצִיאָה	יְצִיאָה	12
22	מסורת	מסורת	Fem	Sing	מָסוֹרֶת	מָסוֹרֶת	26
10	גבולות	גבול	Masc	Plur	גְּבוּלוֹת	גְּבוּל	19
3	רבות	רב	Fem	Plur	רַבּוֹת	רַב	5
2	מגיב	הגיב	Masc	Sing	מֵגִיב	הֵגִיב	2
4	חורים	חור	Masc	Plur	חוֹרִים	חוֹר	17
1	ציניות	ציניות	Fem	Sing	צִּינִיּוּת	צִּינִיּוּת	1
2	קטועי	קטוע	Masc	Plur	קְטוּעִי	קָטוּעַ	2
8	רגליים	רגל	Fem	Plur	רַגְלַיִים	רֶגֶל	25
2	דגם	דגם	Masc	Sing	דֶּגֶּם	דֶּגֶּם	4
2	התאמה	התאמה	Fem	Sing	הַתְּאָמָה	הַתְּאָמָה	3
10	מסיבה	מסיבה	Fem	Sing	מִסִּיבָּה	מִסִּיבָּה	27
7	זלזול	זלזול	Masc	Sing	זִלְזוּל	זִלְזוּל	7
14	צחוק	צחוק	Masc	Sing	צְּחוֹק	צְּחוֹק	16
4	עוקבים	עקב	Masc	Plur	עוֹקְבִים	עֵקֶב	10
18	סרטון	סרטון	Masc	Sing	סִּרְטוֹן	סִּרְטוֹן	32
26	חשבון	חשבון	Masc	Sing	חֶשְׁבּוֹן	חֶשְׁבּוֹן	28
2	הטיק	הטיק	Masc	Sing	הַטִּיק	הַטִּיק	2
5	צילומים	צילום	Masc	Plur	צִּילּוּמִים	צִּילּוּם	16
14	טעות	טעות	Fem	Sing	טָעוּת	טָעוּת	23
1	גיונית	גיונית	Fem	Sing	גִּיוֹנִית	גִּיוֹנִית	1
13	סך	סך	Masc	Sing	סַךְ	סַךְ	13
26	חוסר	חוסר	Masc	Sing	חוֹסֶר	חוֹסֶר	27
3	בחורה	בחורה	Fem	Sing	בַּחוּרָה	בַּחוּרָה	3
1	רוחסן	רוחסן	Masc	Sing	רוּחְסָן	רוּחְסָן	1
7	הערה	הערה	Fem	Sing	הֶעָּרָה	הֶעָּרָה	17
6	גבר	גבר	Masc	Sing	גֶּבֶר	גֶּבֶר	22
4	זרימת	זרימה	Fem	Sing	זְּרִימַת	זְּרִימָה	7
10	בגדים	בגד	Masc	Plur	בְּגָדִים	בֶּגֶּד	18
1	אקססורז	אקססורז	Masc	Sing	אֶקְסְסוֹרְז	אֶקְסְסוֹרְז	1
3	יתרונות	יתרון	Masc	Plur	יִתְרוֹנוֹת	יִתְרוֹן	14
20	מזגן	מזגן	Masc	Sing	מַזְגָּן	מַזְגָּן	21
36	רכב	רכב	Masc	Sing	רֶכֶב	רֶכֶב	51
21	אוויר	אוויר	Masc	Sing	אֲוִויר	אֲוִויר	21
2	צביעה	צביעה	Fem	Sing	צְּבִיעָה	צְּבִיעָה	2
4	כנסי	כנס	Masc	Plur	כְּנֵסִי	כֶּנֶס	14
2	עקב	עקב	Masc	Sing	עֵקֶב	עֵקֶב	10
2	משקפי	משקף	Masc	Plur	מִשְׁקְפֵי	מְשַׁקֵּף	3
1	רושם	רושם	Masc	Sing	רוֹשֶׁם	רוֹשֶׁם	1
8	חנויות	חנות	Fem	Plur	חֲנוּיוֹת	חֲנוּת	33
9	עיני	עין	Fem	Plur	עֵינַי	עַיִן	28
15	פתרון	פתרון	Masc	Sing	פִּתְרוֹן	פִּתְרוֹן	22
5	מזג	מזג	Masc	Sing	מֶזֶג	מֶזֶג	5
7	גדים	גד	Masc	Plur	גָּדִים	גַּד	7
3	עננים	ענן	Masc	Plur	עֲנָנִים	עָנָן	3
7	הפך	הפך	Masc	Sing	הָפַךְ	הָפַךְ	8
3	שכבות	שכבה	Fem	Plur	שְׁכָבוֹת	שִׁכְּבָה	6
1	מחום	מחום	Masc	Sing	מֵחוֹם	מֵחוֹם	2
15	לינק	לינק	Masc	Sing	לִינְק	לִינְק	15
2	אינפו	אינפו	Masc	Sing	אֵינְפוֹ	אֵינְפוֹ	2
35	כתבה	כתבה	Fem	Sing	כָּתְבָה	כָּתְבָה	52
1	גניבת	גניבה	Fem	Sing	גְּנֵיבַת	גְּנֵיבָה	2
3	ענק	ענק	Masc	Sing	עֲנָק	עֲנָק	3
3	טונות	טונה	Fem	Plur	טוֹנוֹת	טוֹנָה	3
3	גבינת	גבינה	Fem	Sing	גְּבִינַת	גְּבִינָה	36
3	שדר	שדר	Masc	Sing	שָׁדָר	שָׁדָר	3
4	תרמית	תרמית	Fem	Sing	תַּרְמִית	תַּרְמִית	4
1	גנבים	גנב	Masc	Plur	גַּנָּבִים	גַּנָּב	1
12	גבינה	גבינה	Fem	Sing	גְּבִינָה	גְּבִינָה	36
2	פרה	פרה	Fem	Sing	פָּרָה	פָּרָה	2
5	מחוז	מחוז	Masc	Sing	מָחוֹז	מָחוֹז	5
2	שימושים	שימוש	Masc	Plur	שִׁימּוּשִׁים	שִׁימּוּשׁ	23
1	נש	נש	Masc	Sing	נָשׁ	נָשׁ	1
16	פירות	פרי	Masc	Plur	פֵּיָרוֹת	פְּרִי	19
12	יין	יין	Masc	Sing	יַיִן	יַיִן	12
1	טוסטים	טוסט	Masc	Plur	טוֹסְטִים	טוֹסְט	2
6	מילוי	מילוי	Masc	Sing	מִילּוּי	מִילּוּי	6
1	מאפים	מאפי	Masc	Plur	מַאֲפִים	מַאֲפִי	1
2	פשטידות	פשטידה	Fem	Plur	פַּשְׁטִידוֹת	פַּשְׁטִידָה	2
1	רתבים	רתב	Masc	Plur	רְתָבִים	רָתַב	1
2	פסטות	פסטה	Fem	Plur	פַּסְטוֹת	פַּסְטָה	7
5	קטגוריות	קטגוריה	Fem	Plur	קָטֵגוֹרְיוֹת	קָטֵגוֹרְיָה	8
2	צעירה	צעיר	Fem	Sing	צְּעִירָה	צָּעִיר	27
1	גוון	גוון	Masc	Sing	גָּוֶון	גָּוֶון	2
1	יושנת	יושנה	Fem	Sing	יוּשֶׁנֶת	יוֹשָׁנָה	1
4	מרקם	מרקם	Masc	Sing	מִרְקָם	מִרְקָם	4
1	טקסטורה	טקסטורה	Fem	Sing	טֶקְסְטוּרָה	טֶקְסְטוּרָה	1
1	מרתפים	מרתף	Masc	Plur	מַרְתְפִים	מַרְתֵּף	1
13	חקירה	חקירה	Fem	Sing	חֲקִירָה	חֲקִירָה	15
1	גניבה	גניבה	Fem	Sing	גְּנֵיבָה	גְּנֵיבָה	2
24	שקט	שקט	Masc	Sing	שֶׁקֶט	שֶׁקֶט	24
3	דיירי	דייר	Masc	Plur	דַּיָּירִי	דַּיָּיר	5
4	סיכויים	סיכוי	Masc	Plur	סִּיכּוּיִים	סִּיכּוּי	27
27	משטרה	משטרה	Fem	Sing	מִשְׁטָרָה	מִשְׁטָרָה	27
10	חשוד	חשוד	Masc	Sing	חָשׁוּד	חָשׁוּד	13
1	שמעוניין	שמעוניין	Masc	Sing	שֶׁמְעוּנְיָין	שֶׁמְעוּנְיָין	1
6	תשלום	תשלום	Masc	Sing	תַּשְׁלוּם	תַּשְׁלוּם	6
3	גלגלי	גלגל	Masc	Plur	גַּלְגַּלִּי	גַּלְגַּל	4
1	ארטזניות	ארטזני	Fem	Plur	אַרְטְזָנִיּוֹת	אַרְטְזָנִי	1
1	הליכים	הליך	Masc	Plur	הֲלִיכִים	הֲלִיךְ	1
9	יצור	יצור	Masc	Sing	יְצוּר	יְצוּר	9
13	מוצר	מוצר	Masc	Sing	מוּצָּר	מוּצָּר	43
2	בעלות	בעלות	Fem	Sing	בַּעֲלוּת	בַּעֲלוּת	2
2	שף	שף	Masc	Sing	שַּׁף	שַּׁף	2
3	פרשה	פרשה	Fem	Sing	פָּרָשָׁה	פָּרָשָׁה	3
5	בושה	בושה	Fem	Sing	בּוּשָׁה	בּוּשָׁה	5
2	הפסד	הפסד	Masc	Sing	הֶפְסֵד	הֶפְסֵד	3
2	תמוך	תמוך	Masc	Sing	תָּמוּךְ	תָּמוּךְ	2
1	יצרני	יצרן	Masc	Plur	יַצְרָנִי	יַצְרָן	1
2	משלוחים	משלוח	Masc	Plur	מִשְׁלוֹחִים	מִשְׁלוֹחַ	5
1	אוהבי	אוהב	Masc	Plur	אוֹהֲבִי	אוֹהֵב	1
8	עסקאות	עסקה	Fem	Plur	עִסְקָאוֹת	עִסְקָה	47
1	תביות	תביה	Fem	Plur	תַּבִּיוֹת	תָּבְיָה	1
1	קריאה	קריאה	Fem	Sing	קְרִיאָה	קְרִיאָה	6
1	עוקבי	עוקב	Masc	Plur	עוֹקְבִי	עוֹקֵב	1
18	רשתות	רשת	Fem	Plur	רְשָׁתוֹת	רֶשֶׁת	52
2	דרכה	דרך	Fem	Sing	דַּרְכָּהּ	דֶּרֶךְ	215
15	הודעות	הודעה	Fem	Plur	הוֹדָעוֹת	הוֹדָעָה	43
10	הערות	הערה	Fem	Plur	הֶעָרוֹת	הֶעָּרָה	17
2	מניות	מניה	Fem	Plur	מְנָיוֹת	מָנֶיהָ	4
2	חברתיות	חברתיות	Fem	Plur	חֶבְרָתִיּוֹת	חֶבְרָתִיּוֹת	2
1	מטריד	הטריד	Masc	Sing	מַטְרִיד	הִטְרִיד	2
5	ישראלי	ישראלי	Masc	Sing	יִשְׂרְאֵלִי	יִשְׂרְאֵלִי	65
6	מאבק	מאבק	Masc	Sing	מַאֲבָק	מַאֲבָק	7
1	מניעות	מניעה	Fem	Plur	מְנִיעוֹת	מְנִיעָה	2
3	להורים	להורי	Masc	Plur	לְהוֹרִים	לְהוֹרַי	3
3	דברי	דבר	Masc	Plur	דִּבְרֵי	דָּבָר	551
15	גברים	גבר	Masc	Plur	גְּבָרִים	גֶּבֶר	22
15	תכנים	תוכן	Masc	Plur	תְּכָנִים	תּוֹכֶן	16
12	תחושת	תחושה	Fem	Sing	תְּחוּשְַׁתְּ	תְּחוּשָׁה	43
7	אנונימיות	אנונימיות	Fem	Sing	אָנוֹנִימִיּוּת	אָנוֹנִימִיּוּת	7
7	סכסוך	סכסוך	Masc	Sing	סִּכְסוּךְ	סִּכְסוּךְ	8
1	משפיען	משפיען	Masc	Sing	מַשְׁפִּיעָן	מַשְׁפִּיעָן	1
1	הריב	הריב	Masc	Sing	הָרִיב	הָרִיב	1
18	שיחות	שיחה	Fem	Plur	שִִׂיחוֹת	שִִׂיחָה	68
1	עדכן	עדכן	Masc	Sing	עִדְכָּן	עִדְכָּן	1
2	הפלא	הפלא	Masc	Sing	הֶפְלֵא	הֶפְלֵא	2
3	קרובי	קרוב	Masc	Plur	קְרוֹבִי	קָרוֹב	4
1	לאמא	לאמא	Fem	Sing	לְאִמָּא	לְאִמָּא	1
7	בחור	בחור	Masc	Sing	בָּחוּר	בָּחוּר	7
16	מישהי	מישהו	Fem	Sing	מִישֶׁהִי	מִישֶׁהוּ	115
1	תנוחה	תנוחה	Fem	Sing	תְּנוּחָה	תְּנוּחָה	1
22	דוגמאות	דוגמה	Fem	Plur	דּוּגְמָאוֹת	דּוּגְמָה	93
1	פסיכולוגית	פסיכולוג	Fem	Sing	פְּסִיכוֹלוֹגִית	פְּסִיכוֹלוֹג	2
1	מטפלת	מטפל	Fem	Sing	מְטַפֶּלֶת	מְטַפֵּל	1
1	חשיפת	חשיפה	Fem	Sing	חֲשִׂיפַת	חֲשִׂיפָה	8
1	מטרידים	הטריד	Masc	Plur	מַטְרִידִים	הִטְרִיד	2
22	כלי	כלי	Masc	Sing	כְּלִי	כְּלִי	40
3	סימנים	סימן	Masc	Plur	סִּימָנִים	סִּימָן	14
9	ידיים	יד	Fem	Plur	יָדַיִים	יָד	40
2	מבוכה	מבוכה	Fem	Sing	מְבוּכָה	מְבוּכָה	2
6	שיטה	שיטה	Fem	Sing	שִׁיטָה	שִׁיטָה	14
7	קרב	קרב	Masc	Sing	קְרָב	קְרָב	8
6	מודעות	מודעה	Fem	Plur	מוּדָעוּת	מוֹדָעָה	9
2	חומרת	חומרה	Fem	Sing	חוּמְרַת	חוּמְרָה	2
6	מעשים	מעשה	Masc	Plur	מַעֲשִׂים	מַעֲשֶׂה	9
2	השלכות	השלכה	Fem	Plur	הַשְׁלָכוֹת	הַשְׁלָכָה	2
12	לינקים	לינקי	Masc	Plur	לִינְקִים	לִינְקִי	12
2	ממקור	ממקור	Masc	Sing	מִמָּקוֹר	מִמָּקוֹר	2
8	דילמה	דילמה	Fem	Sing	דִּילְּמָה	דִּילְּמָה	10
12	ארגון	ארגון	Masc	Sing	אִרְגּוּן	אִרְגּוּן	25
17	טרור	טרור	Masc	Sing	טֵּרוֹר	טֵּרוֹר	17
27	ציבור	ציבור	Masc	Sing	צִּיבּוּר	צִּיבּוּר	27
12	פירוש	פירוש	Masc	Sing	פֵּיְרוּשׁ	פֵּיְרוּשׁ	12
24	חטופים	חטוף	Masc	Plur	חֲטוּפִים	חָטוּף	25
1	חרור	חרור	Masc	Sing	חָרוּר	חָרוּר	1
2	דילמת	דילמה	Fem	Sing	דִּילַּמְתְּ	דִּילְּמָה	10
1	הסכמים	הסכם	Masc	Plur	הֶסְכֵּמִים	הֶסְכֵּם	14
49	צד	צד	Masc	Sing	צַּד	צַּד	59
8	וויכוח	ויכוח	Masc	Sing	וִויכּוּחַ	וִיכּוּחַ	17
1	דמד	דמד	Masc	Sing	דֶּמֶד	דֶּמֶד	1
1	כעסים	כעס	Masc	Plur	כְּעָסִים	כַּעַס	5
5	פחדים	פחד	Masc	Plur	פְּחָדִים	פַּחַד	17
10	צדדים	צד	Masc	Plur	צְּדָדִים	צַּד	59
5	דעה	דעה	Fem	Sing	דֵּעָה	דֵּעָה	59
6	הקשבה	הקשבה	Fem	Sing	הַקְשָׁבָה	הַקְשָׁבָה	6
4	הקדמות	הקדמה	Fem	Plur	הַקְדָּמוֹת	הַקְדָּמָה	5
1	מסקר	סיקר	Masc	Sing	מַסְקֵר	סִּיקָר	1
1	דלסית	דלסית	Fem	Sing	דְּלָסִית	דְּלָסִית	1
1	דוקטוברי	דוקטובר	Masc	Plur	דּוֹקְטוֹבְרִי	דּוֹקְטוֹבֶר	1
1	מתקף	מתקף	Masc	Sing	מֶתְקָף	מֶתְקָף	1
3	פתע	פתע	Masc	Sing	פֶּתַע	פֶּתַע	3
17	רצועת	רצועה	Fem	Sing	רְצוּעַת	רְצוּעָה	18
1	מתקפת	מתקפה	Fem	Sing	מִתְקֶפֶת	מִתְקָפָה	24
1	פתא	פתא	Masc	Sing	פֶּתָא	פֶּתָא	1
23	מתקפה	מתקפה	Fem	Sing	מִתְקָפָה	מִתְקָפָה	24
65	חג	חג	Masc	Sing	חַג	חַג	83
7	ארגוני	ארגון	Masc	Plur	אִרְגּוּנִי	אִרְגּוּן	25
10	תושבים	תושב	Masc	Plur	תּוֹשָׁבִים	תּוֹשָׁב	19
4	גילאים	גיל	Masc	Plur	גִּילָאִים	גִּיל	44
16	כוחות	כוח	Masc	Plur	כּוֹחוֹת	כּוֹחַ	51
11	מחבלים	מחבל	Masc	Plur	מְחַבְּלִים	מְחַבֵּל	11
6	זרים	זר	Masc	Plur	זָּרִים	זָּר	6
2	חיילות	חייל	Fem	Plur	חַיָּילוֹת	חַיָּיל	26
14	אזרחים	אזרח	Masc	Plur	אֶזְרָחִים	אֶזְרָח	21
4	תינוקות	תינוק	Masc	Plur	תִּינוֹקוֹת	תִּינוֹק	5
9	פלסטינים	פלסטיני	Masc	Plur	פָּלַסְטִינִים	פָּלַסְטִינִי	9
41	משפחות	משפחה	Fem	Plur	מִשְׁפָּחוֹת	מִשְׁפָּחָה	138
17	השבעה	השבעה	Fem	Sing	הַשִּׁבָּעָה	הַשִּׁבָּעָה	17
2	וודאות	ודאות	Fem	Sing	וַודָּאוּת	וַדָּאוּת	2
2	שחררור	שחררור	Masc	Sing	שְׁחַרְרוּר	שְׁחַרְרוּר	2
1	סכמים	סכם	Masc	Plur	סְכָמִים	סֶּכֶם	2
8	עסקת	עסקה	Fem	Sing	עִסְקַת	עִסְקָה	47
33	חמס	חמס	Masc	Sing	חַמָּס	חַמָּס	33
1	הפצות	הפצה	Fem	Plur	הֲפָצוֹת	הֲפָצָה	1
2	רוגים	רוג	Masc	Plur	רוּגִים	רוּג	2
1	רצועה	רצועה	Fem	Sing	רְצוּעָה	רְצוּעָה	18
3	אויבים	אויב	Masc	Plur	אוֹיְבִים	אוֹיֵב	4
6	ארגונים	ארגון	Masc	Plur	אִרְגּוּנִים	אִרְגּוּן	25
2	חוטים	חוט	Masc	Plur	חוּטִים	חוּט	4
7	משבר	משבר	Masc	Sing	מַשְׁבֵּר	מַשְׁבֵּר	7
12	דלק	דלק	Masc	Sing	דֶּלֶק	דֶּלֶק	13
13	שבי	שבי	Masc	Sing	שֶׁבִּי	שֶׁבִּי	13
3	קונפליקט	קונפליקט	Masc	Sing	קוֹנְפְלִיקְט	קוֹנְפְלִיקְט	4
1	אמפתיה	אמפתיה	Fem	Sing	אֶמְפַּתְיָה	אֶמְפַּתְיָה	1
31	עסקה	עסקה	Fem	Sing	עִסְקָה	עִסְקָה	47
1	מתווכים	מתווך	Masc	Plur	מְתַוְּוכִים	מַתְוָוךְ	1
12	הסכם	הסכם	Masc	Sing	הֶסְכֵּם	הֶסְכֵּם	14
43	לחימה	לחימה	Fem	Sing	לְחִימָה	לְחִימָה	43
6	סירים	סיר	Masc	Plur	סִּירִים	סִּיר	14
1	כנסה	כנסה	Fem	Sing	כְּנָסָה	כְּנָסָה	1
2	סיוע	סיוע	Masc	Sing	סִּיּוּעַ	סִּיּוּעַ	2
12	כלא	כלא	Masc	Sing	כֶּלֶא	כֶּלֶא	12
39	משפט	משפט	Masc	Sing	מִשְׁפָּט	מִשְׁפָּט	44
4	אמהות	אם	Fem	Plur	אִמָּהוֹת	אִם	27
1	תמורתות	תמורת	Fem	Sing	תְּמוּרָתוֹת	תְּמוּרַת	1
8	עשירים	עשיר	Masc	Plur	עֲשִׁירִים	עָשִׁיר	9
2	אזרחות	אזרחה	Fem	Sing	אֶזְרָחוּת	אֶזְרָחָה	2
1	תאילנדים	תאילנד	Masc	Plur	תַּאִילַנְדִּים	תַּאִילַנְד	1
1	פיליפיני	פיליפיני	Masc	Sing	פִּילִיפִינִי	פִּילִיפִינִי	1
1	פסיקו	פסיקו			פְּסִיקוּ	פְּסִיקוּ	1
2	מבצעי	מבצע	Masc	Plur	מִבְצָעִי	מִבְצָע	16
3	גופות	גופה	Fem	Plur	גּוּפוֹת	גּוּפָהּ	7
10	המילה	המילה	Fem	Sing	הַמִּילָּה	הַמִּילָּה	10
1	ידה	ידה	Fem	Sing	יָדָהּ	יָדָהּ	1
4	מבצעים	מבצע	Masc	Plur	מִבְצָעִים	מִבְצָע	16
7	גאווה	גאווה	Fem	Sing	גַּאֲוָוה	גַּאֲוָוה	7
20	שמחה	שמחה	Fem	Sing	שְִׂמֵחָה	שְִׂמֵחָה	25
3	הצלחות	הצלחה	Fem	Plur	הַצְּלָחוֹת	הַצְּלָחָה	25
4	מנהרות	מנהר	Fem	Plur	מִנְּהָרוֹת	מִנְּהָר	5
1	שמירה	שמירה	Fem	Sing	שְׁמִירָה	שְׁמִירָה	1
1	שרשרות	שרשרות	Fem	Plur	שַׁרְשְׁרוּת	שַׁרְשְׁרוּת	1
4	ברזל	ברזל	Masc	Sing	בַּרְזֶל	בַּרְזֶל	4
5	עצב	עצב	Masc	Sing	עֶצֶב	עֶצֶב	9
1	טרגדיה	טרגדיה	Fem	Sing	טְרָגֶדְיָה	טְרָגֶדְיָה	1
1	שמחים	שמח	Masc	Plur	שְׂמֵחִים	שָׂמֵחַ	1
9	רחובות	רחוב	Masc	Plur	רְחוֹבוֹת	רְחוֹב	35
11	כבישים	כביש	Masc	Plur	כְּבִישִׁים	כְּבִישׁ	16
3	הזדהות	הזדהות	Fem	Sing	הִזְדַהוּת	הִזְדַהוּת	3
8	זמרים	זמר	Masc	Plur	זַמָּרִים	זַמָּר	17
3	אומנים	אומן	Masc	Plur	אוֹמָּנִים	אוּמָּן	4
18	הופעות	הופעה	Fem	Plur	הוֹפָעוֹת	הוֹפָּעָה	31
3	סתיים	סתיים	Masc	Sing	סְתַיֵּים	סְתַיֵּים	3
1	מבוגרות	מבוגר	Fem	Plur	מְבוּגָּרוֹת	מְבוּגָּר	11
9	ממשלת	ממשלה	Fem	Sing	מֶמְשֶׁלֶת	מֶמְשָׁלָה	28
32	לחץ	לחץ	Masc	Sing	לַחַץ	לַחַץ	32
1	מלחץ	מלחץ	Masc	Sing	מִלְחָץ	מִלְחָץ	1
1	prשר	prשר	Masc	Sing	Preַּר	Preַּר	1
2	הרוגים	הרוג	Masc	Plur	הֲרוּגִים	הָרוּג	2
3	הרס	הרס	Masc	Sing	הֶרֶס	הֶרֶס	3
8	תמיכה	תמיכה	Fem	Sing	תְּמִיכָה	תְּמִיכָה	8
1	צר	צר	Masc	Sing	צַּר	צַּר	1
2	אשמת	אשמה	Fem	Sing	אַשְׁמַת	אַשְׁמָה	5
2	פשעים	פשע	Masc	Plur	פְּשָׁעִים	פֶּשַׁע	3
1	אנושות	אנושות	Fem	Sing	אֱנוֹשׁוּת	אֱנוֹשׁוּת	1
3	עליה	עלייה	Fem	Sing	עָלֶיהָ	עֲלִיָּיה	42
1	אסירים	אסיר	Masc	Plur	אֲסִירִים	אָסִיר	1
6	מקוד	מקוד	Masc	Sing	מָקוֹד	מָקוֹד	6
1	החזקה	החזקה	Fem	Sing	הַחֲזָקָה	הַחֲזָקָה	1
24	בחינה	בחינה	Fem	Sing	בְּחִינָה	בְּחִינָה	69
1	חטוף	חטוף	Masc	Sing	חָטוּף	חָטוּף	25
4	אזרח	אזרח	Masc	Sing	אֶזְרָח	אֶזְרָח	21
3	חיילת	חייל	Fem	Sing	חַיֶּילֶת	חַיָּיל	26
2	טרוריסטים	טרוריסט	Masc	Plur	טֵרוֹרִיסְטִים	טֵרוֹרִיסְט	2
38	רצח	רצח	Masc	Sing	רֶצַח	רֶצַח	38
2	פיגועי	פיגוע	Masc	Plur	פִּיגּוּעִי	פִּיגּוּעַ	3
2	העסקה	העסקה	Fem	Sing	הָעִסְקָה	הָעִסְקָה	2
4	הפגנות	הפגנה	Fem	Plur	הַפְּגָנוֹת	הַפְּגָנָה	4
7	מטרות	מטרה	Fem	Plur	מַטָּרוֹת	מַטָּרָה	31
21	סיום	סיום	Masc	Sing	סִּיוּם	סִּיוּם	21
6	יציאת	יציאה	Fem	Sing	יְצִיאַת	יְצִיאָה	12
1	פוכות	פוכה	Fem	Plur	פּוּכוֹת	פּוּכָה	1
1	החזרת	החזרה	Fem	Sing	הַחְזָרַת	הַחֲזָרָה	2
1	בעסקת	בעסקת	Fem	Sing	בְּעִסְקַת	בְּעִסְקַת	1
7	שלבים	שלב	Masc	Plur	שְׁלַבִּים	שָׁלָב	52
3	כזרת	כזרה	Fem	Sing	כַּזָּרַת	כְּזָרָה	3
1	פשאים	פשא	Masc	Plur	פְּשָׂאִים	פַּשָּׂא	1
6	שאר	שאר	Masc	Sing	שְׁאָר	שְׁאָר	6
3	הקלטת	הקלטה	Fem	Sing	הַקְּלָטַת	הַקְּלָטָה	4
5	חלקם	חלקם	Masc	Plur	חֶלְקָם	חֶלְקָם	5
22	אדמה	אדמה	Fem	Sing	אֲדָמָה	אֲדָמָה	24
5	דמיין	דמיין	Masc	Sing	דִּמְיֵין	דִּמְיֵין	5
3	תקרה	תקרה	Fem	Sing	תִּקְרָה	תִּקְרָה	3
2	טיעונים	טיעון	Masc	Plur	טִיעוּנִים	טִיעוּן	10
1	ארגומנטים	ארגומנט	Masc	Plur	אַרְגּוּמֶנְטִים	אַרְגּוּמֵנְט	9
8	טיעון	טיעון	Masc	Sing	טִיעוּן	טִיעוּן	10
8	ארגומנט	ארגומנט	Masc	Sing	אַרְגּוּמֵנְט	אַרְגּוּמֵנְט	9
2	חטיפות	חטיפה	Fem	Plur	חֲטִיפוֹת	חֲטִיפָה	5
1	פחדה	פחד	Fem	Sing	פָּחֲדָה	פַּחַד	17
2	שליט	שליט	Masc	Sing	שְַׁלִיט	שְַׁלִיט	2
3	מנהיג	מנהיג	Masc	Sing	מַנְהִיג	מַנְהִיג	7
9	מצלמות	מצלמה	Fem	Plur	מַצְלֵמוֹת	מַצְלֵמָה	16
4	הצגה	הצגה	Fem	Sing	הַצָּגָה	הַצָּגָה	4
13	מעמד	מעמד	Masc	Sing	מַעֲמָד	מַעֲמָד	13
2	סטטוס	סטטוס	Masc	Sing	סְטָטוּס	סְטָטוּס	2
10	כול	כול	Masc	Sing	כּוֹל	כּוֹל	221
1	התקפות	התקפה	Fem	Plur	הַתְּקָפוֹת	הַתְּקָפָה	2
5	הפסקת	הפסקה	Fem	Sing	הַפְּסָקַת	הַפְּסָקָה	22
17	אש	אש	Fem	Sing	אֵשׁ	אֵשׁ	17
13	סכנה	סכנה	Fem	Sing	סַכָּנָה	סַכָּנָה	21
1	חיסול	חיסול	Masc	Sing	חִיסּוּל	חִיסּוּל	1
1	עצירת	עצירה	Fem	Sing	עֲצִירַת	עֲצִירָה	3
1	תעסקים	תעסק	Fem	Sing	תַּעֲסָקִים	תַּעֲסֹק	1
1	טיונים	טיון	Masc	Plur	טִיּוּנִים	טִיּוּן	1
1	שבעד	שבעד	Masc	Sing	שֶׁבְעַד	שֶׁבְעַד	1
4	פדיון	פדיון	Masc	Sing	פִּדְיוֹן	פִּדְיוֹן	4
6	שבועים	שבוע	Masc	Plur	שָׁבוּעַיִם	שָׁבוּעַ	113
22	ערך	ערך	Masc	Sing	עֵרֶךְ	עֵרֶךְ	29
1	יסוד	יסוד	Masc	Sing	יְסוֹד	יְסוֹד	1
41	מדינת	מדינה	Fem	Sing	מְדִינַת	מְדִינָה	306
1	לאום	לאום	Masc	Sing	לָאוֹם	לָאוֹם	1
19	שלומ	שלום	Masc	Sing	שָׁלוֹמ	שָׁלוֹם	43
4	יהודי	יהודי	Masc	Plur	יְהוּדִי	יְהוּדִי	20
3	אזרחי	אזרח	Masc	Plur	אֶזְרָחִי	אֶזְרָח	21
6	יהדות	יהדות	Fem	Sing	יַהֲדוּת	יַהֲדוּת	6
7	ברירה	ברירה	Fem	Sing	בְּרֵירָה	בְּרֵירָה	7
9	הגנה	הגנה	Fem	Sing	הֲגָּנָה	הֲגָּנָה	9
13	בתים	בית	Masc	Plur	בָּתִּים	בַּיִת	319
3	סולידריות	סולידריות	Fem	Sing	סוֹלִידָרִיּוּת	סוֹלִידָרִיּוּת	3
8	אמון	אמון	Masc	Sing	אֵמוּן	אֵמוּן	8
18	ממשלה	ממשלה	Fem	Sing	מֶמְשָׁלָה	מֶמְשָׁלָה	28
2	בזבז	בזבז	Masc	Sing	בִּזְבֵּז	בִּזְבֵּז	2
8	סכנת	סכנה	Fem	Sing	סַכֶּנֶת	סַכָּנָה	21
5	חולים	חולה	Masc	Plur	חוֹלִים	חוֹלֶה	6
2	פצועים	פצוע	Masc	Plur	פְּצוּעִים	פָּצוּעַ	2
12	משחק	משחק	Masc	Sing	מִשְׂחָק	מִשְׂחָק	20
1	רעת	רעת	Fem	Sing	רָעַת	רָעַת	1
13	פוליטיקה	פוליטיקה	Fem	Sing	פּוֹלִיטִיקָה	פּוֹלִיטִיקָה	13
1	כישלון	כישלון	Masc	Sing	כִּישָּׁלוֹן	כִּישָּׁלוֹן	3
15	אחריות	אחריות	Fem	Sing	אַחְרָיוּת	אַחְרָיוּת	15
1	נימין	נימין	Masc	Sing	נִימִין	נִימִין	1
1	קואליציה	קואליציה	Fem	Sing	קוֹאָלִיצְיָה	קוֹאָלִיצְיָה	1
1	הצלת	הצלה	Fem	Sing	הַצָּלַת	הַצָּלָה	2
7	פתרונות	פתרון	Masc	Plur	פִּתְרוֹנוֹת	פִּתְרוֹן	22
5	רגשות	רגש	Masc	Plur	רְגָשׁוֹת	רֶגֶשׁ	7
2	אמוציות	אמוציה	Fem	Plur	אֵמוּצְיוֹת	אֵמוּצְיָה	2
3	ערכים	ערך	Masc	Plur	עֲרָכִים	עֵרֶךְ	29
3	אינטרסים	אינטרס	Masc	Plur	אִינְטֵרֵסִים	אִינְטֵרֵס	3
2	אחדות	אחדות	Fem	Sing	אַחְדוּת	אַחְדוּת	2
1	אובייקטיביות	אובייקטיבי	Fem	Sing	אוֹבְּיֶיקְטִיבִיּוּת	אוֹבְּיֶיקְטִיבִי	1
1	מסוב	מסוב	Masc	Sing	מִסּוֹב	מִסּוֹב	1
12	סוסיטה	סוסיטה	Fem	Sing	סוּסִיטָה	סוּסִיטָה	15
31	מכונית	מכונית	Fem	Sing	מְכוֹנִית	מְכוֹנִית	67
4	בנ	בן	Masc	Sing	בֶּנ	בֶּן	126
6	מרק	מרק	Masc	Sing	מַרְק	מַרְק	6
12	מנוע	מנוע	Masc	Sing	מָּנוֹעַ	מָּנוֹעַ	25
4	גלגלים	גלגלים	Masc	Plur	גַּלְגַּלִּים	גַּלְגַּלִּים	4
4	סמל	סמל	Masc	Sing	סֵּמֶל	סֵּמֶל	4
2	כישלונות	כישלון	Masc	Plur	כִּישְׁלוֹנוֹת	כִּישָּׁלוֹן	3
4	סוסית	סוסית	Fem	Sing	סוּסִית	סוּסִית	4
1	מרעיון	מרעיון	Masc	Sing	מֵרַעְיוֹן	מֵרַעְיוֹן	1
10	דופן	דופן	Masc	Sing	דּוֹפֶן	דּוֹפֶן	10
4	תעשיית	תעשייה	Fem	Sing	תַּעֲשִִׂיַּית	תַּעֲשִִׂיָּיה	7
1	התרסקות	התרסקות	Fem	Sing	הִתְרַסְקוּת	הִתְרַסְקוּת	1
11	חליל	חליל	Masc	Sing	חָלִיל	חָלִיל	11
1	קנה	קנה	Masc	Sing	קָּנָה	קָּנָה	1
1	חגרות	חגרות	Fem	Plur	חֲגָרוֹת	חֲגָרוֹת	1
2	בטיחות	בטיחות	Fem	Sing	בְּטִיחוּת	בְּטִיחוּת	2
2	נוסעים	נוסע	Masc	Plur	נוֹסְעִים	נוֹסֵעַ	3
5	חרם	חרם	Masc	Sing	חֵרֶם	חֵרֶם	5
12	הקשר	הקשר	Masc	Sing	הַקֶּשֶׁר	הַקֶּשֶׁר	12
23	מוצרים	מוצר	Masc	Plur	מוּצָרִים	מוּצָּר	43
14	חלקים	חלק	Masc	Plur	חֲלָקִים	חֵלֶק	166
3	תעשייה	תעשייה	Fem	Sing	תַּעֲשִִׂיָּיה	תַּעֲשִִׂיָּיה	7
6	ספינה	ספינה	Fem	Sing	סְפִינָה	סְפִינָה	9
14	שכר	שכר	Masc	Sing	שָׂכָר	שָׂכָר	14
2	שכונת	שכונה	Fem	Sing	שְׁכוּנַת	שְׁכוּנָה	17
3	דר	דר	Masc	Sing	דַּר	דַּר	3
5	מלחמת	מלחמה	Fem	Sing	מִלְחֶמֶת	מִלְחָמָה	155
62	עצמאות	עצמאות	Fem	Sing	עַצְמָאוּת	עַצְמָאוּת	62
1	כחובש	כחובש	Masc	Sing	כְּחוֹבֵּשׁ	כְּחוֹבֵּשׁ	1
14	רכבים	רכב	Masc	Plur	רְכָבִים	רֶכֶב	51
11	אישור	אישור	Masc	Sing	אִישּׁוּר	אִישּׁוּר	13
4	ייצור	ייצור	Masc	Sing	יִיצּוּר	יִיצּוּר	4
1	רכבט	רכבט	Masc	Sing	רַכְבֶּט	רַכְבֶּט	1
11	עסקים	עסק	Masc	Plur	עֲסָקִים	עֵסֶק	49
2	סחורה	סחורה	Fem	Sing	סְחוֹרָה	סְחוֹרָה	4
6	דגים	דג	Masc	Plur	דָּגִים	דָּג	9
3	סיגריות	סיגריה	Fem	Plur	סִּיגַרְיוֹת	סִּיגַרְיָה	5
1	התלט	התלט	Masc	Sing	הִתְלֵט	הִתְלֵט	1
1	משיחה	משיחה	Fem	Sing	מְשִׁיחָה	מְשִׁיחָה	1
1	כונית	כונית	Fem	Sing	כַּוֹנִית	כַּוֹנִית	1
4	יזם	יזם	Masc	Sing	יַזָּם	יַזָּם	5
1	אנטרופנור	אנטרופנור	Masc	Sing	אַנְטְרוֹפְנוֹר	אַנְטְרוֹפְנוֹר	1
3	דרכ	דרך	Fem	Sing	דֶּרֶכ	דֶּרֶךְ	215
10	מספרים	מספר	Masc	Plur	מִסְפָּרִים	מִסְפָּר	39
2	זדמנויות	זדמנות	Fem	Plur	זִדְמָנוּיוֹת	זִדְמָנוּת	4
2	בורג	בורג	Masc	Sing	בּוּרְג	בּוּרְג	2
11	קשרים	קשר	Masc	Plur	קְשָׁרִים	קֶשֶׁר	71
8	אות	אות	Fem	Sing	אוֹת	אוֹת	8
6	מעלה	מעלה	Masc	Sing	מַעְלָה	מַעְלָה	11
5	משנה	משנה	Masc	Sing	מְשְַׁנֶה	מְשְַׁנֶה	5
4	ניסיונות	ניסיון	Masc	Plur	נִיסְיוֹנוֹת	נִיסָּיוֹן	20
1	רכבות	רכבה	Fem	Plur	רַכָּבוֹת	רַכָּבָה	1
11	סוס	סוס	Masc	Sing	סוּס	סוּס	12
1	קופירייטר	קופירייטר	Masc	Sing	קוֹפִּירַיְיטֵר	קוֹפִּירַיְיטֵר	1
2	חליפה	חליפה	Fem	Sing	חֲלִיפָה	חֲלִיפָה	5
1	סטייל	סטייל	Masc	Sing	סְטַיְיל	סְטַיְיל	1
10	שילוב	שילוב	Masc	Sing	שִׁילּוּב	שִׁילּוּב	10
2	יחידת	יחידה	Fem	Sing	יְחִידַת	יְחִידָה	18
1	זוכה	זוכה	Masc	Sing	זוֹכֶה	זוֹכֶה	1
1	גרלה	גרלה	Fem	Sing	גָּרְלָה	גָּרְלָה	1
1	מסוגים	מסוג	Masc	Plur	מִסּוּגִים	מִסּוּג	1
4	מתכת	מתכת	Fem	Sing	מַתֶּכֶת	מַתֶּכֶת	6
2	מתכות	מתכת	Fem	Plur	מַתָּכוֹת	מַתֶּכֶת	6
21	שימוש	שימוש	Masc	Sing	שִׁימּוּשׁ	שִׁימּוּשׁ	23
1	אמברגו	אמברגו	Masc	Sing	אַמְבֶּרְגוֹ	אַמְבֶּרְגוֹ	1
4	מעטפת	מעטפת	Fem	Sing	מַעֲטֶפֶת	מַעֲטֶפֶת	4
1	שלדה	שלדה	Fem	Sing	שִׁלְדָּה	שִׁלְדָּה	1
2	חיסרון	חיסרון	Masc	Sing	חִיסָּרוֹן	חִיסָּרוֹן	2
1	פיברגלס	פיברגלס	Masc	Sing	פִּיבֶרְגְלֶס	פִּיבֶרְגְלֶס	1
10	הבנת	הבנה	Fem	Sing	הֵבַנְתָּ	הֲבָנָה	14
1	מיתרון	מיתרון	Masc	Sing	מֵיתְרוֹן	מֵיתְרוֹן	1
1	לירות	לירה	Fem	Plur	לִירוֹת	לִירָה	1
9	יחס	יחס	Masc	Sing	יַחַס	יַחַס	18
5	בחירה	בחירה	Fem	Sing	בְּחִירָה	בְּחִירָה	8
4	נהגי	נהג	Masc	Plur	נֶהָגִי	נַהָג	27
1	מוניות	מונית	Fem	Plur	מוֹנִיּוֹת	מוֹנִית	5
1	שקיעה	שקיעה	Fem	Sing	שְׁקִיעָה	שְׁקִיעָה	1
3	סוסיטות	סוסיטה	Fem	Plur	סוּסִיטוֹת	סוּסִיטָה	15
2	דגמים	דגם	Masc	Plur	דְּגָמִים	דֶּגֶּם	4
1	הסברה	הסברה	Fem	Sing	הַסְבָּרָה	הַסְבָּרָה	1
15	ספורט	ספורט	Masc	Sing	סְפּוֹרְט	סְפּוֹרְט	15
1	סברה	סברה	Fem	Sing	סָּבְרָה	סָּבְרָה	1
1	מרוץ	מרוץ	Masc	Sing	מֵרוֹץ	מֵרוֹץ	2
1	מרוצי	מרוץ	Masc	Plur	מֵרוֹצִי	מֵרוֹץ	2
16	מהירות	מהירות	Fem	Sing	מְהִירוּת	מְהִירוּת	16
2	גרמניות	גרמני	Fem	Plur	גֶּרְמָנִיּוֹת	גֶּרְמָנִי	5
1	חסרונות	חסרון	Masc	Plur	חֶסְרוֹנוֹת	חֶסְרוֹן	1
1	כמשהו	כמשהו	Masc	Sing	כְּמַשֶּׁהוּ	כְּמַשֶּׁהוּ	1
19	אוטו	אוטו	Masc	Sing	אוֹטוֹ	אוֹטוֹ	19
4	פתיחת	פתיחה	Fem	Sing	פְּתִיחַת	פְּתִיחָה	10
5	תפיסה	תפיסה	Fem	Sing	תְּפִיסָה	תְּפִיסָה	9
4	השקעה	השקעה	Fem	Sing	הַשְׁקָעָה	הַשְׁקָעָה	4
1	כרמל	כרמל	Masc	Sing	כַּרְמֶל	כַּרְמֶל	1
1	סיבובים	סיבוב	Masc	Plur	סִּיבּוּבִים	סִּיבּוּב	12
6	הים	הים	Masc	Sing	הַיָּם	הַיָּם	6
2	בניית	בנייה	Fem	Sing	בְּנִיַּית	בְּנִיָּיה	9
34	שירים	שיר	Masc	Plur	שִׁירִים	שִׁיר	82
3	ישראליות	ישראלי	Fem	Sing	יִשְׂרְאֵלִיּוּת	יִשְׂרְאֵלִי	65
1	ספנים	ספן	Masc	Plur	סַפָּנִים	סַפָּן	1
30	אפליקציה	אפליקציה	Fem	Sing	אַפְּלִיקַצְיָה	אַפְּלִיקַצְיָה	40
14	תמלול	תמלול	Masc	Sing	תַּמְלוּל	תַּמְלוּל	14
1	צרף	צרף	Masc	Sing	צֶּרֶף	צֶּרֶף	1
2	תחתית	תחתית	Fem	Sing	תַּחְתִּית	תַּחְתִּית	2
11	יופי	יוף	Masc	Sing	יוֹפִי	יוֹף	11
4	קוראים	קורא	Masc	Plur	קוֹרְאִים	קוֹרֵא	4
1	התחביש	התחביש	Masc	Sing	הַתַּחְבִּישׁ	הַתַּחְבִּישׁ	1
1	תחיל	תחיל	Masc	Sing	תָּחִיל	תָּחִיל	2
2	דע	דע	Masc	Sing	דַּע	דַּע	2
1	מכניקה	מכניקה	Fem	Sing	מֵכָנִיקָה	מֵכָנִיקָה	1
1	לרכבים	לרכב	Masc	Plur	לִרְכָבִים	לְרֶכֶב	1
1	החלטת	החלטה	Fem	Sing	הַחְלָטַת	הַחְלָטָה	24
1	ספנות	ספנה	Fem	Plur	סַפָּנוֹת	סַפְנָה	1
1	בוגר	בוגר	Masc	Sing	בּוֹגֵּר	בּוֹגֵּר	2
1	טרנספורטר	טרנספורטר	Masc	Sing	טְרַנְסְפוֹרְטֶר	טְרַנְסְפוֹרְטֶר	1
23	פרסום	פרסום	Masc	Sing	פִּרְסוּם	פִּרְסוּם	28
1	לאבא	לאבא	Masc	Sing	לְאַבָּא	לְאַבָּא	1
4	אחיות	אח	Fem	Plur	אֲחָיוֹת	אָח	44
19	אתגר	אתגר	Masc	Sing	אֶתְגָּר	אֶתְגָּר	34
1	אוות	אווה	Fem	Sing	אֵוָות	אֵוָוה	1
1	נוסע	נוסע	Masc	Sing	נוֹסֵעַ	נוֹסֵעַ	3
1	טסט	טסט	Masc	Sing	טֵסְט	טֵסְט	1
2	רעשים	רעש	Masc	Plur	רְעָשִׁים	רַעַשׁ	13
1	אוברול	אוברול	Masc	Sing	אוֹבְרוֹל	אוֹבְרוֹל	1
2	מכונאי	מכונאי	Masc	Sing	מְכוֹנַאי	מְכוֹנַאי	2
1	בלוק	בלוק	Masc	Sing	בְּלוֹק	בְּלוֹק	1
1	חרד	חרד	Masc	Sing	חָרֵד	חָרֵד	1
1	מבלמים	מבלם	Masc	Plur	מְבַלְּמִים	מְבַלֵּם	1
3	צינורות	צינור	Masc	Plur	צִּינּוֹרוֹת	צִּינּוֹר	4
1	למים	לם	Masc	Plur	לַמַּיִם	לָם	1
1	משיבת	משיבה	Fem	Sing	מְשִׁיבַת	מְשִׁיבָה	1
4	חשמל	חשמל	Masc	Sing	חַשְׁמַל	חַשְׁמַל	4
6	שיפוץ	שיפוץ	Masc	Sing	שִׁיפּוּץ	שִׁיפּוּץ	6
2	חלקי	חלק	Masc	Plur	חֶלְקִי	חֵלֶק	166
2	תרגם	תרגם	Masc	Sing	תַּרְגֵּם	תַּרְגֵּם	2
1	פוד	פוד	Masc	Sing	פּוֹד	פּוֹד	1
9	תסכול	תסכול	Masc	Sing	תִּסְכּוּל	תִּסְכּוּל	9
1	מכונאים	מכונא	Masc	Plur	מְכוֹנְאִים	מְכוֹנֵא	1
6	תמורה	תמורה	Fem	Sing	תְּמוּרָה	תְּמוּרָה	6
4	נגיד	נגיד	Masc	Plur	נַגִּיד	נַגִּיד	4
1	העזרה	העזרה	Fem	Sing	הָעֶזְרָה	הָעֶזְרָה	1
11	אה	אה	Masc	Sing	אָה	אָה	11
4	הרכב	הרכב	Masc	Sing	הֶרְכֵּב	הֶרְכֵּב	4
4	השוואה	השוואה	Fem	Sing	הַשְׁוָואָה	הַשְׁוָואָה	4
2	טרקטור	טרקטור	Masc	Sing	טְּרַקְטוֹר	טְּרַקְטוֹר	3
3	יומיום	יומיום	Masc	Sing	יוֹמְיוֹם	יוֹמְיוֹם	3
5	מפגשים	מפגש	Masc	Plur	מִפְגָּשִׁים	מִפְגָּשׁ	25
3	תחזוקה	תחזוקה	Fem	Sing	תַּחֲזוּקָה	תַּחֲזוּקָה	3
1	כיפת	כיפה	Fem	Sing	כִּיפַּת	כִּיפָּה	1
1	תגופה	תגופה	Fem	Sing	תְּגוּפָה	תְּגוּפָה	1
11	סיבוב	סיבוב	Masc	Sing	סִּיבּוּב	סִּיבּוּב	12
15	חוף	חוף	Masc	Sing	חוֹף	חוֹף	23
1	גרותאה	גרותאה	Fem	Sing	גְּרוּתָאָה	גְּרוּתָאָה	1
6	מכירה	מכירה	Fem	Sing	מַכִּירָה	מַכִּירָה	19
1	רכבי	רכב	Masc	Plur	רִכְבִי	רֶכֶב	51
1	אספנות	אספנות	Masc	Sing	אַסְפָנוּת	אַסְפָנוּת	1
1	התחייבות	התחייבות	Fem	Sing	הִתְחַיְּיבוּת	הִתְחַיְּיבוּת	2
5	הפרק	הפרק	Masc	Sing	הַפֶּרֶק	הַפֶּרֶק	5
6	הצאות	הצאה	Fem	Plur	הֲצָאוֹת	הֲצָאָה	6
7	פתגמים	פתגם	Masc	Plur	פִּתְגָּמִים	פִּתְגָּם	18
11	חיות	חיה	Fem	Plur	חַיוֹת	חַיָּה	13
11	בעלי	בעל	Masc	Plur	בַּעֲלֵי	בַּעַל	14
3	בגן	בגן	Masc	Sing	בַּגַּן	בַּגַּן	4
5	התנהגות	התנהגות	Fem	Sing	הִתְנַהֲגוּת	הִתְנַהֲגוּת	6
1	כבני	כבן	Masc	Plur	כִּבְנֵי	כְּבֶן	1
11	פתגם	פתגם	Masc	Sing	פִּתְגָּם	פִּתְגָּם	18
2	צירוף	צירוף	Masc	Sing	צֵּיְרוּף	צֵּיְרוּף	2
1	expש	expש	Masc	Sing	Xpשׁ	Xpשׁ	1
10	כלבים	כלב	Masc	Plur	כְּלָבִים	כֶּלֶב	13
5	ציפורים	ציפור	Fem	Plur	צִּיפּוֹרִים	צִּיפּוֹר	7
1	רוצי	רוצה	Masc	Sing	רוּצִי	רוֹצֶה	1
2	הזמנות	הזמנה	Fem	Plur	הַזְמָנוֹת	הַזְמָנָה	8
7	תוכנה	תוכנה	Fem	Sing	תָּכְנָה	תָּכְנָה	9
1	סופטור	סופטור	Masc	Sing	סוֹפְטוֹר	סוֹפְטוֹר	1
2	תוכנת	תוכנה	Fem	Sing	תּוֹכֶנֶת	תָּכְנָה	9
2	המבורגר	המבורגר	Masc	Sing	הַמְבּוּרְגֶּר	הַמְבּוּרְגֶּר	2
11	תפריט	תפריט	Masc	Sing	תַּפְרִיט	תַּפְרִיט	14
5	פסטה	פסטה	Fem	Sing	פַּסְטָה	פַּסְטָה	7
1	סושי	סושי	Masc	Sing	סוּשִׁי	סוּשִׁי	1
1	אזה	אזה	Masc	Sing	אָזֶה	אָזֶה	1
15	דובים	דוב	Masc	Plur	דּוּבִּים	דּוֹב	15
3	"תנ""ך"	"תנ""ך"	Masc	Sing	"תָּנָ""ךְ"	"תָּנָ""ךְ"	3
4	מלכים	מלך	Masc	Plur	מְלָכִים	מֶלֶךְ	10
8	נביא	נביא	Masc	Sing	נָבִיא	נָבִיא	8
4	תלמוד	תלמוד	Masc	Sing	תַּלְמוּד	תַּלְמוּד	4
1	ספרים	ספר	Masc	Plur	סְפָרִים	סֵפֶר	112
1	ניסים	ניס	Masc	Plur	נִיסִּים	נִּיס	1
5	נס	נס	Masc	Sing	נֵס	נֵס	5
5	מובן	מובן	Masc	Sing	מוּבָּן	מוּבָּן	5
1	ריפוי	ריפוי	Masc	Sing	רִיפּוּי	רִיפּוּי	1
1	הורדת	הורדה	Fem	Sing	הוֹרָדַת	הוֹרָדָה	1
1	התערבות	התערבות	Fem	Sing	הִתְעָרְבוּת	הִתְעָרְבוּת	1
3	אלוהים	אלוהים	Masc	Sing	אֱלוֹהִים	אֱלוֹהִים	3
4	סבר	סבר	Masc	Sing	סֵבֶר	סֵבֶר	8
5	הסבר	הסבר	Masc	Sing	הֶסְבֵּר	הֶסְבֵּר	5
1	טוגוסיפ	טוגוסיף	Masc	Sing	טוֹגוּסִיפ	טוֹגוּסִיף	1
5	פעמון	פעמון	Masc	Sing	פַּעֲמוֹן	פַּעֲמוֹן	5
5	הכיתה	הכיתה	Fem	Sing	הַכִּיתָּה	הַכִּיתָּה	5
8	שטויות	שטות	Fem	Plur	שְׁטוּיוֹת	שְׁטוּת	8
4	עוקב	עקב	Masc	Sing	עוֹקֵב	עֵקֶב	10
11	פטריון	פטריון	Masc	Sing	פִּטְרָיוֹן	פִּטְרָיוֹן	11
40	קפה	קפה	Masc	Sing	קָפֶה	קָפֶה	40
1	קולקציה	קולקציה	Fem	Sing	קוֹלֶקְצִיָּה	קוֹלֶקְצִיָּה	1
4	הנחה	הנחה	Fem	Sing	הַנָּחָה	הַנָּחָה	9
7	מזל	מזל	Masc	Sing	מַזָּל	מַזָּל	11
11	שיירה	שיירה	Fem	Sing	שְַׁיָירָה	שְַׁיָירָה	11
2	קרבן	קרבן	Masc	Sing	קַרְבָּן	קַרְבָּן	2
1	דות	דה	Masc	Plur	דּוּת	דֶּה	1
15	מיני	מין	Masc	Plur	מִינִי	מִין	25
1	פוליטיקאית	פוליטיקאי	Fem	Sing	פּוֹלִיטִיקָאִית	פּוֹלִיטִיקַאי	10
2	פרלמנט	פרלמנט	Masc	Sing	פַּרְלָמֶנְט	פַּרְלָמֶנְט	2
1	חרדים	חרדי	Masc	Plur	חֲרֵדִים	חֲרֵדִי	1
4	דתיים	דתי	Masc	Plur	דָּתִיִּים	דָּתִי	4
3	שרט	שרט	Masc	Sing	שֶׂרֶט	שֶׂרֶט	3
4	עיתונאים	עיתונאי	Masc	Plur	עִיתּוֹנָאִים	עִיתּוֹנַאי	4
5	פוליטיקאי	פוליטיקאי	Masc	Sing	פּוֹלִיטִיקַאי	פּוֹלִיטִיקַאי	10
2	תורה	תורה	Fem	Sing	תָּוֹרָה	תָּוֹרָה	2
1	שפית	שפית	Fem	Sing	שָׂפִית	שָׂפִית	1
1	כוכבי	כוכב	Masc	Plur	כּוֹכָבִי	כּוֹכָב	15
4	מסעדת	מסעדה	Fem	Sing	מִסְעֶדֶת	מִסְעָדָה	83
2	חמין	חמין	Masc	Sing	חָמִין	חָמִין	2
1	קוסקוס	קוסקוס	Masc	Sing	קוֹסְקוּס	קוֹסְקוּס	1
1	בקרי	בקר	Masc	Plur	בִּקְרִי	בַּקַּר	5
6	עיתונים	עיתון	Masc	Plur	עִיתּוֹנִים	עִיתּוֹן	10
2	פתג	פתג	Masc	Sing	פֶּתֶג	פֶּתֶג	2
5	עורב	עורב	Masc	Sing	עוֹרֵב	עוֹרֵב	5
2	ציפור	ציפור	Fem	Sing	צִּיפּוֹר	צִּיפּוֹר	7
1	זרזיר	זרזיר	Masc	Sing	זַרְזִיר	זַרְזִיר	1
7	כוכב	כוכב	Masc	Sing	כּוֹכָב	כּוֹכָב	15
15	יהודים	יהודי	Masc	Plur	יְהוּדִים	יְהוּדִי	20
2	דעות	דעה	Fem	Plur	דֵּעוֹת	דֵּעָה	59
4	לייקים	לייק	Masc	Plur	לַיְיקִים	לַיְּיק	9
2	הזרזיר	הזרזיר	Masc	Sing	הַזַּרְזִיר	הַזַּרְזִיר	2
1	שונאי	שונא	Masc	Plur	שׂוֹנַאי	שׂוֹנֵא	1
9	תיכון	תיכון	Masc	Sing	תִּיכוֹן	תִּיכוֹן	11
1	בחיטה	בחיטה	Fem	Sing	בְּחִיטָה	בְּחִיטָה	1
9	תלמיד	תלמיד	Masc	Sing	תַּלְמִיד	תַּלְמִיד	48
35	תלמידים	תלמיד	Masc	Plur	תַּלְמִידִים	תַּלְמִיד	48
1	תרגזה	תרגזה	Fem	Sing	תִּרְגְּזָה	תִּרְגְּזָה	1
3	רע	רע	Masc	Sing	רַע	רַע	4
1	סף	סף	Masc	Sing	סַּף	סַּף	1
1	עיות	עיה	Fem	Plur	עָיוֹת	עַיָּה	1
1	תש	תש	Masc	Sing	תָּשׁ	תָּשׁ	1
1	התפרצות	התפרצות	Fem	Sing	הִתְפָּרְצוּת	הִתְפָּרְצוּת	2
9	אפליקצית	אפליקצי	Fem	Sing	אַפְּלִיקְצִית	אַפְלִיקְצִי	11
34	ווליום	ווליום	Masc	Sing	וָולְיוּם	וָולְיוּם	34
3	טקסטים	טקסט	Masc	Plur	טֶּקְסְטִים	טֵקְסְט	6
2	סיגנל	סיגנל	Masc	Sing	סִּיגְנֵל	סִּיגְנֵל	2
2	כירים	כיר	Masc	Plur	כִּירִים	כִּיר	2
1	ממשל	ממשל	Masc	Sing	מִמְשָׁל	מִמְשָׁל	1
1	מקצת	מקצת	Fem	Sing	מִקְצָת	מִקְצָת	1
1	מאפליקציות	מאפליקציה	Fem	Plur	מַאפְלִיקְצִיּוֹת	מַאפְלִיקַצְיָה	1
1	סלק	סלק	Masc	Sing	סֶּלֶק	סֶּלֶק	1
3	תאימה	תאימה	Fem	Sing	תְּאִימָה	תְּאִימָה	6
2	אפליקציית	אפליקצי	Fem	Sing	אַפְּלִיקְצִיַּית	אַפְלִיקְצִי	11
1	גיימרים	גיימר	Masc	Plur	גֵּיְימֵרִים	גֵּיְימֶר	1
5	משחקי	משחק	Masc	Plur	מִשְׂחָקִי	מִשְׂחָק	20
14	טלגר	טלגר	Masc	Sing	טֵלֵגֶּר	טֵלֵגֶּר	14
7	אחים	אח	Masc	Plur	אַחִים	אָח	44
10	פרויקטים	פרויקט	Masc	Plur	פְּרוֹיֶקְטִים	פְּרוֹיֶקְט	38
2	מחשבים	מחשב	Masc	Plur	מַחְשְׁבִים	מַחְשֵׁב	6
1	מתמטיקאי	מתמטיקאי	Masc	Sing	מָתֵמָטִיקַאי	מָתֵמָטִיקַאי	1
4	אינפורמציה	אינפורמציה	Fem	Sing	אִינְפוֹרְמַצְיָה	אִינְפוֹרְמַצְיָה	4
5	משטר	משטר	Masc	Sing	מִשְׁטָר	מִשְׁטָר	5
1	האחים	האחים	Masc	Plur	הָאַחִים	הָאַחִים	1
1	דמוקרטיה	דמוקרטיה	Fem	Sing	דֶּמוֹקְרַטְיָה	דֶּמוֹקְרַטְיָה	1
10	פלטפורמה	פלטפורמה	Fem	Sing	פָּלַטְפוֹרְמָה	פָּלַטְפוֹרְמָה	16
18	מחיאות	מחיאה	Fem	Plur	מְחִיאוֹת	מְחִיאָה	18
12	פיים	פיים	Masc	Sing	פַּיִים	פַּיִים	12
1	סחר	סחר	Masc	Sing	סַחַר	סַחַר	1
9	טלגרס	טלגרס	Masc	Sing	טֵלֵגֵּרְס	טֵלֵגֵּרְס	9
2	מילת	מילה	Fem	Sing	מִילַּת	מִילָּה	147
1	מריכואנה	מריכואנה	Masc	Sing	מָרִיכוּאָנָה	מָרִיכוּאָנָה	1
1	קנאביס	קנאביס	Masc	Sing	קָנָאבִיס	קָנָאבִיס	1
1	הפכה	הפך	Fem	Sing	הָפְכָה	הָפַךְ	8
3	סכר	סכר	Masc	Sing	סֶּכֶּר	סֶּכֶּר	3
10	מבחנים	מבחן	Masc	Plur	מִבְחָנִים	מִבְחָן	21
2	שוטר	שוטר	Masc	Sing	שׁוֹטֵר	שׁוֹטֵר	8
1	מעצרים	מעצר	Masc	Plur	מַעֲצָרִים	מַעֲצָר	6
1	סוחרי	סוחר	Masc	Plur	סוֹחֲרִי	סוֹחֵר	2
1	קנביס	קנביס	Masc	Sing	קֶנְבִּיס	קֶנְבִּיס	1
8	ערוצי	ערוץ	Masc	Plur	עֲרוּצִי	עֲרוּץ	24
10	אתרי	אתר	Masc	Plur	אֲתָרִי	אֲתָר	40
14	סרטונים	סרטון	Masc	Plur	סִּרְטוֹנִים	סִּרְטוֹן	32
1	נוראים	נורא	Masc	Plur	נוֹרָאִים	נוֹרָא	1
3	כתבים	כתב	Masc	Plur	כְּתָבִים	כָּתַב	10
4	פוליטיקאים	פוליטיקאי	Masc	Plur	פּוֹלִיטִיקָאִים	פּוֹלִיטִיקַאי	10
2	אולפן	אולפן	Masc	Sing	אוּלְפָּן	אוּלְפָּן	2
3	חליפות	חליפה	Fem	Plur	חֲלִיפוֹת	חֲלִיפָה	5
1	עזר	עזר	Masc	Sing	עֵזֶר	עֵזֶר	1
4	עיתון	עיתון	Masc	Sing	עִיתּוֹן	עִיתּוֹן	10
3	פרסומות	פרסום	Fem	Plur	פִּרְסוֹמוֹת	פִּרְסוּם	28
1	מודate	מודate	Masc	Sing	מוֹדְte	מוֹדְte	1
4	סינון	סינון	Masc	Sing	סִּינּוּן	סִּינּוּן	4
3	שמים	שמיים	Masc	Plur	שָׁמַיִם	שָׁמַיִים	15
1	פילטר	פילטר	Masc	Sing	פִּילְטֶר	פִּילְטֶר	3
1	צנזורה	צנזורה	Fem	Sing	צֶּנְזוּרָה	צֶּנְזוּרָה	1
2	לחיצות	לחיצה	Fem	Plur	לְחִיצוֹת	לְחִיצָה	2
2	טיל	טיל	Masc	Sing	טִּיל	טִּיל	11
2	החדשות	החדשות	Fem	Plur	הַחֲדָשׁוֹת	הַחֲדָשׁוֹת	2
2	התמקרות	התמקרות	Fem	Sing	הִתְמַקְּרוּת	הִתְמַקְּרוּת	2
1	adicשן	adicשן	Masc	Sing	Adiccשָׁן	Adiccשָׁן	1
1	רותח	רותח	Masc	Sing	רוֹתֵחַ	רוֹתֵחַ	1
1	חזיתות	חזית	Fem	Plur	חֲזִיתוֹת	חֲזִית	4
1	טמלול	טמלול	Masc	Sing	טִמְלוּל	טִמְלוּל	3
1	מרקולת	מרקולת	Fem	Sing	מַרְקוֹלֶת	מַרְקוֹלֶת	1
10	ערוצים	ערוץ	Masc	Plur	עֲרוּצִים	עֲרוּץ	24
5	כדורגל	כדורגל	Masc	Sing	כַּדּוּרֶגֶל	כַּדּוּרֶגֶל	5
1	דיעבד	דיעבד	Masc	Sing	דִּיעֲבַד	דִּיעֲבַד	1
1	גרירים	גריר	Masc	Plur	גְּרִירִים	גָּרִיר	1
1	מנהיגי	מנהיג	Masc	Plur	מַנְהִיגִי	מַנְהִיג	7
22	קהל	קהל	Masc	Sing	קָהָל	קָהָל	24
8	מראות	מראה	Fem	Plur	מַרְאוֹת	מַרְאֶה	11
1	מלל	מלל	Masc	Sing	מְלַל	מְלַל	1
1	סביעים	סביע	Masc	Plur	סְבִיעִים	סָבִיעַ	1
2	דאות	דאות	Fem	Sing	דָּאוּת	דָּאוּת	2
2	המון	המון	Masc	Sing	הָמוֹן	הָמוֹן	2
1	ערבוביה	ערבוביה	Fem	Sing	עִרְבּוּבְיָה	עִרְבּוּבְיָה	1
1	פייק	פייק	Masc	Sing	פַּיְיק	פַּיְיק	1
1	עומת	עומה	Masc	Sing	עוּמַּת	עוּמָּה	1
1	הירות	הירות	Fem	Sing	הִירוּת	הִירוּת	1
1	חיסוי	חיסוי	Masc	Sing	חִיסּוּי	חִיסּוּי	1
2	פיצוצים	פיצוץ	Masc	Plur	פִּיצּוּצִים	פִּיצוּץ	3
49	אירוע	אירוע	Masc	Sing	אֵירוּעַ	אֵירוּעַ	81
1	ביפרים	ביפר	Masc	Plur	בִּיפָּרִים	בִּיפֶּר	1
1	עליחטה	עליחטה	Fem	Sing	עַלִיחֲטָה	עַלִיחֲטָה	1
1	קפטן	קפטן	Masc	Sing	קֶפְּטֶן	קֶפְּטֶן	1
1	מלילה	מלילה	Masc	Sing	מִלַּיְלָה	מִלַּיְלָה	1
5	ירח	ירח	Masc	Sing	יָרֵחַ	יָרֵחַ	5
1	ראות	ראות	Fem	Sing	רָאוּת	רָאוּת	1
49	ים	ים	Masc	Sing	יָם	יָם	49
5	צלצל	צלצל	Masc	Sing	צִּלְצֵל	צִּלְצֵל	5
1	אחטה	אחטה	Fem	Sing	אָחֲטָה	אָחֲטָה	1
1	צלצולים	צלצול	Masc	Plur	צִלְצוּלִים	צִּלְצוּל	3
2	זרם	זרם	Masc	Sing	זֶּרֶם	זֶּרֶם	4
3	התרגשות	התרגשות	Fem	Sing	הִתְרַגְּשׁוּת	הִתְרַגְּשׁוּת	3
1	פתעה	פתעה	Fem	Sing	פָּתְעָה	פָּתְעָה	3
2	אינדיקציה	אינדיקציה	Fem	Sing	אִינְדִּיקַצְיָה	אִינְדִּיקַצְיָה	2
11	רשימה	רשימה	Fem	Sing	רְשִׁימָה	רְשִׁימָה	13
4	מדת	מדת	Fem	Sing	מַדָּת	מַדָּת	12
2	לאתר	איתר	Fem	Sing	לַאֲתָר	אִיתֵּר	2
29	פסח	פסח	Masc	Sing	פֶּסַח	פֶּסַח	29
4	בחג	בחג	Masc	Sing	בְּחַג	בְּחַג	4
11	חוקים	חוק	Masc	Plur	חוּקִּים	חוֹק	33
7	כללים	כלל	Masc	Plur	כְּלָלִים	כְּלָל	81
2	התעסקות	התעסקות	Fem	Sing	הִתְעַסְקוּת	הִתְעַסְקוּת	2
1	מושגים	מושג	Masc	Plur	מוּשָּׂגִים	מוּשָּׂג	20
1	חירה	חירה	Fem	Sing	חִירָה	חִירָה	1
4	התחדשות	התחדשות	Fem	Sing	הִתְחַדְשׁוּת	הִתְחַדְשׁוּת	4
13	תקווה	תקווה	Fem	Sing	תִּקְוָוה	תִּקְוָוה	14
3	רגלים	רגל	Masc	Plur	רַגְלַיִם	רֶגֶל	25
1	מקדש	מקדש	Masc	Sing	מִקְדָּשׁ	מִקְדָּשׁ	1
1	שחגים	שחג	Masc	Plur	שְַׁחָגִים	שְַׁחָג	2
20	שבט	שבט	Masc	Sing	שֵׁבֶט	שֵׁבֶט	26
21	החג	החג	Masc	Sing	הַחַג	הַחַג	22
2	שליחים	שליח	Masc	Plur	שְׁלִיחִים	שָׁלִיחַ	2
5	טכנולוגיה	טכנולוגיה	Fem	Sing	טֶכְנוֹלוֹגְיָה	טֶכְנוֹלוֹגְיָה	7
3	מנהג	מנהג	Masc	Sing	מִנְהָג	מִנְהָג	5
2	גלויות	גלות	Fem	Plur	גָּלוּיוֹת	גָּלוּת	2
1	מחגים	מחג	Masc	Plur	מְחַגִּים	מַחַג	1
41	חמץ	חמץ	Masc	Sing	חָמָץ	חָמָץ	41
6	דגנים	דגן	Masc	Plur	דְּגָנִים	דָּגָן	6
3	ניקוי	ניקוי	Masc	Sing	נִיקּוּי	נִיקּוּי	3
5	חיטה	חיטה	Fem	Sing	חִיטָה	חִיטָה	5
2	שוקולדים	שוקולד	Masc	Plur	שׁוֹקוֹלָדִים	שׁוֹקוֹלָד	30
1	יטמינים	יטמין	Masc	Plur	יַטְמִינִים	יַטְמִין	1
2	אריזה	אריזה	Fem	Sing	אֲרִיזָה	אֲרִיזָה	4
1	רבנויות	רבנות	Fem	Plur	רַבָּנוּיוֹת	רַבָּנוֹת	1
3	כשר	כשר	Masc	Sing	כָּשָׂר	כָּשָׂר	3
3	כשרות	כשרות	Fem	Sing	כַּשָׁרוּת	כַּשָׁרוּת	3
2	קיור	קיור	Masc	Sing	קִיּוּר	קִיּוּר	2
6	מדפים	מדף	Masc	Plur	מַדָּפִים	מַדָּף	8
6	ארונות	ארון	Masc	Plur	אֲרוֹנוֹת	אָרוֹן	9
1	שאריות	שארית	Fem	Plur	שְׁאֵרִיּוֹת	שְׁאֵרִית	1
2	סנדוויץ'	סנדוויץ'	Masc	Sing	סֶנְדְּוִויץ'	סֶנְדְּוִויץ'	2
22	ליל	ליל	Masc	Sing	לֵיל	לֵיל	22
6	בדיקה	בדיקה	Fem	Sing	בְּדִיקָה	בְּדִיקָה	9
6	חתיכות	חתיכות	Fem	Plur	חֲתִיכוֹת	חֲתִיכוֹת	6
5	נרות	נר	Fem	Plur	נֵרוֹת	נֵר	5
1	נקיונות	נקיונות	Fem	Plur	נִקְיוֹנוֹת	נִקְיוֹנוֹת	1
6	סופרמרקטים	סופרמרקט	Masc	Plur	סוּפֶּרְמַרְקֶטִים	סוּפֶּרְמַרְקֶט	12
1	מאגרים	מאגר	Masc	Plur	מַאֲגָרִים	מַאֲגָּר	1
1	תערובות	תערובה	Fem	Plur	תַּעֲרוּבוֹת	תַּעֲרוּבָה	1
4	טירס	טירס	Masc	Sing	טִּירְס	טִּירְס	4
1	סויה	סויה	Fem	Sing	סוֹיָה	סוֹיָה	1
34	חופשה	חופשה	Fem	Sing	חוּפְשָׁה	חוּפְשָׁה	45
2	תחליפים	תחליף	Masc	Plur	תַּחֲלִיפִים	תַּחֲלִיף	3
3	קמח	קמח	Masc	Sing	קֶמַח	קֶמַח	3
1	מחיטה	מחיטה	Fem	Sing	מְחִיטָה	מְחִיטָה	1
1	כמחים	כמח	Masc	Plur	כְּמֵחִים	כַּמַּח	1
1	שקשרים	שקשר	Masc	Plur	שִׁקְשָׁרִים	שֶׁקְשָׁר	1
11	סופרים	סופר	Masc	Plur	סוֹפְרִים	סוֹפֵּר	59
2	רוקן	רוקן	Masc	Sing	רוֹקֵן	רוֹקֵן	2
6	שרים	שר	Masc	Plur	שָׂרִים	שַּׂר	26
5	הנחות	הנחה	Fem	Plur	הַנְּחוֹת	הַנָּחָה	9
1	גוי	גוי	Masc	Sing	גּוֹי	גּוֹי	1
4	מחסנים	מחסן	Masc	Plur	מַחְסָנִים	מַחְסָן	5
3	החלפת	החלפה	Fem	Sing	הַחְלָפַת	הַחְלָפָה	4
1	שליכה	שליכה	Fem	Sing	שְׁלִיכָה	שְׁלִיכָה	1
1	משעריות	משעריה	Fem	Plur	מִשְׁעָרִיּוּת	מִשְׁעָרֶיהָ	1
11	מפעלים	מפעל	Masc	Plur	מִפְעָלִים	מִפְעָל	22
4	גופים	גוף	Masc	Plur	גּוּפִים	גּוּף	47
1	שווי	שווי	Masc	Sing	שְׁוּוּי	שְׁוּוּי	1
4	שקל	שקל	Masc	Sing	שֶׁקֶל	שֶׁקֶל	10
6	שקלים	שקל	Masc	Plur	שְׁקָלִים	שֶׁקֶל	10
3	חוזה	חוזה	Masc	Sing	חוֹזֶה	חוֹזֶה	3
2	נציגים	נציג	Masc	Plur	נְצִיגִים	נָצִיג	4
1	פיתויים	פיתוי	Masc	Plur	פִּיתּוּיִים	פִּיתּוּי	1
1	טעימה	טעימה	Fem	Sing	טְעִימָה	טְעִימָה	4
3	הוראות	הוראה	Fem	Plur	הוֹרָאוֹת	הוֹרָאָה	5
14	הגדה	הגדה	Fem	Sing	הַגָּדָה	הַגָּדָה	17
8	מין	מין	Masc	Sing	מִין	מִין	25
1	ספרון	ספרון	Masc	Sing	סִּפְרוֹן	סִּפְרוֹן	1
12	אגדה	אגדה	Fem	Sing	אַגָּדָה	אַגָּדָה	14
2	רשימת	רשימה	Fem	Sing	רְשִׁימַת	רְשִׁימָה	13
1	אקסל	אקסל	Masc	Sing	אַקְסֶל	אַקְסֶל	1
1	V	V	Masc	Sing			1
2	הגדות	הגדה	Fem	Plur	הַגָּדוֹת	הַגָּדָה	17
1	גדה	גדה	Fem	Sing	גָּדָה	גָּדָה	4
5	עדות	עדות	Fem	Sing	עֵדוּת	עֵדוּת	5
3	גדות	גדה	Fem	Plur	גָּדוֹת	גָּדָה	4
1	אלטרנטיביות	אלטרנטיביות	Fem	Plur	אַלְטֶרְנָטִיבִיּוּת	אַלְטֶרְנָטִיבִיּוּת	1
4	התפקיד	התפקיד	Masc	Sing	הַתַּפְקִיד	הַתַּפְקִיד	4
3	תקסים	תקס	Masc	Plur	תַּקְסִים	תֶּקֶס	3
2	אגדות	אגדה	Fem	Plur	אַגָּדוֹת	אַגָּדָה	14
1	הגדת	הגדה	Fem	Sing	הַגָּדַת	הַגָּדָה	17
1	לדור	לדור	Masc	Sing	לְדוֹר	לְדוֹר	1
3	עורכים	ערך	Masc	Plur	עוֹרְכִים	עֵרֶךְ	29
10	טקס	טקס	Masc	Sing	טֶּקֶס	טֶּקֶס	10
19	שר	שר	Masc	Sing	שַּׂר	שַּׂר	26
3	מערכים	מערך	Masc	Plur	מַעֲרָכִים	מַעֲרָךְ	6
2	קערת	קערה	Fem	Sing	קַעֶרֶת	קְעָרָה	4
2	קערה	קערה	Fem	Sing	קְעָרָה	קְעָרָה	4
3	עומק	עומק	Masc	Sing	עוֹמֶק	עוֹמֶק	3
2	שמלים	שמל	Masc	Plur	שְׁמָלִים	שֶׂמֶל	2
1	עבדות	עבדות	Fem	Sing	עַבְדוּת	עַבְדוּת	1
3	הצלחת	הצלחה	Fem	Sing	הַצְּלָחַת	הַצְּלָחָה	25
1	מיעה	מיעה	Fem	Sing	מִיעָה	מִיעָה	2
4	מגע	מגע	Masc	Sing	מַגָּע	מַגָּע	4
1	שתיית	שתייה	Fem	Sing	שְׁתִיַּית	שְׁתִיָּיה	5
1	משתתף	משתתף	Masc	Sing	מִשְׁתַּתֵּף	מִשְׁתַּתֵּף	6
3	מיץ	מיץ	Masc	Sing	מִיץ	מִיץ	3
1	ענבים	ענב	Masc	Plur	עֲנָבִים	עָנָב	1
1	טירוש	טירוש	Masc	Sing	טֵירוּשׁ	טֵירוּשׁ	1
2	גאולה	גאולה	Fem	Sing	גְּאוּלָּה	גְּאוּלָּה	2
1	הצלה	הצלה	Fem	Sing	הַצָּלָה	הַצָּלָה	2
4	קריאת	קריאה	Fem	Sing	קְרִיאַת	קְרִיאָה	6
1	קידוש	קידוש	Masc	Sing	קִידּוּשׁ	קִידּוּשׁ	1
2	רכת	רכה	Fem	Sing	רֶכֶת	רַכָּה	11
6	צדק	צדק	Masc	Sing	צֶּדֶק	צֶּדֶק	6
1	בליל	בליל	Masc	Sing	בַּלַּיִל	בַּלַּיִל	1
2	מעבדות	מעבדה	Fem	Plur	מַעְבָּדוֹת	מַעְבָּדָה	3
1	חירות	חירות	Fem	Sing	חֵירוּת	חֵירוּת	1
2	חכמים	חכם	Masc	Plur	חֲכָמִים	חָכָם	3
6	שאלת	שאלה	Fem	Sing	שָׁאַלְתָּ	שְׁאֵלָה	94
1	שיבוא	שיבוא	Masc	Sing	שֶׁיָּבוֹא	שֶׁיָּבוֹא	1
1	ארניים	ארן	Masc	Plur	אַרְנַּיִים	אֶרֶן	1
11	אפיקומן	אפיקומן	Masc	Sing	אַפִּיקוֹמָן	אַפִּיקוֹמָן	11
5	חתיכה	חתיכה	Fem	Sing	חֲתִיכָה	חֲתִיכָה	6
6	מצה	מצה	Fem	Sing	מַצָּה	מַצָּה	6
1	סדרים	סדר	Masc	Plur	סְדָּרִים	סֵּדֶר	105
1	נייגה	נייגה	Fem	Sing	נַיְיגָה	נַיְיגָה	1
1	פקוקים	פקוק	Masc	Plur	פְּקוּקִים	פָּקוּק	1
4	קופסאות	קופסה	Fem	Plur	קוּפְסָאוֹת	קוּפְסָה	6
2	עבדים	עבד	Masc	Plur	עֲבָדִים	עָבַד	4
3	בעל	בעל	Masc	Sing	בַּעַל	בַּעַל	14
5	הכנות	הכנה	Fem	Plur	הֲכָנוֹת	הֲכָנָה	13
1	בעלה	בעלה	Masc	Sing	בַּעֲלָהּ	בַּעֲלָהּ	1
1	מדורית	מדורית	Fem	Sing	מְדוֹרִית	מְדוֹרִית	1
1	בישולים	בישול	Masc	Plur	בִּישּׁוּלִים	בִּישּׁוּל	4
2	מריבות	מריבה	Fem	Plur	מְרִיבוֹת	מְרִיבָה	2
1	סכסוכים	סכסוך	Masc	Plur	סִכְסוּכִים	סִּכְסוּךְ	8
16	הפתעה	הפתעה	Fem	Sing	הַפְּתָעָה	הַפְּתָעָה	21
10	מתכון	מתכון	Masc	Sing	מַתְּכוֹן	מַתְּכוֹן	11
1	מספיק	מספיק	Masc	Sing	מַסְפִּיק	מַסְפִּיק	1
3	ימ	יום	Masc	Sing	יַמ	יוֹם	402
3	חוסן	חוסן	Masc	Sing	חוֹסֶן	חוֹסֶן	3
12	מנהלת	מנהל	Fem	Sing	מְנַהֶלֶת	מְנַהֵל	41
1	אדמיניסטרציה	אדמיניסטרציה	Fem	Sing	אֶדְמִינִיסְטֶרְצִיָּה	אֶדְמִינִיסְטֶרְצִיָּה	1
1	טיפולים	טיפול	Masc	Plur	טִיפּוּלִים	טִיפּוּל	6
5	פעולות	פעולה	Fem	Plur	פְּעוּלּוֹת	פְּעוּלָּה	12
1	פסיכולוגים	פסיכולוג	Masc	Plur	פְּסִיכוֹלוֹגִים	פְּסִיכוֹלוֹג	2
1	פסיכיאטרים	פסיכיאטר	Masc	Plur	פְּסִיכִיאַטְרִים	פְּסִיכִיאָטֶר	1
5	טראומה	טראומה	Fem	Sing	טְרָאוּמָה	טְרָאוּמָה	6
2	אירוח	אירוח	Masc	Sing	אֵירוּחַ	אֵירוּחַ	2
4	פרחים	פרח	Masc	Plur	פְּרָחִים	פֶּרַח	4
6	הכנה	הכנה	Fem	Sing	הֲכָנָה	הֲכָנָה	13
14	חורף	חורף	Masc	Sing	חוֹרֶף	חוֹרֶף	14
2	חבילות	חבילות	Fem	Plur	חֲבִילוֹת	חֲבִילוֹת	2
3	בגד	בגד	Masc	Sing	בֶּגֶּד	בֶּגֶּד	18
6	עונה	עונה	Fem	Sing	עוֹנָה	עוֹנָה	10
8	סימן	סימן	Masc	Sing	סִּימָן	סִּימָן	14
3	חלונות	חלון	Masc	Plur	חַלּוֹנוֹת	חַלּוֹן	10
1	טריסים	טריס	Masc	Plur	טְרִיסִים	טְרִיס	1
3	ארון	ארון	Masc	Sing	אָרוֹן	אָרוֹן	9
11	אנרגיה	אנרגיה	Fem	Sing	אֵנֶרְגִּיָּה	אֵנֶרְגִּיָּה	15
2	הבית	הבית	Masc	Plur	הַבַּיִת	הַבַּיִת	2
1	עוצרת	עצר	Fem	Sing	עוֹצֶרֶת	עָצַר	1
1	עלה	עלה	Masc	Sing	עָלָה	עָלָה	2
1	מדברים	דיבר	Masc	Plur	מְדַבְּרִים	דִּיבֵּר	1
2	מסירה	מסירה	Fem	Sing	מְסִירָה	מְסִירָה	2
1	תחלופה	תחלופה	Fem	Sing	תַּחֲלוּפָה	תַּחֲלוּפָה	1
1	זריקת	זריקה	Fem	Sing	זְרִיקַת	זְרִיקָה	1
1	סבון	סבון	Masc	Sing	סַּבּוֹן	סַּבּוֹן	1
1	שארתי	שארת	Masc	Sing	שָׁאַרְתִּי	שָׁאַרְתָּ	1
8	סיר	סיר	Masc	Sing	סִּיר	סִּיר	14
3	תבשילים	תבשיל	Masc	Plur	תַּבְשִׁילִים	תַּבְשִׁיל	8
2	מוצאי	מוצאי	Masc	Plur	מוֹצָאִי	מוֹצָאִי	2
2	משימה	משימה	Fem	Sing	מְשִִׂימָה	מְשִִׂימָה	6
8	אורחים	אורח	Masc	Plur	אוֹרְחִים	אוֹרַח	15
7	קלות	קלות	Fem	Sing	קַלּוֹת	קַלּוֹת	7
1	חתנים	חתן	Masc	Plur	חֲתָנִים	חָתָן	6
1	חמות	חם	Fem	Plur	חַמּוֹת	חַם	2
1	תפריד	תפריד	Fem	Sing	תַּפְרִיד	תַּפְרִיד	1
5	קינוח	קינוח	Masc	Sing	קִינּוּחַ	קִינּוּחַ	6
1	ממוצע	ממוצע	Masc	Sing	מְמוּצָּע	מְמוּצָּע	1
2	צימוקים	צימוק	Masc	Plur	צִּימּוּקִים	צִּימּוּק	2
4	תבשיל	תבשיל	Masc	Sing	תַּבְשִׁיל	תַּבְשִׁיל	8
1	מרג	מרג	Masc	Sing	מַרְג	מַרְג	1
1	פולים	פולה	Masc	Plur	פּוֹלִים	פָּוֹלָה	1
2	פרגיות	פרגי	Fem	Plur	פְּרָגִיּוֹת	פִּרְגִּי	2
1	פרגית	פרגית	Fem	Sing	פְּרָגִית	פְּרָגִית	1
2	פרוסות	פרוסה	Fem	Plur	פְּרוּסוֹת	פְּרוּסָה	2
2	תוספת	תוספת	Fem	Sing	תּוֹסֶפֶת	תּוֹסֶפֶת	5
3	תפוחי	תפוח	Masc	Plur	תַּפּוּחִי	תַּפּוּחַ	3
6	עוגת	עוגה	Fem	Sing	עוּגַּת	עוּגָה	13
28	שוקולד	שוקולד	Masc	Sing	שׁוֹקוֹלָד	שׁוֹקוֹלָד	30
3	דג	דג	Masc	Sing	דָּג	דָּג	9
1	חלט	חלט	Masc	Sing	חֶלֶט	חֶלֶט	1
1	פטנט	פטנט	Masc	Sing	פָּטֵנְט	פָּטֵנְט	1
1	סעודה	סעודה	Fem	Sing	סְעוּדָה	סְעוּדָה	1
5	דלך	דלך	Masc	Sing	דֶּלֶךְ	דֶּלֶךְ	5
12	לחם	לחם	Masc	Sing	לֶחֶם	לֶחֶם	13
1	מבושלת	מבושלת	Fem	Sing	מְבוּשֶּׁלֶת	מְבוּשֶּׁלֶת	1
3	קני	קנים	Masc	Sing	קָּנִי	קָּנִים	3
1	כשד	כשד	Masc	Sing	כְּשֵׁד	כְּשֵׁד	1
1	מחברת	חיבר	Fem	Sing	מְחַבֶּרֶת	חִיבֵּר	1
2	מצרכים	מצרך	Masc	Plur	מִצְרָכִים	מִצְרָךְ	2
3	תפריטים	תפריט	Masc	Plur	תַּפְרִיטִים	תַּפְרִיט	14
1	לפריט	לפריט	Masc	Sing	לַפְּרִיט	לַפְּרִיט	1
2	קופסה	קופסה	Fem	Sing	קוּפְסָה	קוּפְסָה	6
3	פלסטיק	פלסטיק	Masc	Sing	פְּלַסְטִיק	פְּלַסְטִיק	3
2	מקררים	מקרר	Masc	Plur	מְקָרְרִים	מְקָרֵר	2
2	מקפיים	מקפי	Masc	Plur	מַקְפַּיִים	מַקְפִּי	2
3	רוך	רוך	Masc	Sing	רוֹךְ	רוֹךְ	3
1	אחסון	אחסון	Masc	Sing	אִחְסוּן	אִחְסוּן	1
2	האתגר	האתגר	Masc	Sing	הָאֶתְגָּר	הָאֶתְגָּר	2
3	צריכה	צריכה	Fem	Sing	צְּרִיכָה	צְּרִיכָה	4
3	משרה	משרה	Fem	Sing	מִשְׂרָה	מִשְׂרָה	3
1	סמרטות	סמרטה	Fem	Plur	סְמַרְטוּת	סְמַרְטָה	1
1	עיף	עיף	Masc	Sing	עִיף	עִיף	1
3	עונש	עונש	Masc	Sing	עוֹנֶשׁ	עוֹנֶשׁ	3
3	שירה	שירה	Fem	Sing	שִׁירָה	שִׁירָה	3
6	בנים	בן	Masc	Plur	בָּנִים	בֶּן	126
1	סדין	סדין	Masc	Sing	סָּדִין	סָּדִין	1
1	קושיות	קושיה	Fem	Plur	קוֹשִׁיּוֹת	קוֹשֶׁיהָ	1
6	ילדה	ילד	Fem	Sing	יַלְדָּה	יֶלֶד	283
1	סבים	סבא	Masc	Plur	סָּבִים	סַבָּא	7
2	אפיקומ	אפיקומ	Masc	Sing	אֶפִּיקוּמ	אֶפִּיקוּמ	2
3	נכדים	נכד	Masc	Plur	נְכָדִים	נֶכֶד	3
1	נחדות	נחדות	Fem	Plur	נְחָדוֹת	נְחָדוֹת	1
15	מתנה	מתנה	Fem	Sing	מַתָּנָה	מַתָּנָה	33
1	מתנת	מתנה	Fem	Sing	מַתֶּנֶת	מַתָּנָה	33
1	ניחום	ניחום	Masc	Sing	נִיחוּם	נִיחוּם	1
6	משפחת	משפחה	Fem	Sing	מִשְׁפַּחַת	מִשְׁפָּחָה	138
1	מחלוקות	מחלוקת	Fem	Plur	מַחֲלוֹקוֹת	מַחֲלוֹקֶת	1
2	אינטריגות	אינטריגה	Fem	Plur	אִינְטְרִיגוֹת	אִינְטְרִיגָה	2
2	סגולה	סגול	Fem	Sing	סְגוּלָּה	סָּגוֹל	2
1	אדות	אדות	Fem	Sing	אֵדוֹת	אֵדוֹת	1
1	אחווה	אחווה	Fem	Sing	אַחְוָוה	אַחְוָוה	1
3	פינות	פינה	Fem	Plur	פִּינּוֹת	פִּינָּה	19
5	מקסימום	מקסימום	Masc	Sing	מַקְסִימוּם	מַקְסִימוּם	5
3	ויכוחים	ויכוח	Masc	Plur	וִיכּוּחִים	וִיכּוּחַ	17
2	סלחנות	סלחנות	Fem	Sing	סַלְחָנוּת	סַלְחָנוּת	2
1	ותרנות	ותרנה	Fem	Sing	וַתָּרָנוּת	וְתַרְנָה	1
1	סטי	סטי	Masc	Sing	סְטִי	סְטִי	1
1	פוף	פוף	Masc	Sing	פּוּף	פּוּף	1
1	בפעם	בפעם	Fem	Sing	בְּפַעַם	בְּפַעַם	1
1	גיבורים	גיבור	Masc	Plur	גִּיבּוֹרִים	גִּיבּוֹר	2
3	יכולות	יכולת	Fem	Plur	יְכוֹלוֹת	יְכוֹלֶת	12
1	חוכמה	חוכמה	Fem	Sing	חוֹכְמָה	חוֹכְמָה	2
8	סיכום	סיכום	Masc	Sing	סִּיכּוּם	סִּיכּוּם	8
1	לחרוסת	לחרוסת	Fem	Sing	לַחֲרוֹסֶת	לַחֲרוֹסֶת	1
10	חרוסת	חרוסת	Fem	Sing	חֲרוֹסֶת	חֲרוֹסֶת	10
1	עלדי	עלד	Masc	Plur	עַלְדִּי	עֶלֶד	1
5	אף	אף	Masc	Sing	אַף	אַף	5
1	רשום	רשום	Masc	Sing	רָשׁוּם	רָשׁוּם	1
1	נוסח	נוסח	Masc	Sing	נוּסַּח	נוּסַּח	1
1	מרוקאי	מרוקא	Masc	Sing	מָרוֹקָאִי	מָרוֹקָא	1
2	שקדים	שקד	Masc	Plur	שְׁקֵדִים	שָׁקֵד	2
1	אגוזי	אגוז	Masc	Plur	אֱגוֹזִי	אֱגוֹז	2
6	מלך	מלך	Masc	Sing	מֶלֶךְ	מֶלֶךְ	10
1	אגוזים	אגוז	Masc	Plur	אֱגוֹזִים	אֱגוֹז	2
3	לבנים	לבנה	Masc	Plur	לְבָנִים	לְבָנָה	5
3	תמרים	תמרי	Masc	Plur	תָּמָרִים	תָּמָרִי	3
2	גולענים	גולען	Masc	Plur	גּוֹלְעָנִים	גּוֹלְעָן	2
2	ווקום	ווקום	Masc	Sing	וָוקוֹם	וָוקוֹם	2
2	גלעין	גלעין	Masc	Sing	גַּלְעִין	גַּלְעִין	2
1	חרצן	חרצן	Masc	Sing	חַרְצָן	חַרְצָן	1
3	פרי	פרי	Masc	Sing	פְּרִי	פְּרִי	19
12	מכונת	מכונה	Fem	Sing	מְכוֹנַת	מְכוּנֶּה	22
1	מיקס	מיקס	Masc	Sing	מֵיקְס	מֵיקְס	1
1	שתכ	שתך	Masc	Plur	שְַׁתָּכ	שְַׁתֵּךְ	1
4	סילן	סילן	Masc	Sing	סִּילָן	סִּילָן	4
3	סוכר	סוכר	Masc	Sing	סוּכָּר	סוּכָּר	4
3	צנצנת	צנצנת	Fem	Sing	צִּנְצֶנֶת	צִּנְצֶנֶת	3
1	הצנצנת	הצנצנה	Fem	Sing	הַצִּנְצֶנֶת	הַצִּנְצְנָה	1
1	קינמון	קינמון	Masc	Sing	קִינְּמוֹן	קִינְּמוֹן	1
1	ציפורן	ציפורן	Masc	Sing	צִּיפּוֹרֶן	צִּיפּוֹרֶן	1
1	זנגביל	זנגביל	Masc	Sing	זֶּנְגְבִּיל	זֶּנְגְבִּיל	1
16	ניסיון	ניסיון	Masc	Sing	נִיסָּיוֹן	נִיסָּיוֹן	20
1	ביתי	ביתי	Masc	Sing	בֵּיְתִי	בֵּיְתִי	1
3	שכנה	שכן	Fem	Sing	שְׁכֵנָה	שֶׁכֵּן	20
1	ממר	ממר	Masc	Sing	מַמַּר	מַמַּר	1
1	כעבדים	כעבד	Masc	Plur	כַּעֲבָדִים	כַּעֲבֹד	1
1	איחולים	איחול	Masc	Plur	אִיחוּלִים	אִיחוּל	4
1	משפחותי	משפחה	Fem	Plur	מִשְׁפְּחוֹתַי	מִשְׁפָּחָה	138
8	כפק	כפק	Masc	Sing	כָּפָק	כָּפָק	8
3	חרת	חרת	Masc	Sing	חֹרֶת	חֹרֶת	3
1	יוטיובר	יוטיובר	Masc	Sing	יוֹטְיוֹבֶר	יוֹטְיוֹבֶר	1
4	אוקיינוס	אוקיינוס	Masc	Sing	אוֹקְיָינוֹס	אוֹקְיָינוֹס	4
2	בקרים	בקר	Masc	Plur	בַּקָּרִים	בַּקַּר	5
1	לכתבה	לכתבה	Fem	Sing	לַכַּתָּבָה	לַכַּתָּבָה	1
10	בקשה	בקשה	Fem	Sing	בַּקָּשָׁה	בַּקָּשָׁה	11
3	בינה	בינה	Fem	Sing	בֵּינָהּ	בֵּינָהּ	3
1	אינטליגנציה	אינטליגנציה	Fem	Sing	אִינְטֵלִיגֶנְצִיָּה	אִינְטֵלִיגֶנְצִיָּה	1
8	אוזניות	אוזניה	Fem	Plur	אוֹזְנִיּוֹת	אוֹזְנֶיהָ	8
6	סנטינלים	סנטינלי	Masc	Plur	סֶּנְטִינָלִים	סֶּנְטִינָלִי	6
2	הערכות	הערכה	Fem	Plur	הַעֲרָכוֹת	הַעֲרָכָה	4
2	השבט	השבט	Masc	Sing	הַשֵּׁבֵּט	הַשֵּׁבֵּט	2
2	אבות	אב	Masc	Plur	אָבוֹת	אָב	12
1	אבותי	אב	Masc	Plur	אֲבוֹתַי	אָב	12
6	שבטים	שבט	Masc	Plur	שְׁבָטִים	שֵׁבֶט	26
9	תושבי	תושב	Masc	Plur	תּוֹשָׁבִי	תּוֹשָׁב	19
1	האי	הא	Masc	Plur	הָאִי	הָא	1
16	החלטה	החלטה	Fem	Sing	הַחְלָטָה	הַחְלָטָה	24
5	מחלות	מחלה	Fem	Plur	מַחֲלוֹת	מַחֲלָה	7
10	איסור	איסור	Masc	Sing	אִיסּוּר	אִיסּוּר	11
1	תבינ	תבין	Masc	Sing	תָּבִינ	תָּבִין	1
11	ריקודים	ריקוד	Masc	Plur	רִיקּוּדִים	רִיקּוּד	20
1	חניתות	חניתות	Fem	Plur	חֲנִיתוֹת	חֲנִיתוֹת	1
3	חצים	חצי	Masc	Plur	חִצִּים	חֲצִי	7
5	דייגים	דייג	Masc	Plur	דַּיָּיגִים	דַּיְּיג	5
1	הסירה	הסירה	Fem	Sing	הֵסִירָה	הֵסִירָה	1
2	זרמים	זרם	Masc	Plur	זְרָמִים	זֶּרֶם	4
3	מקלות	מקל	Masc	Plur	מַקְלוֹת	מַקֵּל	5
1	מבוק	מבוק	Masc	Sing	מָבוּק	מָבוּק	1
1	דכלילים	דכליל	Masc	Plur	דַּכְלִילִים	דַּכְלִיל	1
1	משמר	משמר	Masc	Sing	מִשְׁמָר	מִשְׁמָר	1
1	עקבותי	עקבה	Fem	Plur	עִקְבוֹתַי	עָקְבָה	1
3	מיסיונר	מיסיונר	Masc	Sing	מִיסְיוֹנֶר	מִיסְיוֹנֶר	3
2	צעיר	צעיר	Masc	Sing	צָּעִיר	צָּעִיר	27
2	נוצרים	נוצרי	Masc	Plur	נוֹצָרִים	נוֹצְרִי	2
3	אי	אי	Masc	Sing	אִי	אִי	3
5	מסר	מסר	Masc	Sing	מֶסֶר	מֶסֶר	8
1	מסוכ	מסוך	Masc	Sing	מַסּוּכ	מָסוּךְ	1
1	טראפיק	טראפיק	Masc	Sing	טְרַאפִיק	טְרַאפִיק	1
3	סוכ	סוך	Masc	Sing	סוּכ	סוּךְ	3
4	לוגר	לוגר	Masc	Sing	לוֹגֵּר	לוֹגֵּר	5
1	טיולי	טיול	Masc	Plur	טִיּוּלִי	טִיּוּל	100
2	אקסטרים	אקסטר	Masc	Sing	אֶקְסְטֵרִים	אֶקְסְטֶר	2
30	ביטוח	ביטוח	Masc	Sing	בִּיטּוּחַ	בִּיטּוּחַ	36
1	הצטל	הצטל	Masc	Sing	הִצְטֵל	הִצְטֵל	1
1	נשקים	נשק	Masc	Plur	נְשָׁקִים	נֶשֶׁק	10
4	חרבות	חרבות	Fem	Plur	חֲרָבוֹת	חֲרָבוֹת	4
18	מפגש	מפגש	Masc	Sing	מִפְגָּשׁ	מִפְגָּשׁ	25
1	תליבן	תליבן	Masc	Sing	תְּלִיבָן	תְּלִיבָן	1
1	סירת	סירה	Fem	Sing	סִּירַת	סִּירָה	5
3	גומי	גומי	Masc	Sing	גּוּמִי	גּוּמִי	3
1	שת	שת	Fem	Sing	שַּׁת	שַּׁת	1
3	יבשה	יבשה	Fem	Sing	יְבֵּשָׁה	יְבֵּשָׁה	3
9	מבקרים	מבקר	Masc	Plur	מְבַקְּרִים	מְבַקֵּר	17
4	סירה	סירה	Fem	Sing	סִּירָה	סִּירָה	5
1	חיצים	חיצה	Masc	Plur	חִיצִּים	חִיצָּה	1
2	חבלים	חבל	Masc	Plur	חֲבָלִים	חֲבָל	2
1	מצלמת	מצלמה	Fem	Sing	מַצְלֵמַת	מַצְלֵמָה	16
1	גופרו	גופרו	Masc	Sing	גּוֹפְרוֹ	גּוֹפְרוֹ	1
2	שומת	שומה	Fem	Sing	שַׂוּמֶת	שׁוּמָה	2
8	קולות	קול	Masc	Plur	קוֹלוֹת	קוֹל	12
1	שריקות	שריקה	Fem	Plur	שְׁרִיקוֹת	שְׁרִיקָה	1
11	פחד	פחד	Masc	Sing	פַּחַד	פַּחַד	17
1	מזכרת	מזכרת	Fem	Sing	מַזְכֶּרֶת	מַזְכֶּרֶת	1
4	פחית	פחית	Fem	Sing	פַּחִית	פַּחִית	4
2	קולה	קולה	Fem	Sing	קוֹלָהּ	קוֹלָהּ	2
1	דיווח	דיווח	Masc	Sing	דִּיוּוּחַ	דִּיוּוּחַ	2
5	מעצר	מעצר	Masc	Sing	מַעֲצָר	מַעֲצָר	6
1	מוש	מוש	Masc	Sing	מוּשׁ	מוּשׁ	1
1	הפרת	הפרה	Fem	Sing	הֲפָּרַת	הֲפָּרָה	1
2	קנס	קנס	Masc	Sing	קְנָס	קְנָס	3
1	כספי	כסף	Masc	Plur	כַּסְפִּי	כֶּסֶף	133
1	פין	פין	Masc	Sing	פִּין	פִּין	1
1	אומץ	אומץ	Masc	Sing	אוֹמֶץ	אוֹמֶץ	1
1	טמטום	טמטום	Masc	Sing	טִמְטוּם	טִמְטוּם	1
5	סקרנות	סקרנות	Fem	Sing	סַקְרָנוּת	סַקְרָנוּת	5
1	כצופים	כצוף	Masc	Plur	כַּצוֹפִים	כָּצוּף	1
2	יוצרים	יוצר	Masc	Plur	יוֹצְרִים	יוֹצֵר	2
1	שאיר	שאיר	Masc	Sing	שָׁאִיר	שָׁאִיר	1
1	חץ	חץ	Masc	Sing	חֵץ	חֵץ	1
1	משלחת	משלחת	Fem	Sing	מִשְׁלַחַת	מִשְׁלַחַת	1
1	ישנה	ישן	Fem	Sing	יֶשְׁנָהּ	יָשֵׁן	1
5	נימוס	נימוס	Masc	Sing	נִימוּס	נִימוּס	6
1	שלכות	שלכות	Fem	Plur	שְׁלָכוֹת	שְׁלָכוֹת	1
2	משתמש	משתמש	Masc	Sing	מִשְׁתַמֵּשׁ	מִשְׁתַמֵּשׁ	2
1	פלטפורמת	פלטפורם	Fem	Sing	פְּלַטְפוֹרְמֶת	פְּלַטְפוֹרְם	1
2	מנכל	"מנכ""ל"	Masc	Sing	מְנַכֵּל	"מַנְכַּ""ל"	2
6	דולרים	דולר	Masc	Plur	דּוֹלָרִים	דּוֹלָר	30
1	אחורי	אחורי	Masc	Plur	אֲחוֹרִי	אֲחוֹרִי	1
2	מהפכה	מהפכה	Fem	Sing	מַהְפְּכָה	מַהְפְּכָה	2
4	נתונים	נתון	Masc	Plur	נְתוּנִים	נָּתוּן	6
1	צריכת	צריכה	Fem	Sing	צְּרִיכַת	צְּרִיכָה	4
3	פרמטרים	פרמטר	Masc	Plur	פָּרָמֶטְרִים	פְּרֵמֶטֶר	3
3	איחוד	איחוד	Masc	Sing	אִיחוּד	אִיחוּד	3
1	חינמיות	חינמיות	Fem	Plur	חִינָּמִיּוֹת	חִינָּמִיּוֹת	1
3	כתיבה	כתיבה	Fem	Sing	כְּתִיבָה	כְּתִיבָה	5
1	בטון	בטון	Masc	Sing	בֵּטוֹן	בֵּטוֹן	1
1	הצ'אט	הצ'אט	Masc	Sing	הַצָּ'אט	הַצָּ'אט	1
1	איפהשה	איפהשה	Fem	Sing	אֵיפֹהשָׁה	אֵיפֹהשָׁה	1
5	מצד	מצד	Masc	Sing	מִצַּד	מִצַּד	5
4	תועלת	תועלת	Fem	Sing	תּוֹעֶלֶת	תּוֹעֶלֶת	4
2	כתיבת	כתיבה	Fem	Sing	כְּתִיבַת	כְּתִיבָה	5
1	לבני	לבנה	Masc	Plur	לִבְנֵי	לְבָנָה	5
1	מטומטמים	מטומטם	Masc	Plur	מְטוּמְטָמִים	מְטוּמְטָם	1
6	חינם	חינם	Masc	Sing	חִינָּם	חִינָּם	6
4	חישוב	חישוב	Masc	Sing	חִישּׁוּב	חִישּׁוּב	7
2	דרכונים	דרכון	Masc	Plur	דַּרְכּוֹנִים	דַּרְכּוֹן	3
1	ביזנס	ביזנס	Masc	Sing	בִּיזַנְס	בִּיזַנְס	1
2	מחלקה	מחלקה	Fem	Sing	מַחְלָקָה	מַחְלָקָה	3
2	פנטזיה	פנטזיה	Fem	Sing	פַּנְטַזְיָה	פַּנְטַזְיָה	2
5	תליה	תליה	Fem	Sing	תָּלְיָה	תָּלְיָה	5
7	מושב	מושב	Masc	Sing	מוֹשָׁב	מוֹשָׁב	11
4	נופש	נופש	Masc	Sing	נוֹפֶשׁ	נוֹפֶשׁ	4
4	דיל	דיל	Masc	Sing	דִּיל	דִּיל	5
6	טובה	טובה	Fem	Sing	טוֹבָה	טוֹבָה	15
1	ליעד	ליעד	Masc	Sing	לְיַעַד	לְיַעַד	1
1	פלוניה	פלוניה	Fem	Sing	פָּלוֹנְיָה	פָּלוֹנְיָה	1
1	ביטאת	ביטאת	Fem	Sing	בִּיטֵאת	בִּיטֵאת	1
2	חזור	חזור	Masc	Sing	חֲזוֹר	חֲזוֹר	2
4	ביקוש	ביקוש	Masc	Sing	בִּיקּוּשׁ	בִּיקּוּשׁ	4
1	השתיים	השתיים	Masc	Plur	הַשְּׁתַּיִים	הַשְּׁתַּיִים	1
1	נטבג	נטבג	Masc	Sing	נִטְבָּג	נִטְבָּג	1
1	צ'קין	צ'קין	Masc	Sing	צֵ'קִין	צֵ'קִין	1
1	בידוק	בידוק	Masc	Sing	בִּידּוּק	בִּידּוּק	1
1	דיילת	דייל	Fem	Sing	דַּיֶּילֶת	דַּיְּיל	5
4	אול	אול	Masc	Sing	אוֹל	אוֹל	4
4	מושבים	מושב	Masc	Plur	מוֹשָׁבִים	מוֹשָׁב	11
1	ריק	ריק	Masc	Sing	רֵיק	רֵיק	1
3	דיילות	דייל	Fem	Plur	דַּיָּילוֹת	דַּיְּיל	5
2	ברים	ביר	Masc	Plur	בָּרִים	בִּיר	2
2	אווירת	אווירה	Fem	Sing	אֲוִוירַת	אֲוִוירָה	37
2	צעקות	צעקה	Fem	Plur	צְּעָקוֹת	צְּעָקָה	2
17	שירותים	שירות	Masc	Plur	שֵׁירוּתִים	שֵּׁירוּת	46
8	מוזמנים	מוזמן	Masc	Plur	מוּזְמָנִים	מוּזְמָן	8
7	כפיים	כף	Masc		כַּפַּיִים	כַּף	10
16	היסטוריה	היסטוריה	Fem	Sing	הִיסְטוֹרְיָה	הִיסְטוֹרְיָה	16
4	מסורות	מסורת	Fem	Plur	מָסוֹרוֹת	מָסוֹרֶת	26
3	מכירת	מכירה	Fem	Sing	מְכִּירַת	מַכִּירָה	19
5	דגלי	דגל	Masc	Plur	דִּגְלִי	דֶּגֶּל	49
2	קדמות	קדמה	Fem	Sing	קְדָמוֹת	קִדְמָה	3
2	כרזת	כרזה	Fem	Sing	כָּרֶזֶת	כָּרְזָה	2
1	הכרזת	הכרזה	Fem	Sing	הַכְרָזַת	הַכְּרָזָה	1
5	תאריכים	תאריך	Masc	Plur	תַּאֲרִיכִים	תַּאֲרִיךְ	13
1	לועזיים	לועזי	Masc	Plur	לוֹעֲזִיִּים	לוֹעֲזִי	1
2	יוצא	יוצא	Masc	Sing	יוֹצֵא	יוֹצֵא	2
4	חגיגות	חגיגה	Fem	Plur	חֲגִיגוֹת	חֲגִיגָה	13
2	פועלים	פועל	Masc	Plur	פּוֹעֲלִים	פּוֹעֵל	11
5	שיום	שיום	Masc	Sing	שַּׁיוֹם	שַּׁיוֹם	5
9	זיכרון	זיכרון	Masc	Sing	זִיכָּרוֹן	זִיכָּרוֹן	9
2	חללי	חלל	Masc	Plur	חֲלָלִי	חָלָל	6
1	אבה	איבה	Fem	Sing	אַבָּה	אֵיבָה	1
2	הודות	הודות	Fem	Sing	הוֹדוֹת	הוֹדוֹת	2
13	מעבר	מעבר	Masc	Sing	מַעֲבָר	מַעֲבָר	13
1	עצבות	עצבות	Fem	Sing	עַצְבוּת	עַצְבוּת	1
2	קברות	קבר	Masc	Plur	קְבָרוֹת	קֶבֶר	2
3	צפירה	צפירה	Fem	Sing	צְּפִירָה	צְּפִירָה	5
4	עמידה	עמידה	Fem	Sing	עֲמִידָה	עֲמִידָה	4
1	הפרש	הפרש	Masc	Sing	הֶפְרֵשׁ	הֶפְרֵשׁ	1
7	הדלקת	הדלקה	Fem	Sing	הַדְלָקַת	הַדְלָקָה	7
1	מסואות	מסוא	Masc	Plur	מְסוֹאוֹת	מָסוֹא	1
2	מקל	מקל	Masc	Sing	מַקֵּל	מַקֵּל	5
5	משואות	משוא	Fem	Plur	מְשׁוֹאוֹת	מַשּׂוֹא	5
1	יושב	יושב	Masc	Sing	יוֹשֵׁב	יוֹשֵׁב	1
13	רמת	רמה	Fem	Sing	רָמַת	רָמָה	53
1	בכירים	בכיר	Masc	Plur	בְּכִירִים	בָּכִיר	1
1	גשרים	גשר	Masc	Plur	גְּשָׁרִים	גֶּשֶׁר	2
11	מאמן	מאמן	Masc	Sing	מְאַמֵּן	מְאַמֵּן	12
1	נבחרת	נבחרת	Fem	Sing	נִבְחֶרֶת	נִבְחֶרֶת	1
2	ג'ודו	ג'ודו	Masc	Sing	ג'וּדוֹ	ג'וּדוֹ	2
1	מדלית	מדלית	Fem	Sing	מֵדַלְיַת	מֵדַלְיַת	4
1	אולימפיאדת	אולימפיאדה	Fem	Sing	אוֹלִימְפִּיָּאדַת	אוֹלִימְפִּיָּאדָה	1
3	מסרים	מסר	Masc	Plur	מְסָרִים	מֶסֶר	8
1	מישהיא	משהיא	Fem	Sing	מִישֶׁהִיא	מִשֶּׁהִיא	1
1	משואה	משואה	Fem	Sing	מִשּׁוֹאָה	מִשּׁוֹאָה	1
1	חטיפה	חטיפה	Fem	Sing	חֲטִיפָה	חֲטִיפָה	5
3	מטווח	מטווח	Masc	Sing	מִטְוָוח	מִטְוָוח	3
2	פגיעות	פגיעות	Fem	Plur	פְּגִיעוֹת	פְּגִיעוֹת	2
3	השראה	השראה	Fem	Sing	הַשְׁרָאָה	הַשְׁרָאָה	4
4	אופטימיות	אופטימיות	Fem	Sing	אוֹפְּטִימִיּוּת	אוֹפְּטִימִיּוּת	4
1	דלקת	דלקת	Fem	Sing	דַּלֶקֶת	דַּלֶקֶת	1
4	פורסמים	פורסם	Masc	Plur	פּוּרְסְמִים	פּוּרְסַם	5
7	מופעים	מופע	Masc	Plur	מוֹפָעִים	מוֹפָע	10
5	פארקים	פארק	Masc	Plur	פַּארְקִים	פַּארְק	24
3	מחירי	מחיר	Masc	Plur	מְחִירִי	מְחִיר	90
9	זמר	זמר	Masc	Sing	זַמָּר	זַמָּר	17
12	הופעה	הופעה	Fem	Sing	הוֹפָּעָה	הוֹפָּעָה	31
3	מטבע	מטבע	Masc	Sing	מַטְבֵּעַ	מַטְבֵּעַ	7
2	גאון	גאון	Masc	Sing	גָּאוֹן	גָּאוֹן	2
4	זמרת	זמרת	Fem	Sing	זַמֶּרֶת	זַמֶּרֶת	4
20	שיש	שיש	Masc	Sing	שֶׁיֵּשׁ	שֶׁיֵּשׁ	20
5	קיר	קיר	Masc	Sing	קִיר	קִיר	10
9	נוע	נוע	Masc	Sing	נוֹעַ	נוֹעַ	9
5	הזמרת	הזמרה	Fem	Sing	הַזַּמֶּרֶת	הַזַּמָּרָה	5
7	הוצאות	הוצאה	Fem	Plur	הוֹצָאוֹת	הוֹצָאָה	7
1	לערב	עירב	Masc	Sing	לָעֶרֶב	עִירְב	1
1	מוכנות	מוכנה	Fem	Sing	מוּכָּנוּת	מוּכָּנָה	1
2	מופעי	מופע	Masc	Plur	מוֹפָעִי	מוֹפָע	10
2	העיר	העיר	Fem	Sing	הָעִיר	הָעִיר	2
5	סכומים	סכום	Masc	Plur	סְכוּמִים	סְכוּם	18
1	טויים	טוי	Masc	Plur	טוּיִים	טוּי	2
3	מדרכות	מדרכה	Fem	Plur	מִדְרָכוֹת	מִדְרָכָה	6
10	במה	במה	Fem	Sing	בְּמָה	בְּמָה	10
1	תיקון	תיקון	Masc	Sing	תִּיקּוּן	תִּיקּוּן	1
1	זיכוקים	זיכוק	Masc	Plur	זִיכּוּקִים	זִיכּוּק	1
4	זיקוקים	זיקוק	Masc	Plur	זִיקּוּקִים	זִיקּוּק	5
1	הרקטות	הרקטה	Fem	Plur	הַרְקֵטוֹת	הָרַקְטָה	1
1	שעפות	שעפה	Fem	Plur	שְׁעָפוֹת	שָׁעֲפָה	1
4	הרים	הר	Masc	Plur	הָרִים	הַר	20
1	טראומות	טראומה	Fem	Plur	טְרָאוּמוֹת	טְרָאוּמָה	6
9	מלחמות	מלחמה	Fem	Plur	מִלְחָמוֹת	מִלְחָמָה	155
2	אירועי	אירוע	Masc	Plur	אֵירוּעִי	אֵירוּעַ	81
1	מטס	מטס	Masc	Sing	מַטְס	מַטְס	1
1	מט	מט	Masc	Sing	מַט	מַט	1
2	טייסים	טייס	Masc	Plur	טַיָּיסִים	טַיָּיס	4
8	מנגל	מנגל	Masc	Sing	מַנְגֶּל	מַנְגֶּל	8
1	רביקי	רביק	Masc	Sing	רְבִּיקִי	רָבִיק	1
1	גחלים	גחל	Masc	Plur	גֶּחָלִים	גָּחֵל	1
5	חצר	חצר	Fem	Sing	חָצֵר	חָצֵר	5
3	לכת	לכת	Fem	Sing	לֶכֶת	לֶכֶת	3
9	גנים	גן	Masc	Plur	גַּנִּים	גַּן	17
1	שמיכה	שמיכה	Fem	Sing	שְׂמִיכָה	שְׂמִיכָה	1
1	מחצלת	מחצלה	Fem	Sing	מַחְצֶלֶת	מַחְצָּלָה	1
1	כבש	כבש	Masc	Sing	כֶּבֶשׂ	כֶּבֶשׂ	1
1	שוקיים	שוק	Masc	Plur	שׁוֹקַיִים	שׁוּק	19
12	עוף	עף	Masc	Sing	עוֹף	עַף	12
2	חזיר	חזיר	Masc	Sing	חֲזִיר	חֲזִיר	2
3	קשרות	קשרות	Fem	Plur	קְשָׁרוֹת	קְשָׁרוֹת	3
1	ירך	ירך	Masc	Sing	יָרֵךְ	יָרֵךְ	1
1	קבבים	קבב	Masc	Plur	קְבָבִים	קַבָּב	1
1	שיפוד	שיפוד	Masc	Sing	שִׁיפּוּד	שִׁיפּוּד	1
1	סטיקים	סטיק	Masc	Plur	סְטִיקִים	סְטִיק	4
2	בקר	בקר	Masc	Sing	בַּקַּר	בַּקַּר	5
1	נתח	נתח	Masc	Sing	נֶתַח	נֶתַח	1
2	אנטריקות	אנטריקה	Fem	Plur	אַנְטְרִיקוֹת	אַנְטְרִיקָה	2
1	תלית	תלית	Fem	Sing	תָּלִית	תָּלִית	1
39	דגלים	דגל	Masc	Plur	דְּגָלִים	דֶּגֶּל	49
1	מרפסות	מרפסת	Fem	Plur	מִרְפָּסוֹת	מִרְפֶּסֶת	15
1	רמזורים	רמזור	Masc	Plur	רַמְזוֹרִים	רַמְזוֹר	2
9	נהגים	נהג	Masc	Plur	נְהָגִים	נַהָג	27
8	גלים	גל	Masc	Plur	גַּלִים	גַּל	25
18	דיבור	דיבור	Masc	Sing	דִּיבּוּר	דִּיבּוּר	19
1	מחור	מחור	Masc	Sing	מָחוֹר	מָחוֹר	1
19	מלון	מלון	Masc	Sing	מָלוֹן	מָלוֹן	30
11	רעיונות	רעיון	Masc	Plur	רַעֲיוֹנוֹת	רַעְיוֹן	49
1	מרבסת	מרבסת	Masc	Sing	מַרְבֶּסֶת	מַרְבֶּסֶת	1
3	משלוח	משלוח	Masc	Sing	מִשְׁלוֹחַ	מִשְׁלוֹחַ	5
4	בוא	בוא	Masc	Sing	בּוֹא	בּוֹא	4
1	עיכוב	עיכוב	Masc	Sing	עִיכּוּב	עִיכּוּב	2
1	לחנויות	לחנות	Fem	Plur	לַחֲנוּיוֹת	לַחֲנוּת	1
1	טוויסט	טוויסט	Masc	Sing	טְוִויסְט	טְוִויסְט	1
3	עלילה	עלילה	Fem	Sing	עֲלִילָה	עֲלִילָה	4
2	פרסומים	פרסום	Masc	Plur	פִּרְסוּמִים	פִּרְסוּם	28
2	תגלים	תגלים	Masc	Plur	תַּגְלִים	תַּגְלִים	2
1	צים	צים	Masc	Plur	צִּים	צִּים	1
1	מורל	מורל	Masc	Sing	מוֹרְל	מוֹרְל	1
1	משפח	משפח	Masc	Sing	מִשְׁפָּח	מִשְׁפָּח	1
2	שביל	שביל	Masc	Sing	שְׁבִיל	שְׁבִיל	3
1	תדגלים	תדגל	Masc	Plur	תִּדְגָּלִים	תִּדְגֵּל	1
4	בנת	בנה	Fem	Sing	בָּנַת	בְּנָהּ	4
1	מגלים	גילה	Masc	Plur	מְגַלִּים	גִּילָה	1
1	אתגלים	אתגל	Masc	Plur	אֶתְגַּלִים	אֶתְגֵּל	1
1	נגלה	נגלה	Masc	Sing	נְגַּלָּה	נְגַּלָּה	1
1	צעדות	צעדה	Fem	Plur	צְּעָדוֹת	צָּעֲדָה	1
1	קפיצת	קפיצה	Fem	Sing	קְפִיצַת	קְפִיצָה	3
2	מדרגה	מדרגה	Fem	Sing	מַדְרֵגָה	מַדְרֵגָה	7
5	עצמות	עצם	Fem	Plur	עֲצָמוֹת	עֶצֶם	86
1	מתאב	מתאב	Masc	Sing	מַתְאֵב	מַתְאֵב	1
2	אוניברסיטת	אוניברסיטה	Fem	Sing	אוּנִיבֶרְסִיטַת	אוּנִיבֶרְסִיטָה	24
3	סטודנטים	סטודנט	Masc	Plur	סְטוּדֶנְטִים	סְטוּדֵנְט	3
2	עמותה	עמותה	Fem	Sing	עֲמוּתָּה	עֲמוּתָּה	3
2	נובה	נובה	Fem	Sing	נוֹבָה	נוֹבָה	2
1	מהשביל	מהשביל	Masc	Sing	מֵהַשְּׁבִיל	מֵהַשְּׁבִיל	1
5	דגל	דגל	Masc	Sing	דֶּגֶּל	דֶּגֶּל	49
7	צעד	צעד	Masc	Sing	צַעַד	צַעַד	13
1	בעצ	בעץ	Masc	Sing	בְּעֵצ	בָּעֵץ	1
1	פיק	פיק	Masc	Sing	פִּיק	פִּיק	1
2	פיצול	פיצול	Masc	Sing	פִּיצּוּל	פִּיצּוּל	2
2	סיטונאות	סיטונאות	Masc	Plur	סִּיטוֹנָאוּת	סִּיטוֹנָאוּת	2
1	סיתנות	סיתנות	Fem	Sing	סִּיתָּנוּת	סִּיתָּנוּת	1
2	קרבון	קרבון	Masc	Sing	קַרְבּוֹן	קַרְבּוֹן	2
1	גג	גג	Masc	Sing	גַּג	גַּג	1
1	קורי	קורה	Masc	Plur	קוּרִי	קוֹרֶה	1
10	אחות	אח	Fem	Sing	אָחוֹת	אָח	44
1	אחידות	אחידות	Fem	Sing	אֲחִידוּת	אֲחִידוּת	1
1	זגלים	זגל	Masc	Plur	זְגָלִים	זֶּגֶּל	1
8	ציונות	ציונות	Fem	Sing	צִּיוֹנוּת	צִּיוֹנוּת	8
1	השמחה	השמחה	Fem	Sing	הַשִּׂמְחָה	הַשִּׂמְחָה	1
4	כעס	כעס	Masc	Sing	כַּעַס	כַּעַס	5
1	ספונטניות	ספונטניות	Fem	Plur	סְפּוֹנְטָנִיּוֹת	סְפּוֹנְטָנִיּוֹת	1
29	במבה	במבה	Fem	Sing	בַּמַּבָּה	בַּמַּבָּה	34
28	חטיף	חטיף	Masc	Sing	חָטִיף	חָטִיף	39
6	הטיסה	הטיסה	Fem	Sing	הַטִּיסָה	הַטִּיסָה	9
1	טיבול	טיבול	Masc	Sing	טִיבּוּל	טִיבּוּל	1
1	זתר	זתר	Masc	Sing	זֶּתֶר	זֶּתֶר	1
1	אבוקדו	אבוקדו	Masc	Sing	אַבּוּקָדוֹ	אַבּוּקָדוֹ	1
2	מקומיים	מקומי	Masc	Plur	מְקוֹמִיִּים	מְקוֹמִי	2
24	מבה	מבה	Masc	Sing	מִבָּה	מִבָּה	24
11	חטיפים	חטיף	Masc	Plur	חֲטִיפִים	חָטִיף	39
1	רסיות	רסיה	Fem	Plur	רַסְיוֹת	רַסְיָה	1
2	אריזות	אריזה	Fem	Plur	אֲרִיזוֹת	אֲרִיזָה	4
1	פוקי	פוקי	Masc	Sing	פּוּקִי	פּוּקִי	1
2	טות	טות	Fem	Sing	טוּת	טוּת	2
2	תה	תה	Masc	Sing	תֶּה	תֶּה	2
1	טמטם	טמטם	Masc	Sing	טִמְטֵם	טִמְטֵם	1
1	יסקוויטים	יסקוויט	Masc	Plur	יֶסְקְוִויטִים	יֶסְקְוִויט	1
3	שכבה	שכבה	Fem	Sing	שִׁכְּבָה	שִׁכְּבָה	6
6	קרם	קרם	Masc	Sing	קְרֵם	קְרֵם	6
3	פיפס	פיפס	Masc	Sing	פִּיפְּס	פִּיפְּס	3
2	חמניה	חמניה	Fem	Sing	חַמָּנְיָה	חַמָּנְיָה	2
1	מלוכים	מלוך	Masc	Plur	מְלוּכִים	מָלוֹךְ	3
3	גרמנים	גרמני	Masc	Plur	גֶּרְמָנִים	גֶּרְמָנִי	5
1	הריבו	הריבו	Masc	Sing	הֵרִיבוּ	הֵרִיבוּ	1
1	דובוני	דובון	Masc	Plur	דּוּבּוֹנִי	דּוּבּוֹן	1
2	טאמים	טאמי	Masc	Plur	טָאמִים	טָאמִי	2
1	רוסים	רוסי	Masc	Plur	רוּסִים	רוּסִי	1
1	פיצ'י	פיצ'י	Masc	Sing	פִּיצִ'י	פִּיצִ'י	1
10	חלב	חלב	Masc	Sing	חָלָב	חָלָב	10
1	החטיף	החטיף	Masc	Sing	הֶחֱטִיף	הֶחֱטִיף	1
1	רשמל	רשמל	Masc	Sing	רַשְׁמַל	רַשְׁמַל	1
3	מבחר	מבחר	Masc	Sing	מִבְּחָר	מִבְּחָר	3
2	פיצוי	פיצוי	Masc	Sing	פִּיצּוּי	פִּיצּוּי	3
5	משתתפים	משתתף	Masc	Plur	מִשְׁתַּתְּפִים	מִשְׁתַּתֵּף	6
5	חובה	חובה	Fem	Sing	חוֹבָה	חוֹבָה	5
12	הולדת	הולדת	Fem	Sing	הוּלֶּדֶת	הוּלֶּדֶת	12
6	עצה	עצה	Fem	Sing	עֵצָה	עֵצָה	6
1	פח	פח	Masc	Sing	פַּח	פַּח	2
2	אוסם	אוסם	Masc	Sing	אוֹסֶם	אוֹסֶם	2
1	ציפויים	ציפוי	Masc	Plur	צִּיפּוּיִים	צִּיפּוּי	5
1	גריל	גריל	Masc	Sing	גְּרִיל	גְּרִיל	1
1	תבלין	תבלין	Masc	Sing	תַּבְלִין	תַּבְלִין	12
4	ציפוי	ציפוי	Masc	Sing	צִּיפּוּי	צִּיפּוּי	5
1	תינוק	תינוק	Masc	Sing	תִּינוֹק	תִּינוֹק	5
1	חמאת	חמאת	Fem	Sing	חֶמְאַת	חֶמְאַת	1
1	חמת	חמת	Fem	Sing	חֶמֶת	חֶמֶת	1
8	מכונה	מכונה	Masc	Sing	מְכוּנֶּה	מְכוּנֶּה	22
1	לגליל	לגליל	Masc	Sing	לַגָּלִיל	לַגָּלִיל	1
1	נופח	נופח	Masc	Sing	נוֹפֵּחַ	נוֹפֵּחַ	1
2	גליל	גליל	Masc	Sing	גָּלִיל	גָּלִיל	2
5	במבות	במבה	Fem	Plur	בַּמַּבּוֹת	בַּמַּבָּה	34
4	אפייה	אפייה	Fem	Sing	אֲפִיָּיה	אֲפִיָּיה	5
1	טוף	טוף	Masc	Sing	טוּף	טוּף	2
2	חמעת	חמעת	Fem	Sing	חֶמְעַת	חֶמְעַת	2
1	חימת	חימה	Fem	Sing	חֵימַת	חֵימָה	3
1	השלב	השלב	Masc	Sing	הַשָּׁלָב	הַשָּׁלָב	1
86	מלח	מלח	Masc	Sing	מֶלַח	מֶלַח	86
1	ויטמינים	ויטמין	Masc	Plur	וִיטָמִינִים	וִיטָמִין	1
1	רזל	רזל	Masc	Sing	רֶזֶל	רֶזֶל	1
3	שקיות	שקיה	Fem	Plur	שַּׂקִיּוֹת	שַּׂקִיָּה	4
1	משאיות	משאית	Fem	Plur	מַשָּׂאִיּוֹת	מַשָּׂאִית	7
2	גרסאות	גרסה	Fem	Plur	גִּרְסָאוֹת	גִּרְסָה	3
1	צורות	צורה	Fem	Plur	צוּרוֹת	צוּרָה	96
2	נוגת	נוגה	Fem	Sing	נוּגַּת	נוּגָּה	2
1	מבהם	מבהם	Masc	Sing	מְבַהֵם	מְבַהֵם	1
11	מבחן	מבחן	Masc	Sing	מִבְחָן	מִבְחָן	21
2	חלווה	חלווה	Fem	Sing	חַלְוָוה	חַלְוָוה	2
1	ממתק	ממתק	Masc	Sing	מַמְתָּק	מַמְתָּק	6
3	טקסט	טקסט	Masc	Sing	טֵקְסְט	טֵקְסְט	6
1	קיטקט	קיטקט	Masc	Sing	קִּיטֵקְט	קִּיטֵקְט	1
2	נוטלה	נוטלה	Fem	Sing	נוּטְּלָה	נוּטְּלָה	2
1	תוכי	תוכי	Masc	Sing	תּוֹכִי	תּוֹכִי	1
1	פטטס	פטטס	Masc	Sing	פָּטֵטְס	פָּטֵטְס	1
1	הפטת	הפטה	Fem	Sing	הַפֶּטֶת	הֲפָּטָה	1
1	ספריטס	ספריטס	Masc	Sing	סְפְּרִיטְס	סְפְּרִיטְס	1
1	התמכרות	התמכרות	Fem	Sing	הִתְמַכְּרוּת	הִתְמַכְּרוּת	1
1	מבוגר	מבוגר	Masc	Sing	מְבוּגָּר	מְבוּגָּר	11
1	ביצה	ביצה	Fem	Sing	בֵּיְצָה	בֵּיְצָה	5
1	תרנגולת	תרנגולת	Fem	Sing	תַּרְנְגוֹלֶת	תַּרְנְגוֹלֶת	1
1	אלופות	אלופה	Fem	Plur	אַלוּפוֹת	אַלוּפָה	3
1	אגרסיביות	אגרסיביות	Fem	Sing	אַגְרֵסִיבִיּוּת	אַגְרֵסִיבִיּוּת	1
7	הדרגה	הדרגה	Fem	Sing	הַדַּרְגָּה	הַדַּרְגָּה	7
1	ענקיות	ענקיה	Fem	Plur	עֲנָקִיּוֹת	עֲנָקֶיהָ	1
2	טאום	טאום	Masc	Sing	טָאוּם	טָאוּם	2
6	אחוז	אחוז	Masc	Sing	אָחוּז	אָחוּז	8
3	אלרגים	אלרג	Masc	Plur	אָלֶרְגִּים	אָלֵרְג	3
1	מלת	מילה	Fem	Sing	מִלַּת	מִילָּה	147
8	אלרגיה	אלרגיה	Fem	Sing	אָלֶרְגְּיָה	אָלֶרְגְּיָה	9
9	רופא	רופא	Masc	Sing	רוֹפֵּא	רוֹפֵּא	11
2	חוקר	חוקר	Masc	Sing	חוֹקֵר	חוֹקֵר	17
1	אימנולוגיה	אימנולוגיה	Fem	Sing	אִימָנוֹלוֹגְיָה	אִימָנוֹלוֹגְיָה	1
10	מחקר	מחקר	Masc	Sing	מֶחְקָר	מֶחְקָר	14
1	אלרגיות	אלרגיה	Fem	Plur	אָלֶרְגִּיוֹת	אָלֶרְגְּיָה	9
1	מרכזים	מרכז	Masc	Plur	מֶרְכָּזִים	מֶרְכָּז	37
1	נזרות	נזרה	Fem	Plur	נְזָרוֹת	נָּזְרָה	1
2	אכילה	אכילה	Fem	Sing	אֲכִילָה	אֲכִילָה	5
7	חשיפה	חשיפה	Fem	Sing	חֲשִׂיפָה	חֲשִׂיפָה	8
2	התפתחות	התפתחות	Fem	Sing	הִתְפַּתְּחוּת	הִתְפַּתְּחוּת	2
2	השגחה	השגחה	Fem	Sing	הַשְׁגָּחָה	הַשְׁגָּחָה	2
1	אוס	אוס	Masc	Sing	אוּס	אוּס	1
6	זכויות	זכות	Fem	Plur	זְכוּיוֹת	זְכוּת	27
1	פורמולה	פורמולה	Fem	Sing	פּוֹרְמוּלָה	פּוֹרְמוּלָה	1
1	פרינגלס	פרינגלס	Masc	Sing	פְּרִינְגְלְס	פְּרִינְגְלְס	1
50	אירוביזיון	אירוביזיון	Masc	Sing	אִירוֹבִיזְיוֹן	אִירוֹבִיזְיוֹן	50
2	מעריץ	מעריץ	Masc	Sing	מַעֲרִיץ	מַעֲרִיץ	3
1	לייב	לייב	Masc	Sing	לַיְּיב	לַיְּיב	1
27	גמר	גמר	Masc	Sing	גְּמָר	גְּמָר	85
4	תזכורת	תזכורת	Fem	Sing	תִּזְכּוֹרֶת	תִּזְכּוֹרֶת	4
1	יומן	יומן	Masc	Sing	יוֹמָן	יוֹמָן	1
6	פתיחה	פתיחה	Fem	Sing	פְּתִיחָה	פְּתִיחָה	10
4	חצאי	חצי	Masc	Plur	חֲצַאי	חֲצִי	7
6	איגוד	איגוד	Masc	Sing	אִיגּוּד	אִיגּוּד	6
1	נציג	נציג	Masc	Sing	נָצִיג	נָצִיג	4
2	להקה	להקה	Fem	Sing	לַהֲקָה	לַהֲקָה	4
1	משתתפות	משתתפות	Fem	Plur	מִשְׁתַּתְּפוֹת	מִשְׁתַּתְּפוֹת	1
1	מארגנים	ארגן	Masc	Plur	מְאַרְגְּנִים	אִרְגֵּן	2
1	VIP	VIP	Masc	Sing	לP	לP	1
1	גמרים	גמר	Masc	Plur	גְּמָרִים	גְּמָר	85
3	צופים	צופה	Masc	Plur	צוֹפִים	צוֹפֶּה	3
3	הצבעה	הצבעה	Fem	Sing	הַצְּבָעָה	הַצְּבָעָה	5
2	קטגוריה	קטגוריה	Fem	Sing	קָטֵגוֹרְיָה	קָטֵגוֹרְיָה	8
3	שיפוט	שיפוט	Masc	Sing	שִׁיפּוּט	שִׁיפּוּט	3
3	ועדת	ועדה	Fem	Sing	וַעֲדַת	וַעֲדָה	6
1	קריטריונים	קריטריון	Masc	Plur	קְרִיטֶרְיוֹנִים	קְרִיטֶרְיוֹן	1
1	ריזמה	ריזמה	Fem	Sing	רִיזְמָה	רִיזְמָה	1
10	מבצע	מבצע	Masc	Sing	מִבְצָע	מִבְצָע	16
1	קטגוריית	קטגוריה	Fem	Sing	קָטֵגוֹרְיָית	קָטֵגוֹרְיָה	8
1	הצבעת	הצבעה	Fem	Sing	הַצְּבָעַת	הַצְּבָעָה	5
19	שופטים	שופט	Masc	Plur	שׁוֹפְטִים	שׁוֹפֵּט	23
1	הצבעות	הצבעה	Fem	Plur	הַצְּבָעוֹת	הַצְּבָעָה	5
6	ניקוד	ניקוד	Masc	Sing	נִיקּוּד	נִיקּוּד	6
14	נקודות	נקודה	Fem	Plur	נְקוּדּוֹת	נְקוּדָּה	44
1	משירים	משיר	Masc	Plur	מְשִׁירִים	מָשִׁיר	2
2	שלוח	שלוח	Masc	Sing	שָׁלוּחַ	שָׁלוּחַ	2
3	פאן	פאן	Masc	Sing	פָּאן	פָּאן	3
1	תזמורות	תזמורה	Fem	Plur	תִּזְמוֹרוֹת	תִּזְמוּרָה	1
2	נגנים	נגן	Masc	Plur	נַגָּנִים	נַגָּן	2
1	תאר	תאר	Masc	Sing	תָּאֵר	תָּאֵר	1
3	הפקה	הפקה	Fem	Sing	הֲפָקָה	הֲפָקָה	7
1	מיקרופונים	מיקרופון	Masc	Plur	מַיְקְרוֹפוֹנִים	מַיְקְרוֹפוֹן	2
1	השירה	השירה	Fem	Sing	הַשִּׁירָה	הַשִּׁירָה	1
2	נגינה	נגינה	Fem	Sing	נְגִּינָה	נְגִּינָה	2
5	פיקוח	פיקוח	Masc	Sing	פִּיקּוּחַ	פִּיקּוּחַ	5
4	אזהרה	אזהרה	Fem	Sing	אַזְהָרָה	אַזְהָרָה	4
1	פסילה	פסילה	Fem	Sing	פְּסִילָה	פְּסִילָה	1
3	אופוזיציה	אופוזיציה	Fem	Sing	אוֹפּוֹזִיצְיָה	אוֹפּוֹזִיצְיָה	3
2	רמז	רמז	Masc	Sing	רֶמֶז	רֶמֶז	3
3	נשיא	נשיא	Masc	Sing	נָשִׂיא	נָשִׂיא	4
1	ישג	ישג	Masc	Sing	יֶשֶׂג	יֶשֶׂג	2
1	achievיבנ	achievיבן	Masc	Sing	Achievיבֶנ	Achievיבֶן	1
1	הברה	הברה	Fem	Sing	הֲבָרָה	הֲבָרָה	1
1	בום	בום	Masc	Sing	בּוּם	בּוּם	1
2	עון	עון	Masc	Sing	עוֹן	עוֹן	2
1	אנציקלופדיה	אנציקלופדיה	Fem	Sing	אֶנְצִיקְלוֹפֶּדְיָה	אֶנְצִיקְלוֹפֶּדְיָה	1
1	טבח	טבח	Masc	Sing	טֶּבַח	טֶּבַח	3
1	זכי	זכי	Masc	Sing	זְכִי	זְכִי	1
1	זכיות	זכית	Fem	Plur	זְכִיּוֹת	זָּכִית	1
1	משיר	משיר	Masc	Sing	מָשִׁיר	מָשִׁיר	2
1	טוי	טוי	Masc	Sing	טוּי	טוּי	2
1	להישג	להישג	Masc	Sing	לְהֶישֵּׂג	לְהֶישֵּׂג	1
1	סרכזי	סרכזי	Masc	Sing	סַרְכָּזִי	סַרְכָּזִי	1
2	שו	שו	Masc	Sing	שׁוּ	שׁוּ	2
1	טופשים	טופש	Masc	Plur	טוֹפְשִׁים	טוֹפֶּשׁ	1
1	מבושה	מבושה	Masc	Sing	מְבוּשָׁה	מְבוּשָׁה	1
2	להקת	להקה	Fem	Sing	לַהֲקַת	לַהֲקָה	4
1	וועדת	ועדה	Fem	Sing	וַועֲדַת	וַעֲדָה	6
5	דיון	דיון	Masc	Sing	דִּיּוּן	דִּיּוּן	5
1	פדיחות	פדיחות	Fem	Plur	פְּדִיחוּת	פְּדִיחוּת	1
1	בושות	בושות	Fem	Sing	בּוּשׁוֹת	בּוּשׁוֹת	1
4	מור	מור	Masc	Sing	מוּר	מוּר	4
1	חיידק	חיידק	Masc	Sing	חַיְידַּק	חַיְידַּק	2
3	חיבה	חיבה	Fem	Sing	חִיבָּה	חִיבָּה	3
1	אתסים	אתס	Masc	Plur	אַתָּסִים	אַתָּס	2
2	משיכה	משיכה	Fem	Sing	מְשִׁיכָה	מְשִׁיכָה	2
1	אקטואליה	אקטואליה	Fem	Sing	אַקְטוּאַלְיָה	אַקְטוּאַלְיָה	1
1	זיה	זיה	Masc	Sing	זַּיָּה	זַּיָּה	1
3	פורמט	פורמט	Masc	Sing	פּוֹרְמָט	פּוֹרְמָט	3
1	נטה	נטה	Masc	Sing	נָּטָה	נָּטָה	1
1	יירוביזיון	יירוביזיון	Masc	Sing	יִירוֹבִיזְיוֹן	יִירוֹבִיזְיוֹן	1
2	פרספקטיבה	פרספקטיבה	Fem	Sing	פְּרַסְפֶקְטִיבָה	פְּרַסְפֶקְטִיבָה	2
1	משכ	משכ	Masc	Sing	מֶשֶׁכ	מֶשֶׁכ	1
2	תמימות	תמימות	Fem	Sing	תְּמִימוּת	תְּמִימוּת	2
1	היבט	היבט	Masc	Sing	הֶיבֵּט	הֶיבֵּט	1
4	אירובזיון	אירובזיון	Masc	Sing	אִירוֹבֶזְיוֹן	אִירוֹבֶזְיוֹן	5
1	קדמי	קדמי	Masc	Sing	קִדְמִי	קִדְמִי	1
7	ירידה	ירידה	Fem	Sing	יְרִידָה	יְרִידָה	9
1	ניערים	ניער	Masc	Plur	נִיעָרִים	נִיעֵר	1
1	עמידות	עמידות	Fem	Sing	עֲמִידוּת	עֲמִידוּת	1
1	צופה	צפה	Masc	Sing	צוֹפֶּה	צָּפָה	2
5	ערבים	ערבי	Masc	Plur	עַרְבִּים	עַרְבִּי	5
1	תחרוית	תחרוית	Fem	Sing	תַּחֲרוּיַת	תַּחֲרוּיַת	1
1	קדם	קדם		Sing	קֶדֶם	קֶדֶם	1
1	אלופת	אלופה	Fem	Sing	אַלוּפַת	אַלוּפָה	3
1	אירובזיונים	אירובזיון	Masc	Plur	אֵירוֹבֶזְיוֹנִים	אִירוֹבֶזְיוֹן	5
1	רוביזיון	רוביזיון	Masc	Sing	רוֹבִּיזְיוֹן	רוֹבִּיזְיוֹן	1
1	מונים	מונה	Masc	Plur	מוֹנִים	מוּנָּה	1
1	ארוזיון	ארוזיון	Masc	Sing	אֵרוֹזְיוֹן	אֵרוֹזְיוֹן	1
2	אוריזיון	אוריזיון	Masc	Sing	אוּרִיזְיוֹן	אוּרִיזְיוֹן	2
3	טירוף	טירוף	Masc	Sing	טֵירוּף	טֵירוּף	3
1	אלופים	אלוף	Masc	Plur	אַלוּפִים	אַלוּף	3
3	נקודת	נקודה	Fem	Sing	נְקוּדַּת	נְקוּדָּה	44
1	מפנה	הפנה	Masc	Sing	מַפְנֶה	הִפְּנָה	1
2	אנטישמים	אנטישמ	Masc	Plur	אַנְטִישֵׁמִים	אַנְטִישֶׁמ	2
1	רגדנים	רגדן	Masc	Plur	רַגְדָּנִים	רַגְדָּן	1
1	חפלה	חפלה	Fem	Sing	חָפְלָה	חָפְלָה	1
1	מזרחית	מזרחי	Fem	Sing	מִזְרָחִית	מִזְרָחִי	1
1	אינטוזים	אינטוז	Masc	Plur	אִינְטוֹזִים	אִינְטוּז	1
47	חתונה	חתונה	Fem	Sing	חֲתוּנָּה	חֲתוּנָּה	91
4	חובבי	חובב	Masc	Plur	חוֹבְבִי	חוֹבֵב	12
1	רבזון	רבזון	Masc	Sing	רִבְזוֹן	רִבְזוֹן	1
17	גל	גל	Masc	Sing	גַּל	גַּל	25
2	שטנץ	שטנץ	Masc	Sing	שְׁטַנְץ	שְׁטַנְץ	2
1	השיטה	השיטה	Fem	Sing	הַשִּׁיטָה	הַשִּׁיטָה	1
1	דירגות	דירגה	Fem	Plur	דִּירֵגוֹת	דִּירְּגָה	1
2	סימפטיה	סימפטיה	Fem	Sing	סִּימְפַּטְיָה	סִּימְפַּטְיָה	2
1	שורדת	שורד	Fem	Sing	שָׂוֹרֶדֶת	שׂוֹרֵד	1
5	טוב	טוב	Masc	Sing	טוֹב	טוֹב	6
1	נציגה	נציג	Fem	Sing	נְצִיגָה	נָצִיג	4
3	מסיבת	מסיבה	Fem	Sing	מְסִיבַּת	מִסִּיבָּה	27
2	אמפטיה	אמפטיה	Fem	Sing	אֶמְפַּטְיָה	אֶמְפַּטְיָה	2
2	לדת	לדת	Fem	Sing	לַדָּת	לַדָּת	2
3	איזון	איזון	Masc	Sing	אִיזּוּן	אִיזּוּן	3
1	מטבעו	מטבעו	Masc	Sing	מִטִּבְעוֹ	מִטִּבְעוֹ	1
1	בידור	בידור	Masc	Sing	בִּידּוּר	בִּידּוּר	1
1	ירוב	יירוב	Masc	Sing	יָרוֹב	יֵירוּב	1
2	זיון	זיון	Masc	Sing	זִיּוּן	זִיּוּן	2
1	מצאר	מצאר	Masc	Sing	מָצָאר	מָצָאר	1
1	אלמנטים	אלמנט	Masc	Plur	אֵלֵמֶנְטִים	אֵלֵמֶנְט	6
1	רבים	רב	Masc	Plur	רַבִּים	רַב	5
1	סכם	סכם	Masc	Sing	סֶּכֶם	סֶּכֶם	2
1	ישגים	ישג	Masc	Plur	יֶשְׂגִּים	יֶשֶׂג	2
1	אלופי	אלוף	Masc	Plur	אַלוּפִי	אַלוּף	3
1	שחיות	שחייה	Fem	Plur	שְׁחִיּוֹת	שְׂחִיָּיה	9
1	צבעת	צבעה	Fem	Sing	צִּבַּעַת	צִּבְעָהּ	1
1	בירור	בירור	Masc	Sing	בֵּיְרוּר	בֵּיְרוּר	1
1	מידת	מידה	Fem	Sing	מִידַּת	מִידָּה	20
1	נתוני	נתון	Masc	Plur	נְתוּנֵי	נָּתוּן	6
1	רייטינגים	רייטינג	Masc	Plur	רַיְיטִינְגִּים	רַיְיטִינְג	1
1	ליחות	ליחה	Fem	Sing	לֵיחוֹת	לֵיחָה	1
1	מת	מת	Masc	Sing	מֵת	מֵת	1
1	אודישנים	אודישן	Masc	Plur	אוֹדִישָׁנִים	אוֹדִישָׁן	1
1	אנינה	אנינה	Fem	Sing	אָנִינָה	אָנִינָה	1
6	חובב	חובב	Masc	Sing	חוֹבֵב	חוֹבֵב	12
1	סינדרלות	סינדרלות	Fem	Plur	סִּינְדְרָלוֹת	סִּינְדְרָלוֹת	1
3	סיפורי	סיפור	Masc	Plur	סִּיפּוּרֵי	סִּיפּוּר	171
2	סינדרלה	סינדרלה	Fem	Sing	סִּינְדְרָלָה	סִּינְדְרָלָה	2
1	כוער	כוער	Masc	Sing	כּוֹעֵר	כּוֹעֵר	1
1	פנטים	פנט	Masc	Plur	פָּנֵטִים	פֵּנְט	1
1	וואו	וואו	Masc	Sing	ווּאוֹ	ווּאוֹ	1
1	דיפולט	דיפולט	Masc	Sing	דִּיפּוֹלְט	דִּיפּוֹלְט	1
1	חירפון	חירפון	Masc	Sing	חֵירָפוֹן	חֵירָפוֹן	1
1	צ'אצ'	צ'אצ'	Masc	Sing	צָ'אצ'	צָ'אצ'	1
1	בלדה	בלדה	Fem	Sing	בָּלְדָּה	בָּלְדָּה	2
7	כיוונים	כיוון	Masc	Plur	כִּיוּוּנִים	כִּיוּוּן	31
1	מחמות	מחמה	Fem	Plur	מְחָמוֹת	מֶחָמָה	1
1	בלדות	בלדה	Fem	Plur	בָּלָדוֹת	בָּלְדָּה	2
5	ווא	ווא	Masc	Sing	וָוא	וָוא	5
1	הרוויזיונים	הרוויזיון	Masc	Plur	הָרֵוִויזְיוֹנִים	הָרֵוִויזְיוֹן	1
1	פסטיבל	פסטיבל	Masc	Sing	פֶּסְטִיבָל	פֶּסְטִיבָל	4
1	ארובז	ארובז	Masc	Sing	אֲרוּבָּז	אֲרוּבָּז	1
5	אנטישמיות	אנטישמיות	Fem	Sing	אַנְטִישֵׁמִיּוֹת	אַנְטִישֵׁמִיּוֹת	5
1	השתתפויות	השתתפות	Fem	Plur	הִשְׁתַּתְּפוּיוֹת	הִשְׁתַּתְּפוּת	1
1	עשיריה	עשיריה	Fem	Sing	עֲשִׁירֶיהָ	עֲשִׁירֶיהָ	1
1	מעריצים	מעריץ	Masc	Plur	מַעֲרִיצִים	מַעֲרִיץ	3
3	גדולה	גדולה	Fem	Sing	גְּדוֹלָה	גְּדוֹלָה	3
8	חשק	חשק	Masc	Sing	חֵשֶׁק	חֵשֶׁק	8
12	עיניים	עין	Fem	Plur	עֵינַיִים	עַיִן	28
1	רמקולים	רמקול	Masc	Plur	רַמְקוֹלִים	רַמְקוֹל	2
3	כתפיים	כתפי	Fem	Plur	כְּתֵפַיִים	כְּתֵפִי	3
2	פטיש	פטיש	Masc	Sing	פַּטִּישׁ	פַּטִּישׁ	2
1	קילוגר	קילוגר	Masc	Sing	קִילוֹגֶּר	קִילוֹגֶּר	1
18	בריכה	בריכה	Fem	Sing	בְּרֵיכָה	בְּרֵיכָה	36
5	מאמץ	מאמץ	Masc	Sing	מַאֲמָץ	מַאֲמָץ	5
12	משכורת	משכורת	Fem	Sing	מַשְׂכּוֹרֶת	מַשְׂכּוֹרֶת	15
1	בוסית	בוסית	Fem	Sing	בּוֹסִית	בּוֹסִית	1
1	סכים	סכה	Masc	Plur	סַכִּים	סַּכָּה	1
1	הנת	הנה	Fem	Sing	הִנֵּת	הִנֵּה	1
14	נהיגה	נהיגה	Fem	Sing	נְהִיגָה	נְהִיגָה	15
1	רישיון	רישיון	Masc	Sing	רִישָּׁיוֹן	רִישָּׁיוֹן	1
1	נופית	נופי	Fem	Sing	נוֹפִית	נוֹפִּי	1
9	טעויות	טעות	Fem	Plur	טָעוּיוֹת	טָעוּת	23
1	רוורס	רוורס	Masc	Sing	רֵוֵורְס	רֵוֵורְס	1
1	טestר	טestר	Masc	Sing	טֶּשֶׁר	טֶּשֶׁר	1
4	פוך	פוך	Masc	Sing	פּוּךְ	פּוּךְ	4
4	משימות	משימה	Fem	Plur	מְשִִׂימוֹת	מְשִִׂימָה	6
6	מינימום	מינימום	Masc	Sing	מִינִימוּם	מִינִימוּם	6
1	סנטימטר	סנטימטר	Masc	Sing	סֶּנְטִימֵטֶר	סֶּנְטִימֵטֶר	4
5	בנק	בנק	Masc	Sing	בַּנְק	בַּנְק	11
1	ניירת	נייר	Fem	Sing	נְיֶירֶת	נְיָיר	7
4	ניירות	נייר	Masc	Plur	נְיָירוֹת	נְיָיר	7
30	קופי	קוף	Masc	Plur	קוֹפִּי	קוֹף	32
17	תרום	תרום	Masc	Sing	תָּרוּם	תָּרוּם	17
9	גישה	גישה	Fem	Sing	גִּישָׁה	גִּישָׁה	9
8	תומכים	תומך	Masc	Plur	תּוֹמְכִים	תּוֹמֵךְ	8
15	תרומה	תרומה	Fem	Sing	תְּרוּמָה	תְּרוּמָה	17
5	אונליין	אונליין	Masc	Sing	אוֹנְלַיְין	אוֹנְלַיְין	5
6	תשומת	תשומה	Fem	Sing	תְּשׂוּמֶת	תְּשׂוּמָה	6
7	עין	עין	Fem	Sing	עַיִן	עַיִן	28
6	קונטקסט	קונטקסט	Masc	Sing	קוֹנְטֵקְסְט	קוֹנְטֵקְסְט	6
1	הדירה	הדירה	Fem	Sing	הַדִּירָה	הַדִּירָה	1
1	מדיירים	מדייר	Masc	Plur	מְדַיְּירִים	מְדַיֵּיר	1
2	מיקום	מיקום	Masc	Sing	מִיקּוּם	מִיקּוּם	2
6	תל	תל	Masc	Sing	תֵּל	תֵּל	6
3	השעה	השעה	Fem	Sing	הַשָּׁעָה	הַשָּׁעָה	5
3	הפתעת	הפתעה	Fem	Sing	הַפְתָּעַת	הַפְּתָעָה	21
1	אקדח	אקדח	Masc	Sing	אֶקְדָּח	אֶקְדָּח	1
7	מתח	מתח	Masc	Sing	מֶתַח	מֶתַח	9
2	אדי	אד	Masc	Sing	אֵדִי	אֵד	2
3	שניות	שנייה	Fem	Plur	שְׁנִיּוֹת	שְׁנִיָּיה	28
2	עברת	עברה	Fem	Sing	עָבַרְתָּ	עָבְרָה	2
1	מסדרון	מסדרון	Masc	Sing	מִסְדְרוֹן	מִסְדְרוֹן	1
4	מכה	מכה	Fem	Sing	מַכָּה	מַכָּה	6
1	סקרן	סקרן	Masc	Sing	סַקְרָן	סַקְרָן	1
3	פרטיות	פרטי	Fem	Sing	פְּרָטִיּוּת	פְּרָטִי	3
1	הבטן	הבטן	Fem	Sing	הַבֶּטֶן	הַבֶּטֶן	1
1	בוניין	בוניין	Masc	Sing	בּוּנְיָין	בּוּנְיָין	1
4	נוף	נוף	Masc	Sing	נוֹף	נוֹף	6
9	שכנים	שכן	Masc	Plur	שְׁכֵנִים	שֶׁכֵּן	20
1	מאשנים	מאשן	Masc	Plur	מְאַשְּׁנִים	מְאֻשָׁן	1
3	עשן	עשן	Masc	Sing	עָשָׁן	עָשָׁן	3
2	הגיל	הגיל	Masc	Sing	הַגִּיל	הַגִּיל	2
1	קריוקי	קריוק	Masc	Sing	קַרְיוּקִי	קַרְיוּק	1
5	מחשבות	מחשבה	Fem	Plur	מַחֲשָׁבוֹת	מַחֲשָׁבָה	19
2	רובם	רובם	Masc	Plur	רוּבָּם	רוּבָּם	2
1	שיבי	שיב	Masc	Sing	שִׁיבִי	שִׁיב	1
10	סביבה	סביבה	Fem	Sing	סְבִיבָה	סְבִיבָה	19
22	ריאליטי	ריאליטי	Masc	Sing	רֵיאָלִיטִי	רֵיאָלִיטִי	22
5	מתמטיקה	מתמטיקה	Fem	Sing	מָתֵמָטִיקָה	מָתֵמָטִיקָה	5
1	חבורה	חבורה	Fem	Sing	חֲבוּרָה	חֲבוּרָה	1
4	סליחה	סליחה	Fem	Sing	סְלִיחָה	סְלִיחָה	4
1	תמטיקה	תמטיקה	Fem	Sing	תֵּמָטִיקָה	תֵּמָטִיקָה	1
4	מאזין	מאזין	Masc	Sing	מַאֲזִין	מַאֲזִין	77
2	תרומות	תרומה	Fem	Plur	תְּרוּמוֹת	תְּרוּמָה	17
7	דבש	דבש	Masc	Sing	דְּבַשׁ	דְּבַשׁ	7
2	סאונד	סאונד	Masc	Sing	סָאוּנְד	סָאוּנְד	2
2	קליקים	קליק	Masc	Plur	קְלִיקִים	קְלִיק	3
2	אוזניים	אוזן	Fem	Plur	אוֹזְנַיִים	אוֹזֶן	4
7	נערה	נערה	Fem	Sing	נַעֲרָה	נַעֲרָה	14
11	אוטובוסים	אוטובוס	Masc	Plur	אוֹטוֹבּוּסִים	אוֹטוֹבּוּס	55
1	גיבור	גיבור	Masc	Sing	גִּיבּוֹר	גִּיבּוֹר	2
1	השירות	השירות	Masc	Sing	הַשֵּׁירוּת	הַשֵּׁירוּת	1
1	ביס	ביס	Masc	Sing	בִּיס	בִּיס	1
1	סה	סה	Masc	Sing	סֶּה	סֶּה	1
3	מדים	מדים	Masc	Plur	מַדִּים	מַדִּים	3
5	דודים	דוד	Masc	Plur	דָּוִדִים	דָּוִד	13
1	ברכבות	ברכב	Masc	Plur	בָּרַכָּבוֹת	בְּרֶכֶב	1
7	נערות	נערה	Fem	Plur	נְעָרוֹת	נַעֲרָה	14
1	מכתב	מכתב	Masc	Sing	מִכְתָּב	מִכְתָּב	1
13	צב	צב	Masc	Sing	צָּב	צָּב	13
1	פרמסיט	פרמסיט	Masc	Sing	פָּרָמֵסִיט	פָּרָמֵסִיט	1
1	פרלסריום	פרלסריום	Masc	Sing	פַּרְלֶסְרִיּוּם	פַּרְלֶסְרִיּוּם	1
1	מליטר	מליטר	Masc	Sing	מֵלִיטֶר	מֵלִיטֶר	1
1	מסמך	מסמך	Masc	Sing	מִסְמָךְ	מִסְמָךְ	3
8	תחנות	תחנה	Fem	Plur	תַּחֲנוֹת	תַּחֲנָה	19
2	בדיקות	בדיקה	Fem	Plur	בְּדִיקוֹת	בְּדִיקָה	9
1	אפילפסיה	אפילפסיה	Fem	Sing	אַפִּילְפֶסְיָה	אַפִּילְפֶסְיָה	1
12	פרופיל	פרופיל	Masc	Sing	פְּרוֹפִיל	פְּרוֹפִיל	14
4	ציון	ציון	Masc	Sing	צִּיוֹן	צִּיוֹן	13
5	התאם	התאם	Masc	Sing	הֶתְאֵם	הֶתְאֵם	5
11	תפקידים	תפקיד	Masc	Plur	תַּפְקִידִים	תַּפְקִיד	48
4	חלוקה	חלוקה	Fem	Sing	חֲלוּקָּה	חֲלוּקָּה	4
6	שיטת	שיטה	Fem	Sing	שִׁיטַת	שִׁיטָה	14
2	גיון	גיון	Masc	Sing	גִּיוֹן	גִּיוֹן	5
7	יחידות	יחידה	Fem	Plur	יְחִידוֹת	יְחִידָה	18
1	קרביות	קרבי	Fem	Plur	קְרָבִיּוֹת	קְרָבִי	1
1	ראייה	ראייה	Fem	Sing	רְאִיָּיה	רְאִיָּיה	1
2	אפס	אפס	Masc	Sing	אֶפֶס	אֶפֶס	2
1	היגיון	היגיון	Masc	Sing	הִיגְּיוֹן	הִיגְּיוֹן	1
3	אישיות	אישיות	Fem	Sing	אִישִׁיּוּת	אִישִׁיּוּת	3
2	קבה	קבה	Masc	Sing	קֵבָה	קֵבָה	2
8	ראשי	ראש	Masc	Plur	רָאשִׁי	רֹאשׁ	96
8	תיבות	תיבה	Fem	Plur	תֵּיָבוֹת	תֵּיְבָה	8
1	אקרונים	אקרון	Masc	Plur	אַקְרוֹנִים	אַקְרוֹן	1
10	ראיון	ראיון	Masc	Sing	רֵאָיוֹן	רֵאָיוֹן	10
3	מוטיבציה	מוטיבציה	Fem	Sing	מוֹטִיבַצְיָה	מוֹטִיבַצְיָה	3
9	אפשרות	אפשרות	Fem	Sing	אֶפְשָׁרוּת	אֶפְשָׁרוּת	18
5	אופציות	אופציה	Fem	Plur	אוֹפְּצִיּוֹת	אוֹפְּצִיָּה	18
7	שורה	שורה	Fem	Sing	שׁוּרָה	שׁוּרָה	10
1	צ'ק	צ'ק	Masc	Sing	צֵ'ק	צֵ'ק	1
3	אתגרת	אתגרת	Fem	Sing	אֶתְגֶּרֶת	אֶתְגֶּרֶת	3
7	גדנה	גדנה	Fem	Sing	גָּדְנָה	גָּדְנָה	7
1	גדודי	גדוד	Masc	Plur	גְּדוּדִי	גְּדוּד	1
1	סמינר	סמינר	Masc	Sing	סֵּמִינָר	סֵּמִינָר	2
3	תלמידי	תלמיד	Masc	Plur	תַּלְמִידִי	תַּלְמִיד	48
7	מפקדים	מפקד	Masc	Plur	מְפַקְּדִים	מְפַקֵּד	14
1	הרחבה	הרחבה	Fem	Sing	הַרְחָבָה	הַרְחָבָה	1
2	משמט	משמט	Masc	Sing	מִשְׁמָט	מִשְׁמָט	2
2	מפקדת	מפקדה	Fem	Sing	מְפַקֶּדֶת	מִפְקָדָה	2
8	רשות	רשות	Fem	Sing	רְשׁוּת	רְשׁוּת	9
1	למידים	למיד	Masc	Plur	לְמִידִּים	לְמִיָּד	1
1	רוטינה	רוטינה	Fem	Sing	רוֹטִינָה	רוֹטִינָה	1
2	שיניים	שן	Fem	Plur	שִׁינַּיִים	שֵׁן	2
6	פעילויות	פעילות	Fem	Plur	פְּעִילוּיוֹת	פְּעִילוּת	14
5	ארוחות	ארוחה	Fem	Plur	אֲרוּחוֹת	אֲרוּחָה	35
2	מחנכות	מחנכה	Fem	Plur	מְחַנְּכוֹת	מְחַנְּכָה	2
1	מחנכים	מחנך	Masc	Plur	מְחַנְּכִים	מְחַנֵּךְ	1
7	כיתות	כיתות	Fem	Plur	כִּיתּוֹת	כִּיתּוֹת	7
5	סמכות	סמכות	Fem	Sing	סַמְכוּת	סַמְכוּת	5
9	עיקר	עיקר	Masc	Sing	עִיקָּר	עִיקָּר	9
2	שהמורים	שהמור	Masc	Plur	שֶׁהַמּוֹרִים	שֶׁהַמּוּר	2
1	סימולציה	סימולציה	Fem	Sing	סִּימוּלַצְיָה	סִּימוּלַצְיָה	1
2	דיסטנס	דיסטנס	Masc	Sing	דִּיסְטֵנְס	דִּיסְטֵנְס	2
1	התלמידים	התלמיד	Masc	Plur	הַתַּלְמִידִים	הַתַּלְמִיד	1
8	ציונים	ציון	Masc	Plur	צִּיוֹנִים	צִּיוֹן	13
1	לחיתה	לחיתה	Fem	Sing	לְחַיְתָה	לְחַיְתָה	1
1	בחנים	בחן	Masc	Plur	בְּחָנִים	בָּחַן	1
3	סיירות	סייר	Fem	Plur	סַּיְירוֹת	סַּיָּר	3
3	מיון	מיון	Masc	Sing	מִיּוּן	מִיּוּן	5
1	אילית	אילית	Fem	Sing	אִילִית	אִילִית	1
1	שקי	שק	Masc	Plur	שַּׂקִי	שַּׂק	13
3	זמנה	זמנה	Fem	Sing	זְמַנָּהּ	זְמַנָּהּ	4
1	סיירת	סיירת	Fem	Sing	סַיֶּירֶת	סַיֶּירֶת	1
1	מתקל	מתקל	Masc	Sing	מְתַקֵּל	מְתַקֵּל	1
1	שייטת	שייטה	Fem	Sing	שְַׁיֶיטֶת	שְַׁיָיטָה	1
1	שלדג	שלדג	Masc	Sing	שֶׁלְדָּג	שֶׁלְדָּג	1
3	אינפוס	אינפוס	Masc	Sing	אִינְפוּס	אִינְפוּס	3
9	מודיעין	מודיעין	Masc	Sing	מוֹדִיעִין	מוֹדִיעִין	9
3	סייבר	סייבר	Masc	Sing	סַּיְיבֶר	סַּיְיבֶר	3
5	הדרכה	הדרכה	Fem	Sing	הַדְרָכָה	הַדְרָכָה	5
2	מדריכות	מדריך	Fem	Plur	מַדְרִיכוֹת	מַדְרִיךְ	6
1	צניחה	צניחה	Fem	Sing	צְּנִיחָה	צְּנִיחָה	1
1	המרים	המר	Masc	Plur	הִמִרְיָם	הַמַּר	1
2	מיונים	מיון	Masc	Plur	מִיּוּנִים	מִיּוּן	5
15	מציאות	מציאות	Fem	Sing	מְצִיאוּת	מְצִיאוּת	15
2	טייס	טייס	Masc	Sing	טַיָּיס	טַיָּיס	4
2	חיל	חיל	Masc	Sing	חַיָּל	חַיָּל	2
6	התבגרות	התבגרות	Fem	Sing	הִתְבַגְּרוּת	הִתְבַגְּרוּת	6
1	הפסקות	הפסקה	Fem	Plur	הַפְּסָקוֹת	הַפְּסָקָה	22
1	פסיק	פסיק	Masc	Sing	פָּסִיק	פָּסִיק	1
1	הבעיה	הבעיה	Fem	Sing	הַבְּעָיָה	הַבְּעָיָה	1
1	צאת	צאת	Fem	Sing	צֵּאת	צֵּאת	1
2	מקצועות	מקצוע	Masc	Plur	מִקְצוֹעוֹת	מִקְצוֹעַ	29
2	דינמיקה	דינמיקה	Fem	Sing	דִּינָמִיקָה	דִּינָמִיקָה	2
2	ישון	יישון	Masc	Sing	יִשׁוֹן	יִישׁוֹן	2
4	דאגות	דאגה	Fem	Plur	דְּאָגוֹת	דְּאָגָה	5
1	כשתה	כשתה	Masc	Sing	כָּשְׁתָה	כָּשְׁתָה	1
3	מראה	מראה	Masc	Sing	מַרְאֶה	מַרְאֶה	11
3	פה	פה	Masc	Sing	פֹּה	פֹּה	8
1	חייל	חייל	Masc	Sing	חַיָּיל	חַיָּיל	26
1	הפחד	הפחד	Masc	Sing	הַפַּחַד	הַפַּחַד	1
2	הכרת	הכרה	Fem	Sing	הַכָּרַת	הַכָּרָה	8
1	ספרית	ספרית	Fem	Sing	סִפְרִית	סִפְרִית	1
3	טובות	טובה	Fem	Plur	טוֹבוֹת	טוֹבָה	15
2	מספרה	מספרה	Fem	Sing	מִסְפָּרָה	מִסְפָּרָה	2
1	בוידת	בוידה	Fem	Sing	בָּוִידַת	בָּוִידָה	1
9	עירייה	עירייה	Fem	Sing	עִירִיָּיה	עִירִיָּיה	17
3	לבת	לבת	Fem	Sing	לְבַּת	לְבַּת	3
1	מבטים	מבט	Masc	Plur	מַבָּטִים	מַבָּט	16
1	קשבתי	קשב	Fem	Sing	קָשַׁבְתִּי	קֶשֶׁב	3
6	ראליטי	ראליט	Masc	Sing	רָאלִיטִי	רָאלִיט	6
2	דייטים	דייט	Masc	Plur	דֵּיְיטִים	דֵּיְיט	4
24	זוגות	זוג	Masc	Plur	זוּגוֹת	זוּג	75
6	פגישה	פגישה	Fem	Sing	פְּגִישָׁה	פְּגִישָׁה	9
1	מנחה	מנחה	Masc	Sing	מַנְחֶה	מַנְחֶה	1
2	שחקן	שחקן	Masc	Sing	שְַׂחָקָן	שְַׂחָקָן	4
1	מתוכניות	מתוכנית	Fem	Plur	מִתּוֹכְנִיּוֹת	מִתּוֹכְנִית	1
4	תירוץ	תירוץ	Masc	Sing	תֵּירוּץ	תֵּירוּץ	5
2	צופ	צוף	Masc	Sing	צוֹפּ	צוּף	4
1	מועה	מועה	Masc	Sing	מוֹעֶה	מוֹעֶה	1
1	קליק	קליק	Masc	Sing	קְלִיק	קְלִיק	3
1	תסרית	תסרית	Fem	Sing	תַּסָרִית	תַּסָרִית	1
1	במאי	במאי	Masc	Sing	בַּמַּאי	בַּמַּאי	1
3	בישול	בישול	Masc	Sing	בִּישּׁוּל	בִּישּׁוּל	4
2	ריבועים	ריבוע	Masc	Plur	רִיבּוּעִים	רִיבּוּעַ	2
1	רואע	רואע	Masc	Sing	רוֹאֵעַ	רוֹאֵעַ	1
6	רצפה	רצפה	Fem	Sing	רִצְפָּה	רִצְפָּה	6
8	ריקוד	ריקוד	Masc	Sing	רִיקּוּד	רִיקּוּד	20
1	שופטות	שופט	Fem	Plur	שׁוֹפְטוֹת	שׁוֹפֵּט	23
1	נשכת	נשכה	Fem	Sing	נָשֶׁכֶת	נָּשְׁכָה	1
2	שפתיים	שפה	Fem	Plur	שְׂפָתַיִם	שָׂפָה	106
1	משכת	משכה	Fem	Sing	מָשְַׁכַת	מָשְׁכָה	1
1	נפילה	נפילה	Fem	Sing	נְפִילָה	נְפִילָה	1
1	נשוך	נשוך	Masc	Sing	נָּשׁוּךְ	נָּשׁוּךְ	1
1	עים	עים	Fem	Sing	עַיִם	עַיִם	1
1	קריבים	קריב	Masc	Plur	קְרִיבִים	קָרִיב	1
2	טיפוסים	טיפוס	Masc	Plur	טִיפּוּסִים	טִיפּוּס	3
1	ניפולציות	ניפולציה	Fem	Plur	נִיפּוּלַצְיוֹת	נִיפּוּלַצְיָה	1
1	הסדרות	הסדרה	Fem	Plur	הַסְּדָרוֹת	הַסִּדְרָה	2
1	שלישית	שלישייה	Fem	Sing	שְׁלִישִׁית	שְׁלִישִׁיָּיה	1
1	פלוט	פלוט	Masc	Sing	פְּלוֹט	פְּלוֹט	1
6	סופרמרקט	סופרמרקט	Masc	Sing	סוּפֶּרְמַרְקֶט	סוּפֶּרְמַרְקֶט	12
7	כוכבים	כוכב	Masc	Plur	כּוֹכָבִים	כּוֹכָב	15
3	תאימות	תאימה	Fem	Sing	תְּאִימוּת	תְּאִימָה	6
1	העדפות	העדפה	Fem	Plur	הַעֲדָפוֹת	הַעֲדָפָה	1
3	טכניקות	טכניקה	Fem	Plur	טֶכְנִיקוֹת	טֶכְנִיקָה	3
1	תיאורים	תיאור	Masc	Plur	תֵּיְאוּרִים	תֵּיָאוּר	2
1	רומנטיקה	רומנטיקה	Fem	Sing	רוֹמַנְטִיקָה	רוֹמַנְטִיקָה	1
1	פסיכולוגיה	פסיכולוגיה	Fem	Sing	פְּסִיכוֹלוֹגְיָה	פְּסִיכוֹלוֹגְיָה	1
2	הזוגות	הזוגה	Masc	Plur	הַזּוּגוֹת	הֲזוּגָהּ	2
2	ממבט	ממבט	Masc	Sing	מִמַּבָּט	מִמַּבָּט	2
1	תכונות	תכונה	Fem	Plur	תְּכוּנוֹת	תְּכוּנָה	1
1	הבחירה	הבחירה	Fem	Sing	הַבְּחִירָה	הַבְּחִירָה	1
1	זמרות	זמרות	Fem	Plur	זַמָּרוֹת	זַמָּרוֹת	1
8	תואר	תואר	Masc	Sing	תּוֹאַר	תּוֹאַר	8
1	פאנל	פנל	Masc	Sing	פָּאנֶל	פָּנָל	1
2	רוקדים	רקד	Masc	Plur	רוֹקְדִים	רָקַד	2
5	רקדנים	רקדן	Masc	Plur	רַקְדָּנִים	רַקְדָּן	7
2	סגנונות	סגנון	Masc	Plur	סִגְנוֹנוֹת	סִּגְנוֹן	9
1	סלסה	סלסה	Fem	Sing	סַלְסָה	סַלְסָה	1
1	לס	לס	Masc	Sing	לֵס	לֵס	1
1	הדכה	הדכה	Fem	Sing	הֲדַכָּה	הֲדַכָּה	1
53	מנוי	מנוי	Masc	Sing	מָּנוּי	מָּנוּי	53
1	דרכו	דרכו	Fem	Sing	דַּרְכּוֹ	דַּרְכּוֹ	1
1	תאמי	תאם	Masc	Sing	תָּאֳמִי	תָּאֵם	1
1	הזנת	הזנה	Fem	Sing	הֲזָנַת	הֲזָנָה	1
2	עניינות	עניינות	Fem	Plur	עִנְיָינוֹת	עִנְיָינוֹת	2
7	שינה	שינה	Fem	Sing	שֵׁינָה	שֵׁינָה	7
3	ספינת	ספינה	Fem	Sing	סְפִינַת	סְפִינָה	9
1	טען	טען	Masc	Sing	טָעַן	טָעַן	1
2	ריב	ריב	Masc	Sing	רִיב	רִיב	4
20	נזירים	נזיר	Masc	Plur	נְזִירִים	נָזִיר	22
4	מוזאון	מוזאון	Masc	Sing	מוּזֵאוֹן	מוּזֵאוֹן	4
4	פנסי	פנס	Masc	Plur	פָּנָסִי	פָּנָס	5
1	הקצין	הקצין	Masc	Sing	הַקָּצִין	הַקָּצִין	1
2	מטען	מטען	Masc	Sing	מִטְעָן	מִטְעָן	2
1	טון	טון	Masc	Sing	טוֹן	טוֹן	1
1	פיורד	פיורד	Masc	Sing	פְּיוֹרְד	פְּיוֹרְד	1
1	אוניית	אונייה	Fem	Sing	אוֹנִיַּית	אוֹנִיָּיה	3
2	הגינה	הגינה	Fem	Sing	הַגִּינָה	הַגִּינָה	2
16	עץ	עץ	Masc	Sing	עֵץ	עֵץ	41
1	מבתים	מבת	Masc	Plur	מִבָּתִים	מַבָּּת	1
3	ענקית	ענקי	Fem	Sing	עֲנָקִית	עֲנָקִי	3
1	צרות	צרה	Fem	Plur	צָּרוֹת	צָּרָה	2
1	שבדלת	שבדלת	Fem	Sing	שֶׁבַּדֶּלֶת	שֶׁבַּדֶּלֶת	1
3	פסקה	פסק	Fem	Sing	פִּסְקָה	פֶּסֶק	4
2	צלצול	צלצול	Masc	Sing	צִּלְצוּל	צִּלְצוּל	3
1	עזזל	עזזל	Masc	Sing	עִזְזֵל	עִזְזֵל	1
10	אוניה	אוניה	Fem	Sing	אוֹנְיָה	אוֹנְיָה	10
1	קצין	קצין	Masc	Sing	קָצִין	קָצִין	2
2	אוניות	אונייה	Fem	Plur	אוֹנִיּוּת	אוֹנִיָּיה	3
1	גדולות	גדולות	Fem	Plur	גְּדוֹלוֹת	גְּדוֹלוֹת	1
1	ששתות	ששת	Fem	Plur	שֶׁשָּׁתוּת	שֵׁשֶׁת	1
2	תיאוריה	תיאוריה	Fem	Sing	תֵּיָאוֹרְיָה	תֵּיָאוֹרְיָה	2
2	פנייה	פנייה	Fem	Sing	פְּנִיָּיה	פְּנִיָּיה	5
1	סלע	סלע	Masc	Sing	סֶלַע	סֶלַע	2
1	דלקים	דלק	Masc	Plur	דְּלָקִים	דֶּלֶק	13
1	גינה	גינה	Fem	Sing	גִּינָּה	גִּינָּה	1
4	רטוס	רטוס	Masc	Sing	רָטוּס	רָטוּס	4
1	הגי	הג	Masc	Sing	הַגִּי	הָג	1
5	מנזרים	מנזר	Masc	Plur	מִנְּזָרִים	מִנְּזָר	18
1	מתפללים	מתפלל	Masc	Plur	מִתְפַלְלִים	מִתְפַלֵּל	1
13	מנזר	מנזר	Masc	Sing	מִנְּזָר	מִנְּזָר	18
1	לויה	לויה	Masc	Sing	לְוָיָה	לְוָיָה	1
1	לנשים	לנש	Masc	Plur	לְנָשִׁים	לַנָּשׁ	1
1	נקבות	נקבה	Fem	Plur	נְקֵבוֹת	נְקֵבָה	4
1	פרות	פרות	Fem	Plur	פָּרוֹת	פָּרוֹת	1
1	כבסים	כבס	Masc	Plur	כְּבָסִים	כָּבֵס	1
1	סוסות	סוס	Fem	Plur	סוּסוֹת	סוּס	12
2	חיה	חיה	Fem	Sing	חַיָּה	חַיָּה	13
3	נקבה	נקבה	Fem	Sing	נְקֵבָה	נְקֵבָה	4
1	חתולה	חתולה	Fem	Sing	חֲתוּלָה	חֲתוּלָה	2
1	חתולות	חתולה	Fem	Plur	חֲתוּלוֹת	חֲתוּלָה	2
1	מעכברים	מעכבר	Masc	Plur	מְעַכְבְּרִים	מְעַכְבֵּר	1
12	חתול	חתול	Masc	Sing	חָתוּל	חָתוּל	16
11	כנסייה	כנסייה	Fem	Sing	כְּנֵסִיָּיה	כְּנֵסִיָּיה	11
1	אורתודוקסים	אורתודוקסי	Masc	Plur	אוֹרְתּוֹדוֹקְסִים	אוֹרְתּוֹדוֹקְסִי	1
15	חוקרים	חוקר	Masc	Plur	חוֹקְרִים	חוֹקֵר	17
2	מעבורת	מעבורת	Fem	Sing	מַעְבּוֹרֶת	מַעְבּוֹרֶת	2
2	סחורות	סחורה	Fem	Plur	סְחוֹרוֹת	סְחוֹרָה	4
1	הקדמה	הקדמה	Fem	Sing	הַקְדָּמָה	הַקְדָּמָה	5
2	חומה	חומה	Fem	Sing	חוֹמָה	חוֹמָה	2
4	חשיבות	חשיבות	Fem	Sing	חֲשִׁיבוּת	חֲשִׁיבוּת	4
1	רחנית	רחנית	Fem	Sing	רַחֲנִית	רַחֲנִית	1
4	פטריארך	פטריארך	Masc	Sing	פַּטְרִיאַרְךְ	פַּטְרִיאַרְךְ	4
1	תפילה	תפילה	Fem	Sing	תְּפִילָּה	תְּפִילָּה	1
1	אפיפיור	אפיפיור	Masc	Sing	אֶפִּיפְיוֹר	אֶפִּיפְיוֹר	1
2	גיטימציה	גיטימציה	Fem	Sing	גִּיטִימַצְיָה	גִּיטִימַצְיָה	2
3	אמונה	אמונה	Fem	Sing	אֱמוּנָה	אֱמוּנָה	3
1	קתולים	קתולי	Masc	Plur	קָתוֹלִים	קָתוֹלִי	1
2	מחאה	מחאה	Fem	Sing	מְחָאָה	מְחָאָה	3
2	מחוסר	מחוסר	Masc	Sing	מְחוּסָּר	מְחוּסָּר	2
1	אוטונומיה	אוטונומיה	Fem	Sing	אוֹטוֹנוֹמְיָה	אוֹטוֹנוֹמְיָה	1
6	שוטרים	שוטר	Masc	Plur	שׁוֹטְרִים	שׁוֹטֵר	8
1	בז	בז	Masc	Sing	בָּז	בָּז	1
2	חשדנות	חשדנות	Fem	Sing	חַשְׁדָנוּת	חַשְׁדָנוּת	2
3	הנהלת	הנהלה	Fem	Sing	הַנְּהָלַת	הַנְּהָלָה	9
6	צעדים	צעד	Masc	Plur	צְּעָדִים	צַעַד	13
1	תקן	תקן	Masc	Sing	תֶּקֶן	תֶּקֶן	1
1	ספינות	ספינות	Fem	Plur	סְפִינוֹת	סְפִינוֹת	1
2	נזיר	נזיר	Masc	Sing	נָזִיר	נָזִיר	22
1	גינון	גינון	Masc	Sing	גִּינּוּן	גִּינּוּן	1
1	מגרפות	מגרפת	Fem	Plur	מַגְרְפוֹת	מַגְּרֶפֶת	1
1	מעדרים	מעדר	Masc	Plur	מְעַדְּרִים	מַעְדֵּר	1
2	מכות	מכה	Fem	Plur	מַכּוֹת	מַכָּה	6
1	צלעות	צלעת	Fem	Plur	צְּלָעוֹת	צַּלַעַת	1
3	טיפול	טיפול	Masc	Sing	טִיפּוּל	טִיפּוּל	6
1	כותרות	כותרת	Fem	Plur	כּוֹתָרוֹת	כּוֹתֶרֶת	2
1	שרבים	שרב	Masc	Plur	שְׁרַבִּים	שָׁרָב	1
1	קונפליקטים	קונפליקט	Masc	Plur	קוֹנְפְלִיקְטִים	קוֹנְפְלִיקְט	4
7	דת	דת	Fem	Sing	דָּת	דָּת	8
1	חופי	חוף	Masc	Plur	חוֹפִי	חוֹף	23
1	ילדת	ילד	Fem	Sing	יַלְדַּת	יֶלֶד	283
2	שגרת	שגרה	Fem	Sing	שִׁגְרַת	שִׁגְרָה	7
1	מקלחות	מקלחת	Fem	Plur	מִקְלָחוֹת	מִקְלַחַת	4
1	רדמות	רדמה	Fem	Sing	רְדָמוֹת	רָדְמָה	1
1	אינבוקס	אינבוקס	Masc	Sing	אִינְבּוּקְס	אִינְבּוּקְס	1
1	פוצץ	פוצץ	Masc	Sing	פּוֹצֵץ	פּוֹצֵץ	1
2	חצות	חצות	Fem	Sing	חֲצוֹת	חֲצוֹת	2
1	אטרקטיביות	אטרקטיביות	Fem	Sing	אַטְרַקְטִיבִיּוּת	אַטְרַקְטִיבִיּוּת	1
4	שתייה	שתייה	Fem	Sing	שְׁתִיָּיה	שְׁתִיָּיה	5
1	הכנסה	הכנסה	Fem	Sing	הַכְּנָסָה	הַכְּנָסָה	4
2	השעות	השעה	Fem	Plur	הַשָּׁעוֹת	הַשָּׁעָה	5
4	סאבים	סאב	Masc	Plur	סָאבִים	סָאב	4
12	מועדון	מועדון	Masc	Sing	מוֹעֲדוֹן	מוֹעֲדוֹן	16
1	מאזינות	מאזין	Masc	Plur	מַאֲזִינוֹת	מַאֲזִין	77
1	בוסים	בוס	Masc	Plur	בּוֹסִים	בּוֹס	3
2	שנינו	שנינו	Masc	Plur	שְׁנֵינוּ	שְׁנֵינוּ	2
1	ברנץ	ברנץ	Masc	Sing	בְּרֵנְץ	בְּרֵנְץ	1
15	תחבורה	תחבורה	Fem	Sing	תַּחְבּוּרָה	תַּחְבּוּרָה	15
1	תזמי	תזם	Masc	Plur	תַּזְמִי	תֶּזֶם	1
1	טרסה	טרסה	Fem	Sing	טָּרְסָה	טָּרְסָה	1
3	מסעדנות	מסעדנה	Masc	Plur	מַסְעֲדָנוּת	מַסְעַדְנָה	3
9	עיצוב	עיצוב	Masc	Sing	עִיצּוּב	עִיצּוּב	9
1	הסעדה	הסעדה	Fem	Sing	הַסְּעָדָה	הַסְּעָדָה	1
1	ביקרת	ביקרת	Fem	Sing	בִּיקַּרְתָּ	בִּיקַּרְתָּ	1
1	חילופי	חילוף	Masc	Plur	חִילּוּפִי	חִילּוּף	1
1	רגשתי	רגש	Fem	Sing	רָגַשְׁתִּי	רֶגֶשׁ	7
2	זג	זג	Masc	Sing	זֶג	זֶג	2
4	תודעה	תודעה	Fem	Sing	תּוֹדָעָה	תּוֹדָעָה	4
1	מרצים	מרץ	Masc	Plur	מַרְצִים	מֶרֶץ	1
1	תיישבתי	תיישב	Masc	Sing	תְּיַישַּׁבְתִּי	תְּיַישֵּׁב	1
1	פינונית	פינונית	Fem	Sing	פִּינּוּנִית	פִּינּוּנִית	1
1	מספרדים	מספרד	Masc	Plur	מִסְפָרַדִים	מִסְפָרַד	1
1	שתפות	שתפה	Fem	Sing	שְׁתֵּפוּת	שָׁתְפָה	1
2	מחסום	מחסום	Masc	Sing	מַחְסוֹם	מַחְסוֹם	2
1	תובנה	תובנה	Fem	Sing	תּוֹבָנָה	תּוֹבָנָה	1
1	קטלונים	קטלון	Masc	Plur	קָטָלוֹנִים	קָטָלוֹן	1
1	עברה	עבר	Fem	Sing	עָבְרָה	עָבַר	23
1	בררים	בררי	Masc	Plur	בְּרָרִים	בְּרָרִי	1
1	קטלה	קטלה	Fem	Sing	קְטָלָה	קְטָלָה	1
1	בלגן	בלגן	Masc	Sing	בָּלָגָן	בָּלָגָן	1
1	שבת	שבת	Fem	Sing	שַּׁבָּת	שַּׁבָּת	2
25	מרחב	מרחב	Masc	Sing	מֶרְחָב	מֶרְחָב	32
1	קטלנים	קטלן	Masc	Plur	קַטְלָנִים	קַטְלָן	1
4	שפתוחים	שפתוח	Masc	Plur	שִׁפְתוּחִים	שֶׁפָּתוּחַ	4
8	מדתי	מדת	Masc	Sing	מַדְתִּי	מַדָּת	12
2	קישורי	קישורים	Masc	Plur	קִישּׁוּרֵי	קִישּׁוּרִים	2
1	לשיחות	לשיחות	Fem	Plur	לְשִִׂיחוֹת	לְשִִׂיחוֹת	1
1	שלך	שלך	Fem	Sing	שֶׁלְּךָ	שֶׁלְּךָ	1
1	בטעטע	בטעטע	Masc	Sing	בְּטַעְטַע	בְּטַעְטַע	1
3	זרימה	זרימה	Fem	Sing	זְּרִימָה	זְּרִימָה	7
2	מלצרית	מלצרית	Fem	Sing	מֶלְצָרִית	מֶלְצָרִית	2
1	מדובבים	מדובב	Masc	Plur	מְדוּבָּבִים	מְדוּבָּב	4
3	קשבה	קשבה	Fem	Sing	קָּשְׁבָה	קָּשְׁבָה	3
1	מפתח	מפתח	Masc	Sing	מַפְתֵּחַ	מַפְתֵּחַ	1
1	הבושה	הבושה	Fem	Sing	הַבּוּשָׁה	הַבּוּשָׁה	1
2	טיפ	טיף	Masc	Sing	טִּיפּ	טִּיף	5
1	מחלום	מחלום	Masc	Sing	מַחֲלוֹם	מַחֲלוֹם	1
1	דיאלוג	דיאלוג	Masc	Sing	דִּיאָלוֹג	דִּיאָלוֹג	1
1	חושמור	חושמור	Masc	Sing	חוּשְׁמוֹר	חוּשְׁמוֹר	1
1	מכשול	מכשול	Masc	Sing	מִכְשׁוֹל	מִכְשׁוֹל	1
2	הומור	הומור	Masc	Sing	הוּמוֹר	הוּמוֹר	2
1	בול	בול	Masc	Sing	בּוּל	בּוּל	2
1	מסקנה	מסקנה	Fem	Sing	מַסְקָנָה	מַסְקָנָה	1
1	סיטואציות	סיטואציה	Fem	Plur	סִּיטוּאַצְיוֹת	סִּיטוּאַצְיָה	14
3	אינטראקציות	אינטראקציות	Fem	Plur	אִינְטֶרְאַקְצִיּוֹת	אִינְטֶרְאַקְצִיּוֹת	3
1	מימד	ממד	Masc	Sing	מִימָּד	מְמַד	4
6	פתח	פתח	Masc	Sing	פֶּתַח	פֶּתַח	6
2	שמיעה	שמיעה	Fem	Sing	שְׁמִיעָה	שְׁמִיעָה	2
1	גרמטיקה	גרמטיקה	Fem	Sing	גֶּרְמָטִיקָה	גֶּרְמָטִיקָה	1
5	דרג	דרג	Masc	Sing	דֶּרֶג	דֶּרֶג	5
3	ספוטיפיי	ספוטיפי	Masc	Sing	סְפּוֹטִיפַּיי	סְפּוֹטִיפִי	3
24	אזינות	אזינות	Fem	Sing	אֲזִינוּת	אֲזִינוּת	24
1	התראת	התראה	Fem	Sing	הִתְרָאַת	הַתְּרָאָה	3
1	חירום	חירום	Masc	Sing	חֵירוּם	חֵירוּם	1
1	הנחיות	הנחיה	Fem	Plur	הַנְּחָיוֹת	הַנְּחָיָה	1
1	פיקוד	פיקוד	Masc	Sing	פִּיקּוּד	פִּיקּוּד	1
1	עורף	עורף	Masc	Sing	עוֹרֶף	עוֹרֶף	1
3	אמצעי	אמצע	Masc	Sing	אֶמְצָעִי	אֶמְצַע	30
3	מתקני	מתקן	Masc	Plur	מִתְקְנֵי	מְתַקֵּן	3
1	אורניום	אורניום	Masc	Sing	אוֹרְנְיוּם	אוֹרְנְיוּם	1
1	סיסי	סיס	Masc	Plur	סִּיסִי	סִּיס	1
9	טילים	טיל	Masc	Plur	טִּילִים	טִּיל	11
1	חסני	חסן	Masc	Plur	חַסָּנִי	חָסָן	1
1	מפקדי	מפקד	Masc	Plur	מְפַקְּדֵי	מְפַקֵּד	14
1	אתום	אתום	Masc	Sing	אָתוֹם	אָתוֹם	1
7	קרקע	קרקע	Fem	Sing	קַרְקַע	קַרְקַע	7
1	סוכני	סוכן	Masc	Plur	סוֹכְנִי	סוֹכֵן	1
2	רחפני	רחפן	Masc	Plur	רַחְפָנִי	רַחְפָן	2
5	נפץ	נפץ	Masc	Sing	נֶפֶץ	נֶפֶץ	5
1	ישיר	ישיר	Masc	Sing	יָשִׁיר	יָשִׁיר	1
4	מטוסי	מטוס	Masc	Plur	מְטוֹסִי	מָטוֹס	48
1	מפציצים	מפציץ	Masc	Plur	מַפְצִיצִים	מַפְצִיץ	1
1	הזעקה	הזעקה	Fem	Sing	הַזְּעָקָה	הַזְּעָקָה	2
1	אמברג	אמברג	Masc	Sing	אַמְבֵּרְג	אַמְבֵּרְג	1
2	נפט	נפט	Masc	Sing	נֵפְט	נֵפְט	2
2	טכנולוגיות	טכנולוגיה	Fem	Plur	טֶכְנוֹלוֹגְיוֹת	טֶכְנוֹלוֹגְיָה	7
7	חקלאות	חקלאות	Fem	Sing	חַקְלָאוּת	חַקְלָאוּת	7
1	מעסקים	מעסק	Masc	Plur	מַעֲסָקִים	מַעֲסָק	1
7	תיירות	תיירות	Fem	Sing	תַּיָּירוּת	תַּיָּירוּת	7
1	משא	משא	Masc	Sing	מַשָּׂא	מַשָּׂא	1
1	פרסית	פרסי	Fem	Sing	פַּרְסִית	פַּרְסִי	1
1	התרבות	התרבה	Fem	Sing	הַתַּרְבּוּת	הִתְַרַבָּה	1
1	סוונים	סוון	Masc	Plur	סַוּוֹנִים	סָּוָון	1
2	שיים	שיים	Masc	Plur	שַּׁיִים	שַּׁיִים	2
2	איסלאם	אסלאם	Masc	Sing	אִיסְלָאם	אַסְלָאם	2
1	מחלה	מחלה	Fem	Sing	מַחֲלָה	מַחֲלָה	7
1	סונים	סונה	Masc	Plur	סוֹנִים	סוֹנָה	1
1	מונרכיה	מונרכיה	Fem	Sing	מוֹנַרְכְיָה	מוֹנַרְכְיָה	1
1	עלבי	עלב	Masc	Plur	עַלְבִּי	עֶלֶב	1
1	קיסר	קיסר	Masc	Sing	קֵּיְסָר	קֵּיְסָר	1
1	טורקי	תורכי	Masc	Sing	טוּרְקִי	תּוֹרְכִי	1
6	אוניברסיטאות	אוניברסיטה	Fem	Plur	אוּנִיבֶרְסִיטָאוֹת	אוּנִיבֶרְסִיטָה	24
1	שיט	שיט	Masc	Sing	שַּׁיט	שַּׁיט	1
3	שע	שע	Masc	Sing	שָׁע	שָׁע	3
1	פרו	פרו	Masc	Sing	פְּרוֹ	פְּרוֹ	1
1	corפט	corפט	Masc	Sing	Corrפֵּט	Corrפֵּט	1
4	פערים	פער	Masc	Plur	פְּעָרִים	פַּעַר	8
1	פגין	פגין	Masc	Sing	פָּגִין	פָּגִין	1
1	סבק	סבק	Masc	Sing	סַבָּק	סַבָּק	1
10	כנס	כנס	Masc	Sing	כֶּנֶס	כֶּנֶס	14
1	מתנגדים	מתנגד	Masc	Plur	מִתְנַגְּדִים	מִתְנַגֵּד	1
2	חומיני	חומין	Masc	Plur	חוּמִינִי	חוּמִין	2
1	עז	עז	Masc	Sing	עַז	עַז	1
9	השפעה	השפעה	Fem	Sing	הַשְׁפָּעָה	הַשְׁפָּעָה	11
1	קרועסונים	קרועסון	Masc	Plur	קְרוֹעֲסוֹנִים	קְרוֹעְסוֹן	2
1	שנזליזה	שנזליזה	Fem	Sing	שֶׁנַזְלִיזָה	שֶׁנַזְלִיזָה	1
3	מנהיגים	מנהיג	Masc	Plur	מַנְהִיגִים	מַנְהִיג	7
3	אידיאולוגיה	אידיאולוגיה	Fem	Sing	אִידֵיאוֹלוֹגְיָה	אִידֵיאוֹלוֹגְיָה	3
1	כלות	כלה	Fem	Plur	כָּלוֹת	כַּלָּה	3
1	כלטות	כלטת	Fem	Plur	כַּלָּטוֹת	כַּלֶּטֶת	1
2	השפעות	השפעה	Fem	Plur	הַשְׁפָּעוֹת	הַשְׁפָּעָה	11
1	תחומיני	תחומינים	Masc	Plur	תְּחוּמִינִי	תְּחוּמִינִים	1
1	בוגד	בוגד	Masc	Sing	בּוֹגֵּד	בּוֹגֵּד	1
1	לחס	לחס	Masc	Sing	לַחַס	לַחַס	1
1	מכוחות	מכוח	Fem	Plur	מִכּוֹחוֹת	מִכּוֹחַ	1
1	קריעות	קריעה	Fem	Plur	קְרִיעוֹת	קְרִיעָה	1
1	אויבות	אויב	Fem	Sing	אוֹיְבוּת	אוֹיֵב	4
1	שפעות	שפעה	Fem	Plur	שְׁפָעוֹת	שִׁפְעָה	1
2	מדיניות	מדיניות	Fem	Sing	מְדִינִיּוּת	מְדִינִיּוּת	2
4	מבנה	מבנה	Masc	Sing	מִבְּנֶה	מִבְּנֶה	6
2	שגרירות	שגרירות	Fem	Sing	שַׁגְרִירוּת	שַׁגְרִירוּת	2
2	אשף	אשף	Masc	Sing	אַשָּׁף	אַשָּׁף	2
6	שיא	שיא	Masc	Sing	שִִׂיא	שִִׂיא	6
1	בנונית	בנונית	Fem	Sing	בָּנוֹנִית	בָּנוֹנִית	1
1	ג'יהד	ג'יהד	Masc	Sing	גִּ'יהֵד	גִּ'יהֵד	1
1	איסלאמי	איסלאמי	Masc	Sing	אִיסְלָאמִי	אִיסְלָאמִי	1
1	חשאיות	חשאיות	Fem	Sing	חֲשָׁאִיּוּת	חֲשָׁאִיּוּת	1
1	תחמושת	תחמושת	Fem	Sing	תַּחְמוֹשֶׁת	תַּחְמוֹשֶׁת	1
2	מדבר	מדבר	Masc	Sing	מְדַבֵּר	מְדַבֵּר	2
7	איראנים	איראני	Masc	Plur	אִירָאנִים	אִירָאנִי	7
4	פצצת	פצצה	Fem	Sing	פְּצָצַת	פְּצָצָה	9
2	אטום	אטום	Masc	Sing	אָטוֹם	אָטוֹם	2
2	מדענים	מדען	Masc	Plur	מַדְעָנִים	מַדְּעָן	2
3	פצצה	פצצה	Fem	Sing	פְּצָצָה	פְּצָצָה	9
8	פעילות	פעילות	Fem	Sing	פְּעִילוּת	פְּעִילוּת	14
1	חזבלה	חזבלה	Fem	Sing	חַזְבָּלָה	חַזְבָּלָה	1
1	אוייבים	אוייב	Masc	Plur	אוֹיְיבִים	אוֹיְיב	1
1	קצינים	קצין	Masc	Plur	קְצִינִים	קָצִין	2
2	נקום	נקום	Masc	Sing	נָּקוּם	נָּקוּם	2
1	פרוקסים	פרוקס	Masc	Plur	פְּרוֹקְסִים	פְּרוֹקְס	1
1	דילים	דיל	Masc	Plur	דִּילִים	דִּיל	5
1	התמיכה	התמיכה	Fem	Sing	הַתְּמִיכָה	הַתְּמִיכָה	1
1	נשיאים	נשיא	Masc	Plur	נְשִִׂיאִים	נָשִׂיא	4
1	פסקת	פסקה	Fem	Sing	פִּסְקַת	פִּסְקָה	1
1	טיפוס	טיפוס	Masc	Sing	טִיפּוּס	טִיפּוּס	3
5	לייק	לייק	Masc	Sing	לַיְּיק	לַיְּיק	9
7	חופשת	חופשה	Fem	Sing	חוּפְשַׁת	חוּפְשָׁה	45
36	קיץ	קיץ	Masc	Sing	קַּיִץ	קַּיִץ	36
2	דודה	דוד	Fem	Sing	דָּוִדָה	דָּוִד	13
5	כובע	כובע	Masc	Sing	כּוֹבַע	כּוֹבַע	6
2	למד	למד	Masc	Sing	לָמַד	לָמַד	4
4	ביניים	ביניים	Masc	Sing	בֵּיְנַיִים	בֵּיְנַיִים	4
2	מוסדות	מוסד	Masc	Plur	מוֹסָדוֹת	מוֹסָד	4
1	עשירות	עשיר	Fem	Plur	עֲשִׁירוֹת	עָשִׁיר	9
1	תכונים	תכון	Masc	Plur	תְּכוּנִים	תָּכוּן	1
1	לבטי	לבטי	Masc	Plur	לְבַטִּי	לְבַטִּי	1
5	שדות	שדה	Masc	Plur	שָׂדוֹת	שָׂדֶה	16
1	צאון	צאון	Masc	Sing	צֵּאוֹן	צֵּאוֹן	1
1	מד	מד	Masc	Sing	מַד	מַד	1
1	רציפות	רציפות	Fem	Sing	רְצִיפוּת	רְצִיפוּת	1
3	מונופול	מונופול	Masc	Sing	מוֹנוֹפּוֹל	מוֹנוֹפּוֹל	3
1	חופשים	חופש	Masc	Plur	חוֹפָשִׁים	חוֹפֶשׁ	60
1	קציר	קציר	Masc	Sing	קָצִיר	קָצִיר	1
2	עוור	עוור	Masc	Sing	עָוֶור	עָוֶור	2
1	דאורדורנט	דאורדורנט	Masc	Sing	דֵּאוֹרְדּוֹרַנְט	דֵּאוֹרְדּוֹרַנְט	1
1	קוריאנים	קוריאני	Masc	Plur	קוֹרְיָאנִים	קוֹרְיָאנִי	1
1	בתן	בתן	Fem	Sing	בַּתָּן	בַּתָּן	1
3	קורסים	קורס	Masc	Plur	קוּרְסִים	קוּרְס	11
2	גילאי	גיל	Masc	Plur	גִּילַאי	גִּיל	44
2	משל	משל	Masc	Sing	מִשֶּׁל	מִשֶּׁל	2
5	עומס	עומס	Masc	Sing	עוֹמֶס	עוֹמֶס	6
6	הרגשה	הרגשה	Fem	Sing	הַרְגָּשָׁה	הַרְגָּשָׁה	7
1	צפיפות	צפיפות	Fem	Sing	צְּפִיפוּת	צְּפִיפוּת	1
1	מינחן	מנחן	Masc	Sing	מִינְחָן	מַנְחֵן	1
1	נה	נה	Masc	Sing	נָה	נָה	1
1	חטיבות	חטיבה	Fem	Plur	חֲטִיבוּת	חֲטִיבָה	2
2	תיכונים	תיכון	Masc	Plur	תִּיכוֹנִים	תִּיכוֹן	11
7	ענף	ענף	Masc	Sing	עָנָף	עָנָף	10
6	אטרקציות	אטרקציה	Fem	Plur	אַטְרַקְצִיּוֹת	אַטְרַקְצִיָּה	10
2	לוגיסטיקה	לוגיסטיקה	Fem	Sing	לוֹגִיסְטִיקָה	לוֹגִיסְטִיקָה	2
2	סידור	סידור	Masc	Sing	סִּידּוּר	סִּידּוּר	7
11	מנועים	מנוע	Masc	Plur	מְנוֹעִים	מָּנוֹעַ	25
6	גננת	גננה	Fem	Sing	גַּנֶּנֶת	גַּנָּנָה	6
1	השלמה	השלמה	Fem	Sing	הַשְּׁלֹמֹה	הַשְּׁלֹמֹה	2
1	רגשה	רגשה	Fem	Sing	רִגְשָׁה	רִגְשָׁה	1
1	מיצוי	מיצוי	Masc	Sing	מִיצּוּי	מִיצּוּי	1
1	עיווור	עיווור	Masc	Sing	עִיוְווּר	עִיוְווּר	1
1	וונטילציה	וונטילציה	Fem	Sing	וָונְטִילַצְיָה	וָונְטִילַצְיָה	1
1	דוררפיה	דוררפיה	Fem	Sing	דּוֹרֶרְפְיָה	דּוֹרֶרְפְיָה	1
1	דריכת	דריכה	Fem	Sing	דְּרִיכַת	דְּרִיכָה	1
1	הידר	הידר	Masc	Sing	הִידֵּר	הִידֵּר	1
1	כשת	כשת	Masc	Sing	כָּשַׁת	כָּשַׁת	1
1	איפוש	איפוש	Masc	Sing	אִיפּוּשׂ	אִיפּוּשׂ	1
1	צבירת	צבירה	Fem	Sing	צְּבִירַת	צְּבִירָה	1
1	מועד	מועד	Masc	Sing	מוֹעֵד	מוֹעֵד	1
1	הפעלות	הפעלה	Fem	Plur	הַפְּעָלוֹת	הַפְּעָלָה	1
3	שיח	שיח	Masc	Sing	שִִׂיחַ	שִִׂיחַ	3
1	מסכים	הסכים	Masc	Plur	מַסְכִּים	הִסְכִּים	1
2	תחומי	תחום	Masc	Plur	תְּחוּמִי	תְּחוּם	27
1	השיח	השיח	Masc	Sing	הַשִּׂיחַ	הַשִּׂיחַ	1
1	יציאות	יציאה	Fem	Plur	יְצִיאוֹת	יְצִיאָה	12
15	אתגרים	אתגר	Masc	Plur	אֶתְגָּרִים	אֶתְגָּר	34
1	סיבוד	סיבוד	Masc	Sing	סִּיבּוּד	סִּיבּוּד	1
1	סיבסוד	סיבסוד	Masc	Sing	סִּיבְסוֹד	סִּיבְסוֹד	1
1	גרים	גר	Masc	Plur	גָּרִים	גָּר	6
2	מחברות	מחברה	Fem	Plur	מַחְבָּרוֹת	מַחְבָּרָה	2
2	פריבילגיה	פריבילגיה	Fem	Sing	פְּרִיבִילְגְיָה	פְּרִיבִילְגְיָה	2
7	עוגה	עוגה	Fem	Sing	עוּגָה	עוּגָה	13
3	אטרקציה	אטרקציה	Fem	Sing	אַטְרַקְצִיָּה	אַטְרַקְצִיָּה	10
1	הסתדרות	הסתדרות	Fem	Sing	הִסְתַדְרוּת	הִסְתַדְרוּת	1
1	אטרקציית	אטרקציה	Fem	Sing	אַטְרַקְצִיַּית	אַטְרַקְצִיָּה	10
4	תקציב	תקציב	Masc	Sing	תַּקְצִיב	תַּקְצִיב	4
1	כלכלה	כלכלה	Fem	Sing	כַּלְכָּלָה	כַּלְכָּלָה	1
1	לבעלי	לבעל	Masc	Plur	לְבַעֲלֵי	לְבַּעַל	1
3	משחקים	משחק	Masc	Plur	מִשְׂחָקִים	מִשְׂחָק	20
1	אתס	אתס	Masc	Sing	אַתָּס	אַתָּס	2
1	סירוגין	סירוגין	Masc	Sing	סֵירוּגִין	סֵירוּגִין	1
1	סרוגין	סרוגין	Masc	Sing	סְרוּגִין	סְרוּגִין	1
4	מלצרים	מלצר	Masc	Plur	מֶלְצָרִים	מֶלְצַר	10
6	צרכים	צורך	Masc	Plur	צְּרָכִים	צוֹרֶךְ	30
1	מגלשות	מגלשת	Fem	Plur	מַגְלֵשׁוֹת	מַגְּלֶשֶׁת	1
3	פרט	פרט	Masc	Sing	פְּרָט	פְּרָט	22
2	נפשות	נפש	Fem	Plur	נְפָשׁוֹת	נֶפֶשׁ	3
1	בילויים	בילוי	Masc	Plur	בִּילּוּיִים	בִּילּוּי	4
3	יעד	יעד	Masc	Sing	יַעַד	יַעַד	13
6	עבודת	עבודה	Fem	Sing	עֲבוֹדַת	עֲבוֹדָה	214
1	קונקשן	קונקשן	Masc	Sing	קוֹנְקְשָׁן	קוֹנְקְשָׁן	1
3	עולה	עולה	Masc	Sing	עוֹלֶה	עוֹלֶה	31
3	אלת	אלת	Fem	Sing	אֵלַת	אֵלַת	3
2	הגרה	הגרה	Fem	Sing	הָגְרָה	הָגְרָה	2
6	טמפרטורות	טמפרטור	Fem	Plur	טֶמְפֵּרָטוּרוֹת	טֶמְפֵּרָטוּר	6
5	מעלות	מעלה	Fem	Plur	מַעֲלוֹת	מַעְלָה	11
1	צלזיוס	צלזיוס	Masc	Sing	צֶּלְזִיּוּס	צֶּלְזִיּוּס	1
1	סטודי	סטוד	Masc	Plur	סְטוּדִי	סְטוּד	1
1	התאמלות	התאמלות	Fem	Plur	הִתְאַמְלוּת	הִתְאַמְלוּת	1
1	תיאור	תיאור	Masc	Sing	תֵּיָאוּר	תֵּיָאוּר	2
3	פניות	פנייה	Fem	Plur	פְּנִיּוֹת	פְּנִיָּיה	5
1	נחות	נח	Masc	Sing	נָחוּת	נֹחַ	1
1	גזל	גזל	Masc	Sing	גֶּזֶל	גֶּזֶל	1
1	אכל	אכל	Masc	Sing	אָכַל	אָכַל	2
4	דופק	דופק	Masc	Sing	דּוֹפֵק	דּוֹפֵק	4
3	מאזינה	מאזינה	Fem	Sing	מַאֲזִינָה	מַאֲזִינָה	3
3	סתב	סתב	Masc	Sing	סָּתַב	סָּתַב	3
3	גשם	גשם	Masc	Sing	גֶּשֶׁם	גֶּשֶׁם	4
1	החזרה	החזרה	Fem	Sing	הַחֲזָרָה	הַחֲזָרָה	2
1	כלאי	כלאי	Masc	Sing	כַּלַאי	כַּלַאי	1
1	אבטיחים	אבטיח	Masc	Plur	אַבְטִיחִים	אַבְּטִיחַ	1
2	צנוניות	צנוניות	Fem	Plur	צִּנוּנִיּוֹת	צִּנוּנִיּוֹת	2
1	חקלאים	חקלאי	Masc	Plur	חַקְלָאִים	חַקְלָאִי	1
3	ענפים	ענף	Masc	Plur	עֲנָפִים	עָנָף	10
1	רפת	רפה	Fem	Sing	רֶפֶת	רָפֶה	1
1	נוי	נוי	Masc	Sing	נוּי	נוּי	1
3	דשא	דשא	Masc	Sing	דֶּשֶׁא	דֶּשֶׁא	5
1	מפרקים	מפרק	Masc	Plur	מְפָרְקִים	מְפָרֵק	1
1	זיב	זיב	Masc	Sing	זִּיב	זִּיב	1
1	הורי	הורה	Masc	Plur	הוֹרַי	הוֹרָה	79
1	ריון	ריון	Masc	Sing	רָיוֹן	רָיוֹן	1
1	גידולי	גידול	Masc	Plur	גִּידּוּלִי	גִּידּוּל	1
1	יחם	יחם	Masc	Sing	יֶחָם	יֶחָם	1
1	הזעקות	הזעקה	Fem	Plur	הַזְּעָקוֹת	הַזְּעָקָה	2
3	ממד	ממד	Masc	Sing	מְמַד	מְמַד	4
1	יריעות	יריעה	Fem	Plur	יְרִיעוֹת	יְרִיעָה	1
1	שביעי	שביעי	Masc	Sing	שְׁבִיעִי	שְׁבִיעִי	1
2	רחצה	רחצה	Fem	Sing	רַחֲצָה	רַחֲצָה	2
1	סיסיים	סיסיים	Masc	Plur	סִּיסִיִּים	סִּיסִיִּים	1
4	מועצה	מועצה	Fem	Sing	מוֹעָצָה	מוֹעָצָה	6
14	יישובים	יישוב	Masc	Plur	יִישּׁוּבִים	יִישּׁוּב	24
3	עבירה	עבירה	Fem	Sing	עֲבֵירָה	עֲבֵירָה	4
1	צליחה	צליחה	Fem	Sing	צְּלִיחָה	צְּלִיחָה	1
2	בים	בים	Masc	Sing	בַּיָּם	בַּיָּם	2
3	נרים	הרים	Masc	Plur	נֵרִים	הָרִים	3
1	למלון	למלון	Masc	Sing	לַמָּלוֹן	לַמָּלוֹן	1
1	מרצפות	מרצפה	Fem	Plur	מַרְצְפוֹת	מִרְצָפָה	1
1	בופי	בופי	Masc	Sing	בּוּפִי	בּוּפִי	1
4	תכלס	תכלס	Masc	Sing	תַּכְלָס	תַּכְלָס	4
3	אנרגיות	אנרגיה	Fem	Plur	אֵנֶרְגִּיּוּת	אֵנֶרְגִּיָּה	15
2	קומה	קומה	Fem	Sing	קוֹמָה	קוֹמָה	3
1	מעליות	מעלית	Fem	Plur	מַעֲלִיּוֹת	מַעֲלִית	1
1	מחבואים	מחבואין	Masc	Plur	מַחְבּוֹאִים	מַחְבּוֹאִין	1
1	קומות	קומה	Fem	Plur	קוֹמוֹת	קוֹמָה	3
1	נרצחים	נרצח	Masc	Plur	נִרְצָחִים	נִרְצַח	1
1	אלט	אלט	Masc	Sing	אַלְט	אַלְט	1
1	חובר	חבר	Masc	Sing	חוֹבֵּר	חָבֵר	137
1	עריך	עריך	Masc	Sing	עָרִיךְ	עָרִיךְ	1
1	מזלנו	מזלנו	Masc	Plur	מַזָּלֵנוּ	מַזָּלֵנוּ	1
3	בניינים	בניין	Masc	Plur	בִּנְיָינִים	בִּנְיָין	23
6	הצעה	הצעה	Fem	Sing	הַצָּעָה	הַצָּעָה	13
1	היבת	היבה	Fem	Sing	הַיֶּבֶת	הִיבָּה	1
2	מימוש	מימוש	Masc	Sing	מִימּוּשׁ	מִימּוּשׁ	2
1	מענים	מענה	Masc	Plur	מַעֲנִים	מַעֲנֶה	8
1	שען	שען	Masc	Sing	שָׁעָן	שָׁעָן	1
2	דיירים	דייר	Masc	Plur	דַּיָּירִים	דַּיָּיר	5
1	בוגרות	בוגר	Fem	Plur	בּוֹגְרוֹת	בּוֹגֵּר	2
19	פארק	פארק	Masc	Sing	פַּארְק	פַּארְק	24
1	פאטונים	פאטון	Masc	Plur	פָּאטוֹנִים	פָּאטוֹן	1
2	השאות	השאה	Fem	Plur	הַשָּׁאוֹת	הַשָּׁאָה	2
1	נאורים	נאור	Masc	Plur	נְאוֹרִים	נָאוֹר	1
3	איומים	איום	Masc	Plur	אִיּוּמִים	אִיּוּם	9
3	מרגמה	מרגמה	Fem	Sing	מַרְגֵּמָה	מַרְגֵּמָה	3
1	רקטות	רקטה	Fem	Plur	רַקְטוֹת	רָקְטָה	1
2	פצצות	פצצה	Fem	Plur	פְּצָצוֹת	פְּצָצָה	9
2	אזקות	אזקה	Fem	Plur	אֲזָקוֹת	אָזְקָה	2
2	שריפות	שריפה	Fem	Plur	שְׂרֵיפוֹת	שְׂרֵיפָה	3
1	מבלונים	מבלון	Masc	Plur	מַבְּלוֹנִים	מִבָּלוֹן	1
2	גדר	גדר	Fem	Sing	גָּדֵר	גָּדֵר	2
5	עצמ	עצם	Fem	Sing	עַצְמ	עֶצֶם	86
3	שבר	שבר	Masc	Sing	שֶׁבֶר	שֶׁבֶר	3
1	הסכמי	הסכם	Masc	Plur	הֶסְכֵּמִי	הֶסְכֵּם	14
1	חרב	חרב	Masc	Sing	חֶרֶב	חֶרֶב	1
2	התקיפה	התקיפה	Fem	Sing	הִתְּקִיפָה	הִתְּקִיפָה	2
1	נוכחות	נוכחות	Fem	Sing	נוֹכְחוּת	נוֹכְחוּת	1
1	סגירה	סגירה	Fem	Sing	סְגִּירָה	סְגִּירָה	1
2	רווחה	רווחה	Fem	Sing	רְוָוחָה	רְוָוחָה	2
4	אוכלוסיות	אוכלוסייה	Fem	Plur	אוּכְלוּסִיּוֹת	אוּכְלוּסִיָּיה	10
1	דחיפות	דחיפות	Fem	Sing	דְּחִיפוּת	דְּחִיפוּת	1
1	גוונים	גוון	Masc	Plur	גְּוָונִים	גָּוֶון	2
6	אוכלוסייה	אוכלוסייה	Fem	Sing	אוּכְלוּסִיָּיה	אוּכְלוּסִיָּיה	10
1	גרעינים	גרעין	Masc	Plur	גַּרְעִינִים	גַּרְעִין	6
4	תנועות	תנועה	Fem	Plur	תְּנוּעוֹת	תְּנוּעָה	16
4	תעניינות	תעניינות	Fem	Sing	תְּעַנְיְינוּת	תְּעַנְיְינוּת	4
3	עוטף	עוטף	Masc	Sing	עוֹטֵף	עוֹטֵף	3
1	מטעמים	מטעם	Masc	Plur	מִטְעָמִים	מִטַּעַם	1
2	שליחות	שליחות	Fem	Sing	שְׁלִיחוּת	שְׁלִיחוּת	2
1	יזמויות	יזמות	Fem	Plur	יַזְמוּיוֹת	יַזְמוּת	1
2	כספים	כסף	Masc	Plur	כְּסָפִים	כֶּסֶף	133
1	תמרות	תמרות	Fem	Plur	תָּמָרוֹת	תָּמָרוֹת	1
2	מחמאות	מחמאה	Fem	Plur	מַחְמָאוֹת	מַחְמָאָה	2
1	ורים	ורה	Masc	Plur	וָרִים	וָרֶה	1
1	משבועיים	משבוע	Masc	Plur	מִשְּׁבוּעַיִים	מִשָּׁבוּעַ	1
2	הפינה	הפינה	Fem	Sing	הַפִּינָּה	הַפִּינָּה	2
3	מקורות	מקור	Masc	Plur	מְקוֹרוֹת	מָּקוֹר	10
6	פוסט	פוסט	Masc	Sing	פּוֹסְט	פּוֹסְט	15
8	איבוד	איבוד	Masc	Sing	אִיבּוּד	אִיבּוּד	8
1	פומביות	פומבי	Fem	Sing	פּוֹמְבִּיּוֹת	פּוֹמְבִּי	1
4	מטאורית	מטאורית	Fem	Sing	מֵטָאוּרִית	מֵטָאוּרִית	4
2	לד	לד	Masc	Sing	לֵד	לֵד	2
11	דינוזאור	דינוזאור	Masc	Sing	דִּינוֹזָאוֹר	דִּינוֹזָאוֹר	17
6	דוח	דוח	Masc	Sing	דּוּחַ	דּוּחַ	8
8	מבקר	מבקר	Masc	Sing	מְבַקֵּר	מְבַקֵּר	17
19	צל	צל	Masc	Sing	צֵּל	צֵּל	19
1	רגיזות	רגיזה	Fem	Plur	רְגִּיזוּת	רְגִּיזָה	1
1	טורבו	טורבו	Masc	Sing	טוּרְבּוֹ	טוּרְבּוֹ	1
7	גור	גור	Masc	Sing	גּוּר	גּוּר	7
3	מודעה	מודעה	Fem	Sing	מוֹדָעָה	מוֹדָעָה	9
3	נתשה	נתשה	Masc	Sing	נִתְּשָׁה	נִתְּשָׁה	3
1	לחתול	לחתול	Masc	Sing	לֶחָתוּל	לֶחָתוּל	1
1	נטש	נטש	Masc	Sing	נָטַשׁ	נָטַשׁ	2
4	סלון	סלון	Masc	Sing	סָּלוֹן	סָּלוֹן	4
1	רפתקאות	רפתקאות	Fem	Plur	רְפַתְקָאוֹת	רְפַתְקָאוֹת	1
3	תחילה	תחילה	Fem	Sing	תְּחִילָּה	תְּחִילָּה	35
9	חולצות	חולצה	Fem	Plur	חוּלְצוֹת	חוּלְצָה	11
1	דפסים	דפס	Masc	Plur	דְּפָסִים	דֶּפֶס	1
4	חתולים	חתול	Masc	Plur	חֲתוּלִים	חָתוּל	16
2	נייר	נייר	Masc	Sing	נְיָיר	נְיָיר	7
1	טולים	טולה	Masc	Plur	טוּלִים	טוֹלָה	2
2	יצירת	יצירה	Fem	Sing	יְצִירַת	יְצִירָה	2
5	הבטחה	הבטחה	Fem	Sing	הַבְּטָחָה	הַבְּטָחָה	5
1	לפרס	לפרס	Masc	Sing	לְפֶּרֶס	לְפֶּרֶס	1
1	מחנות	מחנה	Masc	Plur	מַחֲנוֹת	מַחֲנֶה	1
1	דפוקים	דפוק	Masc	Plur	דְּפוּקִים	דָּפוּק	1
2	קידומת	קידומת	Fem	Sing	קִידּוֹמֶת	קִידּוֹמֶת	2
2	מספרי	מספר	Masc	Plur	מִסְפְּרֵי	מִסְפָּר	39
6	פריטים	פריט	Masc	Plur	פְּרִיטִים	פְּרִיט	7
1	דמב	דמב	Masc	Sing	דַּמְבּ	דַּמְבּ	1
1	נטשא	נטשא	Masc	Sing	נָטְשָׁא	נָטְשָׁא	1
1	חינ	חין	Masc	Sing	חִינ	חִין	1
1	גופי	גוף	Masc	Plur	גּוּפִי	גּוּף	47
1	ליגה	ליגה	Fem	Sing	לִיגָה	לִיגָה	1
1	נטשה	נטש	Fem	Sing	נָּטְשָׁה	נָטַשׁ	2
1	רעה	רע	Fem	Sing	רָעָה	רַע	4
3	פגיעה	פגיעה	Fem	Sing	פְּגִיעָה	פְּגִיעָה	3
3	שורות	שורה	Fem	Plur	שׁוּרוֹת	שׁוּרָה	10
1	הרפתקאות	הרפתקאות	Fem	Plur	הַרְפַּתְקָאוֹת	הַרְפַּתְקָאוֹת	1
1	מדומינות	מדומינה	Fem	Sing	מַדּוֹמִינוּת	מְדוּמִינָה	1
14	אומנות	אומנות	Fem	Sing	אוֹמָּנוּת	אוֹמָּנוּת	39
3	תכשיטים	תכשיט	Masc	Plur	תַּכְשִׁיטִים	תַּכְשִׁיט	3
1	עתיקות	עתיקות	Fem	Plur	עַתִּיקוֹת	עַתִּיקוֹת	1
4	חפצים	חפץ	Masc	Plur	חֲפָצִים	חֵפֶץ	4
1	פריט	פריט	Masc	Sing	פְּרִיט	פְּרִיט	7
5	שלד	שלד	Masc	Sing	שֶׁלֶד	שֶׁלֶד	5
1	קונים	קונה	Masc	Plur	קוֹנִים	קוֹנֶה	2
1	דואל	דואל	Masc	Sing	דּוֹאֵל	דּוֹאֵל	1
1	קונה	קונה	Masc	Sing	קוֹנֶה	קוֹנֶה	2
1	יריב	יריב	Masc	Sing	יָרִיב	יָרִיב	1
6	דינוזאורים	דינוזאור	Masc	Plur	דִּינוֹזָאוּרִים	דִּינוֹזָאוֹר	17
4	מטאוריטים	מטאוריט	Masc	Plur	מַטְאוֹרִיטִים	מַטְאוֹרִיט	4
3	מאובנים	מאובן	Masc	Plur	מְאוּבָּנִים	מְאוּבָּן	3
2	מערב	מערב	Masc	Sing	מַעֲרָב	מַעֲרָב	2
3	צייד	צייד	Masc	Sing	צַּיָּד	צַּיָּד	4
2	טאוריטים	טאוריט	Masc	Plur	טָאוּרִיטִים	טָאוּרִיט	2
1	טאוריתים	טאורית	Masc	Plur	טָאוּרִיתִים	טָאוּרִית	1
3	קילומטר	קילומטר	Masc	Sing	קִילוֹמֶטֶר	קִילוֹמֶטֶר	15
5	פי	פה	Masc	Sing	פִּי	פֹּה	8
3	סנטימטרים	סנטימטר	Masc	Plur	סֶּנְטִימֶטְרִים	סֶּנְטִימֵטֶר	4
1	ציידי	צייד	Masc	Plur	צַּיְידִי	צַּיָּד	4
1	גלאי	גלאי	Masc	Plur	גַּלַאי	גַּלַאי	1
1	מכשירים	מכשיר	Masc	Plur	מַכְשִׁירִים	מַכְשִׁיר	2
1	כנסיים	כנסיים	Masc	Plur	כְּנֵסַיִים	כְּנֵסַיִים	1
1	מתחות	מתח	Fem	Plur	מַתָּחוֹת	מֶתַח	9
1	תוארג	תוארג	Masc	Sing	תּוֹאַרְג	תּוֹאַרְג	1
1	פופיט	פופיט	Masc	Sing	פּוֹפִּיט	פּוֹפִּיט	1
1	מעובנים	מעובן	Masc	Plur	מְעוּבָּנִים	מְעוּבָּן	1
1	שטחים	שטח	Masc	Plur	שְׁטָחִים	שֶׁטַח	25
1	רכוש	רכוש	Masc	Sing	רְכוּשׁ	רְכוּשׁ	1
1	מוזאנים	מוזאן	Masc	Plur	מוּזָאנִים	מוּזָאן	1
1	ממניעים	ממניע	Masc	Plur	מַמְנִיעִים	מַמְנִיעַ	1
1	פרית	פריה	Fem	Sing	פָּרִית	פֶּרְיָה	1
2	נוצת	נוצה	Fem	Sing	נוֹצֶת	נוֹצָה	2
1	דפיקות	דפיקה	Fem	Plur	דְּפִיקוֹת	דְּפִיקָה	1
1	מחיות	מחיה	Fem	Plur	מְחִיּוֹת	מִחְיָה	4
3	סודות	סוד	Masc	Plur	סוֹדוֹת	סוֹד	11
1	מוכרים	מוכר	Masc	Plur	מוּכָּרִים	מוּכָּר	6
1	אנונימים	אנונימי	Masc	Plur	אָנוֹנִימִים	אָנוֹנִימִי	1
2	משרדי	משרד	Masc	Plur	מִשְׂרְדֵי	מִשְׂרָד	26
3	עיריות	עירייה	Fem	Plur	עִירִיּוּת	עִירִיָּיה	17
1	משבים	משב	Masc	Plur	מַשָּׁבִים	מַשָּׁב	1
2	עי	עי	Masc	Plur	עַי	עַי	2
4	משרדים	משרד	Masc	Plur	מִשְׂרָדִים	מִשְׂרָד	26
1	אינפורמה	אינפורמה	Fem	Sing	אִינְפוֹרְמָה	אִינְפוֹרְמָה	1
1	עמודים	עמוד	Masc	Plur	עַמּוּדִים	עַמּוּד	30
2	הצל	הצל	Masc	Sing	הַצֵּל	הַצֵּל	2
1	שיד	שיד	Masc	Sing	שַּׁיָּד	שַּׁיָּד	1
2	פר	פר	Masc	Sing	פָּר	פָּר	2
2	בדל	בדל	Masc	Sing	בְּדַל	בְּדַל	3
5	במילים	במיל	Fem	Plur	בַּמִילִּים	בַּמִּיל	5
3	פער	פער	Masc	Sing	פַּעַר	פַּעַר	8
1	שוואה	שוואה	Fem	Sing	שְׁוֹוְאָה	שְׁוֹוְאָה	4
3	ישובים	יישוב	Masc	Plur	יִשּׁוּבִים	יִישּׁוּב	24
1	מחתש	מחתש	Masc	Sing	מַחְתָּשׁ	מַחְתָּשׁ	1
1	3וש%חוזים	3וש%חוז	Masc	Sing	#וְשַ#חוֹזִים	#וְשַ#חוּז	1
1	3%חוזים	3%חוז	Masc	Plur	%חוֹזִים	%חוֹז	1
1	סגב	סגב	Masc	Sing	סֶּגֶּב	סֶּגֶּב	1
1	דוויים	דווי	Masc	Plur	דְּוַויִים	דְּוַוי	1
1	מחדלים	מחדל	Masc	Plur	מֶחְדָּלִים	מֶחְדָּל	1
2	שטילת	שטילה	Fem	Sing	שְׁטִילַת	שְׁטִילָה	2
1	לאנשי	לאנשי	Masc	Plur	לְאַנְשֵׁי	לְאַנְשֵׁי	1
1	בעילת	בעילה	Fem	Sing	בְּעִילַת	בְּעִילָה	1
2	קדים	קד	Masc	Plur	קָדִים	קַד	2
2	שורשים	שורש	Masc	Plur	שְׁוֹרָשִׁים	שׁוֹרֶשׁ	2
1	בורות	בור	Masc	Plur	בּוּרוֹת	בּוֹר	2
1	שתילה	שתילה	Fem	Sing	שְׁתִילָה	שְׁתִילָה	1
1	שקיה	שקיה	Fem	Sing	שַּׂקִיָּה	שַּׂקִיָּה	4
1	היעד	היעד	Masc	Sing	הַיַּעַד	הַיַּעַד	1
3	מדרכה	מדרכה	Fem	Sing	מִדְרָכָה	מִדְרָכָה	6
2	דוחות	דוח	Masc	Plur	דּוּחוֹת	דּוּחַ	8
1	לרחוב	לרחוב	Masc	Sing	לָרְחוֹב	לָרְחוֹב	1
1	ליסוז	ליסוז	Masc	Sing	לִיסּוּז	לִיסּוּז	1
1	ליסדי	ליסד	Masc	Sing	לִיסְדִּי	לַיְסַד	1
1	הצטרפות	הצטרפות	Fem	Sing	הִצְטָרְפוּת	הִצְטָרְפוּת	1
2	מנועי	מנוע	Masc	Plur	מְנוֹעִי	מָּנוֹעַ	25
1	מנויות	מנות	Fem	Plur	מָנוּיוֹת	מָנוֹת	1
2	טמלולים	טמלול	Masc	Plur	טִמְלוּלִים	טִמְלוּל	3
7	גלידריה	גלידריה	Fem	Sing	גָּלִידַרְיָה	גָּלִידַרְיָה	11
1	טאץ'	טאץ'	Masc	Sing	טָאץ'	טָאץ'	1
4	פיתוח	פיתוח	Masc	Sing	פִּיתּוּחַ	פִּיתּוּחַ	4
1	דיאטה	דיאטה	Fem	Sing	דִּיאֲטָה	דִּיאֲטָה	1
2	טורב	טורב	Masc	Sing	טוּרְב	טוּרְב	2
1	רפוקי	רפוק	Masc	Sing	רְפוּקִי	רָפוּק	1
1	קלימטיקו	קלימטיקו	Masc	Sing	קְלִימָטִיקוֹ	קְלִימָטִיקוֹ	1
18	מקלט	מקלט	Masc	Sing	מִקְלָט	מִקְלָט	19
2	עוצמת	עוצמה	Fem	Sing	עוֹצֶמֶת	עוֹצְמָה	4
4	שולחנות	שולחנות	Masc	Plur	שְׁוּלְחָנוֹת	שְׁוּלְחָנוֹת	4
1	דפוסים	דפוס	Masc	Plur	דְּפוּסִים	דְּפוּס	1
1	קרר	קרר	Masc	Sing	קָּרֵר	קָּרֵר	1
1	בחם	בחם	Masc	Sing	בְּחַם	בְּחַם	1
3	הקפה	הקפה	Fem	Sing	הַקָּפֶה	הַקָּפֶה	3
1	מזגנים	מזגן	Masc	Plur	מַזְגָּנִים	מַזְגָּן	21
1	סוויט	סוויט	Masc	Sing	סְוִויט	סְוִויט	1
1	ספוט	ספוט	Masc	Sing	סְפּוֹט	סְפּוֹט	1
2	מוות	מוות	Masc	Sing	מָּוֶות	מָּוֶות	7
10	גלידות	גלידות	Fem	Plur	גְּלִידוֹת	גְּלִידוֹת	10
5	שיקולים	שיקול	Masc	Plur	שִׁיקּוּלִים	שִׁיקוּל	6
2	תפעול	תפעול	Masc	Sing	תִּפְעוּל	תִּפְעוּל	2
27	גלידה	גלידה	Fem	Sing	גְּלִידָה	גְּלִידָה	29
1	מילדים	מילד	Masc	Plur	מִיְּלָדִים	מִיֶּלֶד	1
1	שיקול	שיקול	Masc	Sing	שִׁיקוּל	שִׁיקוּל	6
1	התפעול	התפעול	Masc	Sing	הַתִּפְעוּל	הַתִּפְעוּל	1
1	היצור	היצור	Masc	Sing	הַיְּצוּר	הַיְּצוּר	1
3	משכורות	משכורת	Fem	Plur	מַשְׂכּוֹרוֹת	מַשְׂכּוֹרֶת	15
1	בראנץ'	בראנץ'	Masc	Sing	בְּרַאנְץ'	בְּרַאנְץ'	1
1	סעד	סעד	Masc	Sing	סַעַד	סַעַד	4
4	חומרי	חומר	Masc	Plur	חוֹמְרִי	חוֹמֶר	17
6	גלם	גלם	Masc	Sing	גֶּלֶם	גֶּלֶם	6
1	פרודוקטים	פרודוקט	Masc	Plur	פְּרוֹדוֹקְטִים	פְּרוֹדוֹקְט	1
3	הכנסות	הכנסה	Fem	Plur	הַכְּנָסוֹת	הַכְּנָסָה	4
1	מסעד	מסעד	Masc	Sing	מִסְעָד	מִסְעָד	1
1	מהות	מהות	Fem	Sing	מַהוּת	מַהוּת	1
1	אקשן	אקשן	Masc	Sing	אֶקְשָׁן	אֶקְשָׁן	1
2	גללידריות	גללידריה	Fem	Plur	גְּלָלִידֵרִיּוּת	גְּלָלִידֶרְיָה	2
1	וויטרינות	ויטרינה	Fem	Plur	וִויטְרִינוֹת	וִיטְרִינָה	1
2	גביעים	גביע	Masc	Plur	גְּבִיעִים	גָּבִיעַ	2
1	חוסות	חוס	Fem	Plur	חוּסוֹת	חוּס	1
3	גלידריות	גלידריה	Fem	Plur	גָּלִידָרִיּוֹת	גָּלִידַרְיָה	11
1	פאיה	פאיה	Fem	Sing	פָּאיָה	פָּאיָה	1
4	עולמות	עולם	Masc	Plur	עוֹלָמוֹת	עוֹלָם	206
1	קולינריה	קולינריה	Fem	Sing	קוֹלִינַרְיָה	קוֹלִינַרְיָה	1
1	ימיה	ימיה	Fem	Sing	יָמֶיהָ	יָמֶיהָ	1
1	הלכת	הלכה	Fem	Sing	הַלֶּכֶת	הֲלָכָה	1
2	הכנת	הכנה	Fem	Sing	הֲכָנַת	הֲכָנָה	13
8	פרסים	פרס	Masc	Plur	פְּרָסִים	פְּרָס	32
2	ניכוח	ניכוח	Masc	Sing	נִיכּוּחַ	נִיכּוּחַ	2
1	מאסטר	מאסטר	Masc	Sing	מָאֶסְטֶר	מָאֶסְטֶר	1
2	ניסוי	ניסוי	Masc	Sing	נִיסּוּי	נִיסּוּי	2
1	טעייה	טעייה	Fem	Sing	טְעִיָּיה	טְעִיָּיה	1
2	גלידת	גלידה	Fem	Sing	גְּלִידַת	גְּלִידָה	29
1	טעום	טעום	Masc	Sing	טָעוּם	טָעוּם	1
6	יועץ	יועץ	Masc	Sing	יוֹעֵץ	יוֹעֵץ	9
1	לבנה	לבנה	Fem	Sing	לְבָנָה	לְבָנָה	5
1	יוגורט	יוגורט	Masc	Sing	יוֹגוּרְט	יוֹגוּרְט	1
1	מקרם	מקרם	Masc	Sing	מְקָרֵם	מְקָרֵם	1
1	אנגלז	אנגלז	Masc	Sing	אַנְגְלָז	אַנְגְלָז	1
1	הבסיס	הבסיס	Masc	Sing	הַבָּסִיס	הַבָּסִיס	1
1	מלבנ	מלבנ	Masc	Sing	מַלְבֵּנ	מַלְבֵּנ	1
3	נישואים	נישואין	Masc	Plur	נִישּׂוּאִים	נִישּׂוּאִין	3
3	טעימות	טעימה	Fem	Plur	טְעִימוֹת	טְעִימָה	4
17	מתנות	מתנה	Fem	Plur	מַתָּנוֹת	מַתָּנָה	33
1	עגיל	עגיל	Masc	Sing	עָגִיל	עָגִיל	1
1	טפר	טופר	Masc	Sing	טֶּפֶּר	טוֹפֶּר	1
1	סבוסה	סבוסה	Fem	Sing	סְבוּסָה	סְבוּסָה	1
1	מסולת	מסולת	Fem	Sing	מַסּוֹלֶת	מַסּוֹלֶת	1
3	מי	מים	Masc	Plur	מִי	מַיִם	86
1	פריחת	פריחה	Fem	Sing	פְּרִיחַת	פְּרִיחָה	1
1	תפוז	תפוז	Masc	Sing	תַּפּוּז	תַּפּוּז	1
1	צדר	צדר	Masc	Sing	צֶּדֶר	צֶּדֶר	1
1	מכינה	הכין	Fem	Sing	מְכִינָה	הֵכִין	1
3	שמנת	שמנה	Fem	Sing	שְַׁמֶנֶת	שְׁמֵנָה	3
1	פרצל	פרצל	Masc	Sing	פַּרְצֶל	פַּרְצֶל	1
2	כפית	כפית	Fem	Sing	כַּפִּית	כַּפִּית	2
5	חשש	חשש	Masc	Sing	חֲשָׁשׁ	חֲשָׁשׁ	10
1	כאלה	כאלה	Masc	Plur	כָּאֵלֶּה	כָּאֵלֶּה	1
1	חידוש	חידוש	Masc	Sing	חִידּוּשׁ	חִידּוּשׁ	1
2	פיסטוק	פיסטוק	Masc	Sing	פִּיסְטוֹק	פִּיסְטוֹק	2
2	עוגות	עוג	Fem	Plur	עוּגוֹת	עוּג	2
1	חושה	חושה	Fem	Sing	חוּשָׁה	חוּשָׁה	1
3	סוכריות	סוכריות	Fem	Plur	סוּכָּרִיּוֹת	סוּכָּרִיּוֹת	3
1	תכוננים	תכונן	Masc	Plur	תְּכוֹנְנִים	תְּכוֹנֵן	1
1	לעונה	לעונה	Fem	Sing	לָעוֹנָה	לָעוֹנָה	1
2	אביב	אביב	Masc	Sing	אָבִיב	אָבִיב	3
3	נבודה	נבודה	Fem	Sing	נְבוֹדָה	נְבוֹדָה	3
1	גלידרית	גלידריה	Fem	Sing	גְּלִידָרִית	גָּלִידַרְיָה	11
1	לג	לג	Masc	Sing	לֵג	לֵג	1
1	סופת	סופה	Fem	Sing	סוּפַת	סוֹפָהּ	1
1	שלגים	שלג	Masc	Plur	שְׁלָגִים	שֶׁלֶג	3
1	אורחי	אורח	Masc	Plur	אוֹרְחִי	אוֹרַח	15
5	אורח	אורח	Masc	Sing	אוֹרַח	אוֹרַח	15
1	מגלידה	מגלידה	Fem	Sing	מַגְלִידָה	מַגְלִידָה	1
4	עורחים	עורח	Masc	Plur	עוֹרְחִים	עוֹרֵחַ	4
19	טרנסקריפט	טרנסקריפט	Masc	Sing	טְרַנְסְקְרִיפְט	טְרַנְסְקְרִיפְט	19
2	הפתעות	הפתעה	Fem	Plur	הַפְתָּעוֹת	הַפְּתָעָה	21
3	דקו	דקו	Masc	Sing	דַּקּוֹ	דַּקּוֹ	3
1	פסק	פסק	Masc	Sing	פֶּסֶק	פֶּסֶק	4
1	חיצות	חיצות	Fem	Plur	חִיצוֹת	חִיצוֹת	1
12	מקפצה	מקפצה	Fem	Sing	מַקְפְּצָה	מַקְפְּצָה	23
2	צמד	צמד	Masc	Sing	צֶּמֶד	צֶּמֶד	2
3	פיפי	פיף	Masc	Sing	פִּיפִּי	פִּיף	3
11	מקפצות	מקפצה	Fem	Plur	מַקְפְּצוֹת	מַקְפְּצָה	23
1	טרמפולינה	טרמפולינה	Fem	Sing	טְרֶמְפּוֹלִינָה	טְרֶמְפּוֹלִינָה	1
2	מחומר	מחומר	Masc	Sing	מֵחוֹמֶר	מֵחוֹמֶר	2
1	התעמלות	התעמלות	Fem	Sing	הִתְעַמְלוּת	הִתְעַמְלוּת	1
1	מקפצת	מקפצת	Fem	Sing	מְקַפֶּצֶת	מְקַפֶּצֶת	1
15	בריכות	בריכה	Fem	Plur	בְּרֵיכוֹת	בְּרֵיכָה	36
1	סולם	סולם	Masc	Sing	סוּלָּם	סוּלָּם	1
1	סלולי	סלול	Masc	Plur	סָּלוּלִי	סָּלוּל	1
2	שחייה	שחייה	Fem	Sing	שְׂחִיָּיה	שְׂחִיָּיה	9
1	תנופה	תנופה	Fem	Sing	תְּנוּפָה	תְּנוּפָה	1
6	פוטנציאל	פוטנציאל	Masc	Sing	פּוֹטֶנְצְיָאל	פּוֹטֶנְצְיָאל	6
6	תביעה	תביעה	Fem	Sing	תְּבִיעָה	תְּבִיעָה	8
2	חמצן	חמצן	Masc	Sing	חַמְצָן	חַמְצָן	2
2	שחי	שחי	Masc	Sing	שֶׁחַי	שֶׁחַי	2
5	רוץ	רוץ	Masc	Sing	רוּץ	רוּץ	5
1	מתנפחים	מתנפח	Masc	Plur	מִתְנַפְּחִים	מִתְנַפֵּחַ	1
1	נורמות	נורמה	Fem	Plur	נוֹרָמוֹת	נוֹרְמָה	1
2	פטל	פטל	Masc	Sing	פֶּטֶל	פֶּטֶל	2
1	חדרון	חדרון	Masc	Sing	חַדְרוֹן	חַדְרוֹן	1
1	החדר	החדר	Masc	Sing	הַחֶדֶר	הַחֶדֶר	1
2	עותקים	עותק	Masc	Plur	עוֹתָקִים	עוֹתֶק	2
1	דפי	דף	Masc	Plur	דַּפִּי	דַּף	14
2	קיצוצים	קיצוץ	Masc	Plur	קִיצּוּצִים	קִיצּוּץ	2
2	צמצ	צמץ	Masc	Sing	צֶּמֶצ	צֶּמֶץ	2
1	פינת	פינה	Fem	Sing	פִּינַּת	פִּינָּה	19
1	לצרכים	לצרך	Masc	Plur	לַצְּרָכִים	לְצָרֵךְ	1
3	דפים	דפיים	Masc	Plur	דַּפִּים	דַּפַּיִים	3
1	חוברות	חוברת	Fem	Plur	חוֹבְרוֹת	חוֹבֶרֶת	1
1	ביולוגיה	ביולוגיה	Fem	Sing	בִּיוֹלוֹגְיָה	בִּיוֹלוֹגְיָה	1
1	קונדיטור	קונדיטור	Masc	Sing	קוֹנְדִּיטוֹר	קוֹנְדִּיטוֹר	2
1	מתכונים	מתכון	Masc	Plur	מַתְכּוֹנִים	מַתְּכוֹן	11
2	דיור	דיור	Masc	Sing	דִּיּוּר	דִּיּוּר	2
1	בקול	בקול	Masc	Sing	בְּקוֹל	בְּקוֹל	1
2	חוצפה	חוצפה	Fem	Sing	חוּצְפָּה	חוּצְפָּה	2
1	גולש	גולש	Masc	Sing	גּוֹלֵשׁ	גּוֹלֵשׁ	1
3	פגישות	פגישה	Fem	Plur	פְּגִישׁוֹת	פְּגִישָׁה	9
2	משתמשים	השתמש	Masc	Plur	מִשְׁתַּמְשִׁים	הִשְׁתַמֵּשׁ	2
2	ידאו	ידאו			יַדְאוֹ	יַדְאוֹ	2
1	מגפת	מגפה	Fem	Sing	מַגֶּפֶת	מַגֵּפָה	1
3	קורונה	קורונה	Fem	Sing	קוֹרוֹנָה	קוֹרוֹנָה	3
12	זום	זום	Masc	Sing	זוּם	זוּם	12
1	פיצ'רים	פצ'ר	Masc	Plur	פִּיצָ'רִים	פָּצֶ'ר	1
2	חדרי	חדר	Masc	Plur	חַדְרִי	חֶדֶר	42
1	ניואנסים	ניואנס	Masc	Plur	נְיוּאַנְסִים	נְיוּאַנְס	1
1	ניחוש	ניחוש	Masc	Sing	נִיחוּשׁ	נִיחוּשׁ	1
1	קוי	קוי	Masc	Sing	קוֹי	קוֹי	1
1	חרה	חרה	Fem	Sing	חַרָּה	חַרָּה	1
4	שיתוף	שיתוף	Masc	Sing	שִׁיתּוּף	שִׁיתּוּף	6
1	פסיקה	פסיקה	Fem	Sing	פְּסִיקָה	פְּסִיקָה	1
1	עדכונים	עדכון	Masc	Plur	עִדְכּוּנִים	עִדְכּוּן	2
1	סקייפת	סקייפה	Fem	Sing	סְקַיְיפֶת	סְקַיְיפָה	1
1	סקייפ	סקייף	Masc	Sing	סְקַיְיפּ	סְקַיְיף	1
1	חיקת	חיקה	Fem	Sing	חֵיקַת	חֵיקָה	1
1	שלנים	שלן	Masc	Plur	שְׁלֹנִים	שֶׁלָּן	1
2	מופטע	מופטע	Masc	Sing	מוּפְטָע	מוּפְטָע	2
1	הרשמה	הרשמה	Fem	Sing	הַרְשָׁמָה	הַרְשָׁמָה	1
1	תרגשות	תרגשות	Fem	Sing	תִּרְגְּשׁוּת	תִּרְגְּשׁוּת	1
3	עייפות	עייפות	Fem	Sing	עֲיֵיפוּת	עֲיֵיפוּת	3
2	מתחרים	התחרה	Masc	Plur	מִתְחָרִים	הִתְחָרָה	14
1	מנחים	מנח	Masc	Plur	מַנְחִים	מַנָּחַ	1
2	שעון	שעון	Masc	Sing	שָׁעוֹן	שָׁעוֹן	2
2	שמרים	שמר	Masc	Plur	שְׁמָרִים	שָׁמַר	2
1	צק	צק	Masc	Sing	צֵּק	צֵּק	1
2	השמש	השמש	Fem	Sing	הַשֶּׁמֶשׁ	הַשֶּׁמֶשׁ	2
3	התחת	התחה	Fem	Sing	הַתַּחַת	הַתָּחָה	3
1	כונת	כונה	Fem	Sing	כַּוֹנַת	כַּוּנָּה	1
1	תרגשה	תרגשה	Fem	Sing	תִּרְגְּשָׁה	תִּרְגְּשָׁה	1
2	שידוך	שידוך	Masc	Sing	שִׁידּוּךְ	שִׁידּוּךְ	2
1	זרום	זרום	Masc	Sing	זָּרוֹם	זָּרוֹם	1
1	צ'קליסט	צ'קליסט	Masc	Sing	צַ'קְלִיסְט	צַ'קְלִיסְט	1
1	חיבוק	חיבוק	Masc	Sing	חִיבּוּק	חִיבּוּק	1
1	נשיקה	נשיקה	Fem	Sing	נְשִׁיקָה	נְשִׁיקָה	2
1	לחי	לחי	Masc	Sing	לֶחִי	לֶחִי	1
1	זמנת	זמנה	Fem	Sing	זְמַנְתָּ	זְמַנָּהּ	4
6	מלצר	מלצר	Masc	Sing	מֶלְצַר	מֶלְצַר	10
1	אסרטיביות	אסרטיביות	Fem	Sing	אָסֶרְטִיבִיּוּת	אָסֶרְטִיבִיּוּת	1
1	קשיבה	קשיבה	Fem	Sing	קְשִׁיבָה	קְשִׁיבָה	1
2	בוס	בוס	Masc	Sing	בּוֹס	בּוֹס	3
5	מילואים	מילואים	Masc	Sing	מִילּוּאִים	מִילּוּאִים	5
1	גלישה	גלישה	Fem	Sing	גְּלִישָׁה	גְּלִישָׁה	1
1	גלשן	גלשן	Masc	Sing	גַּלְשָׁן	גַּלְשָׁן	1
1	תוכה	תוכה	Fem	Sing	תּוֹכָהּ	תּוֹכָהּ	1
4	דקה	דקה	Fem	Sing	דַּקָּה	דַּקָּה	30
1	שכירות	שכירות	Fem	Sing	שְׂכִירוּת	שְׂכִירוּת	1
1	סמיילים	סמייל	Masc	Plur	סְמַיְילִים	סְמַיְיל	1
1	אמוג'ים	אמוג'	Masc	Plur	אַמוֹגִ'ים	אָמוֹג'	1
1	הדייט	הדייט	Masc	Sing	הַדֵּיְיט	הַדֵּיְיט	1
1	זבז	זבז	Masc	Sing	זָּבָז	זָּבָז	1
1	נשיקות	נשיקה	Fem	Plur	נְשִׁיקוֹת	נְשִׁיקָה	2
3	כפתור	כפתור	Masc	Sing	כַּפְתּוֹר	כַּפְתּוֹר	3
2	עוזר	עוזר	Masc	Sing	עוֹזֵר	עוֹזֵר	2
1	מרועינים	מרועינים	Masc	Plur	מַרוֹעִינִים	מַרוֹעִינִים	1
1	פרויקטורית	פרויקטור	Fem	Sing	פְּרוֹיֶקְטוֹרִית	פְּרוֹיֶקְטוֹר	1
5	עיריית	עירייה	Fem	Sing	עִירִיַּית	עִירִיָּיה	17
9	ריכוז	ריכוז	Masc	Sing	רִיכּוּז	רִיכּוּז	9
2	כולן	כולן	Fem	Plur	כּוּלָּן	כּוּלָּן	2
2	קפיצה	קפיצה	Fem	Sing	קְפִיצָה	קְפִיצָה	3
3	צמיכה	צמיכה	Fem	Sing	צְּמִיכָה	צְּמִיכָה	3
1	חודשי	חודש	Masc	Plur	חוֹדְשִׁי	חוֹדֶשׁ	93
1	תגברות	תגברות	Fem	Sing	תִּגְבָּרוּת	תִּגְבָּרוּת	1
1	מחאות	מחאה	Fem	Plur	מְחָאוֹת	מְחָאָה	3
3	משמעויות	משמעות	Fem	Plur	מַשְׁמָעוּיוֹת	מַשְׁמָעוּת	30
6	קהילות	קהילה	Fem	Plur	קְהִילּוֹת	קְהִילָּה	47
4	מגמה	מגמה	Fem	Sing	מְגַמָּה	מְגַמָּה	4
1	אדמינים	אדמין	Masc	Plur	אַדְמִינִים	אַדְמִין	1
1	קליטת	קליטה	Fem	Sing	קְלִיטַת	קְלִיטָה	10
1	קמפיין	קמפיין	Masc	Sing	קַמְפֵּיְין	קַמְפֵּיְין	1
2	עידוד	עידוד	Masc	Sing	עִידוּד	עִידוּד	2
2	פלוס	פלוס	Masc	Sing	פְּלוֹס	פְּלוֹס	2
1	התמקדות	התמקדות	Fem	Sing	הִתְמַקְּדוּת	הִתְמַקְּדוּת	1
1	התעניינות	התעניינות	Fem	Sing	הִתְעַנְיְינוּת	הִתְעַנְיְינוּת	1
1	התרשמות	התרשמות	Fem	Sing	הִתְרַשְׁמוּת	הִתְרַשְׁמוּת	1
1	פיפט	פיפט	Masc	Sing	פִּיפְּט	פִּיפְּט	1
1	בקו	בקו	Masc	Sing	בַּקַּו	בַּקַּו	1
2	עליית	עלייה	Fem	Sing	עֲלִיַּית	עֲלִיָּיה	42
1	התנגדות	התנגדות	Fem	Sing	הִתְנַגְּדוּת	הִתְנַגְּדוּת	1
1	כותבי	כותב	Masc	Plur	כּוֹתְבִי	כּוֹתֵב	1
1	פאבליק	פאבליק	Masc	Sing	פָּאבְלִיק	פָּאבְלִיק	1
2	פרופילים	פרופיל	Masc	Plur	פְּרוֹפִילִים	פְּרוֹפִיל	14
1	ווגם	וגם	Masc	Plur	וָוגֶם	וְגַּם	1
1	נפילות	נפילות	Fem	Plur	נְפִילוֹת	נְפִילוֹת	1
1	ספם	ספם	Masc	Sing	סֶּפֶּם	סֶּפֶּם	1
4	התמודדות	התמודדות	Fem	Sing	הִתְמוֹדְדוּת	הִתְמוֹדְדוּת	4
1	התקפה	התקפה	Fem	Sing	הַתְּקָפָה	הַתְּקָפָה	2
1	התיישבות	התיישבות	Fem	Sing	הִתְיַישְׁבוּת	הִתְיַישְׁבוּת	1
5	טענות	טענה	Fem	Plur	טְעָנוֹת	טַעֲנָה	9
2	גרילה	גרילה	Fem	Sing	גְּרִילָה	גְּרִילָה	2
1	לוחמת	לוחם	Fem	Sing	לוֹחֶמֶת	לוֹחֵם	7
1	קיום	קיום	Masc	Sing	קִיּוּם	קִיּוּם	1
2	פידבק	פידבק	Masc	Sing	פִּידְבֶּק	פִּידְבֶּק	2
1	עדיות	עדייה	Fem	Plur	עֲדָיוֹת	עֲדִיָּיה	1
1	חשיבה	חשיבה	Fem	Sing	חֲשִׁיבָה	חֲשִׁיבָה	1
4	למידה	למידה	Fem	Sing	לְמִידָה	לְמִידָה	5
2	ראשות	ראשות	Fem	Sing	רָאשׁוּת	רָאשׁוּת	2
1	אומן	אומן	Masc	Sing	אוּמָּן	אוּמָּן	4
1	דוברות	דובר	Fem	Plur	דּוֹבְרוֹת	דּוֹבֵּר	7
2	אמיתים	אמית	Masc	Plur	אֲמִיתִּים	אֱמִית	2
3	שכונות	שכונה	Fem	Plur	שְׁכוּנוֹת	שְׁכוּנָה	17
5	תהליכים	תהליך	Masc	Plur	תַּהֲלִיכִים	תַּהֲלִיךְ	37
1	אבחונים	אבחון	Masc	Plur	אִבְחוּנִים	אִבְחוּן	1
2	בירוקרטיה	בירוקרטיה	Fem	Sing	בִּירוֹקְרַטְיָה	בִּירוֹקְרַטְיָה	2
1	תעודת	תעודה	Fem	Sing	תְּעוּדַת	תְּעוּדָה	4
16	זהות	זהות	Fem	Sing	זֶהוּת	זֶהוּת	16
2	ארנונה	ארנונה	Fem	Sing	אַרְנוֹנָה	אַרְנוֹנָה	2
1	תיווך	תיווך	Masc	Sing	תִּיוּוּךְ	תִּיוּוּךְ	1
2	תעסוקה	תעסוקה	Fem	Sing	תַּעֲסוּקָה	תַּעֲסוּקָה	2
1	אורתודו	אורתודו	Masc	Sing	אוֹרְתוּדוֹ	אוֹרְתוּדוֹ	1
1	קנסרבטיבים	קנסרבטיבי	Masc	Plur	קֶנְסְרַבְטִיבִים	קֶנְסְרַבְטִיבִי	1
1	רפורמים	רפורמי	Masc	Plur	רֵפוֹרְמִים	רֵפוֹרְמִי	1
1	רול	רול	Masc	Sing	רוֹל	רוֹל	1
1	יברליות	יברלי	Fem	Plur	יַבֵּרָלִיּוּת	יַבֶּרְלִי	1
1	פרוגרסיביות	פרוגרסיבי	Fem	Plur	פְּרוֹגֶרְסִיבִיּוּת	פְּרוֹגֶרְסִיבִי	1
2	גיוון	גיוון	Masc	Sing	גִּיוּוּן	גִּיוּוּן	2
1	הקשת	הקשה	Fem	Sing	הַקֶּשֶׁת	הַקָּשֶׁה	1
1	מגוון	מגוון	Masc	Sing	מִגְּוָון	מִגְּוָון	1
2	רופאים	רופא	Masc	Plur	רוֹפְאִים	רוֹפֵּא	11
1	עמותות	עמותה	Fem	Plur	עֲמוּתּוֹת	עֲמוּתָּה	3
1	מוסטות	מוסט	Fem	Plur	מוּסָטוֹת	מוּסְט	1
1	בגנים	בגן	Masc	Plur	בַּגַּנִּים	בַּגַּן	4
1	מועמדי	מועמדי	Masc	Plur	מוּעֲמָדִי	מוּעֲמָדִי	1
1	ביסית	ביסית	Fem	Sing	בִּיסִית	בִּיסִית	1
1	עמטות	עמטה	Masc	Plur	עֲמָטוֹת	עֲמָטָה	1
1	היזהר	היזהר	Masc	Sing	הִיזָּהֵר	הִיזָּהֵר	1
2	ערבון	ערבון	Masc	Sing	עִרְבּוֹן	עִרְבּוֹן	2
1	הזדמנויות	הזדמנות	Fem	Plur	הִזְדַּמְּנוּיוֹת	הִזְדַמְּנוּת	19
1	מרועיין	מרועיין	Masc	Sing	מְרוּעְיָין	מְרוּעְיָין	1
2	כמורה	כמורה	Fem	Sing	כְּמוֹרֶה	כְּמוֹרֶה	2
1	מרצה	מרצה	Masc	Sing	מַרְצֶה	מַרְצֶה	1
1	יונות	יונות	Fem	Plur	יוֹנוֹת	יוֹנוֹת	1
1	רופה	רופה	Fem	Sing	רוּפָּה	רוּפָּה	2
1	כרופה	כרופה	Fem	Sing	כְּרוּפָה	כְּרוּפָה	1
3	התמחות	התמחות	Fem	Sing	הִתְמַחוּת	הִתְמַחוּת	3
1	אל	אל	Masc	Sing	אֶל	אֶל	1
4	קו	קו	Masc	Sing	קַו	קַו	4
1	הקו	הקו	Masc	Sing	הַקַּו	הַקַּו	1
5	תקיפה	תקיפה	Fem	Sing	תְּקִיפָה	תְּקִיפָה	5
1	צהל	צהל	Masc	Sing	צָּהָל	צָּהָל	1
3	טוחים	טוח	Masc	Plur	טוֹחִים	טוּחַ	15
1	משיח	משיח	Masc	Sing	מָשִׁיחַ	מָשִׁיחַ	1
1	מחלקת	מחלקה	Fem	Sing	מַחְלֶקֶת	מַחְלָקָה	3
1	ערוב	ערוב	Masc	Sing	עָרוֹב	עָרוֹב	1
1	ציונ	ציון	Masc	Sing	צִּיוֹנ	צִּיוֹן	13
1	יהודית	יהודי	Fem	Sing	יְהוּדִית	יְהוּדִי	20
1	הקהילה	הקהילה	Fem	Sing	הַקְּהִילָּה	הַקְּהִילָּה	1
1	מילות	מילה	Fem	Plur	מִילּוֹת	מִילָּה	147
1	צעידים	צעיד	Masc	Plur	צְּעִידִים	צָּעִיד	1
2	שייכות	שייכות	Fem	Sing	שְַׁיָיכוּת	שְַׁיָיכוּת	2
2	עלית	עלית	Fem	Sing	עָלִית	עָלִית	2
1	סל	סל	Masc	Sing	סַּל	סַּל	1
2	טבות	טבות	Fem	Plur	טָבוֹת	טָבוֹת	2
4	מונית	מונית	Fem	Sing	מוֹנִית	מוֹנִית	5
1	מצוודות	מצוודה	Fem	Plur	מִצְוָודוֹת	מִצְוָודָה	1
1	ס	ס	Masc	Sing	ס	ס	1
1	גוגל	גוגל	Masc	Sing	גּוּגֶל	גּוּגֶל	1
1	מפס	מפס	Masc	Sing	מַפָּס	מַפָּס	1
2	GPS	GPS	Masc	Sing	GPS	GPS	2
1	קובת	קובה	Fem	Sing	קוּבַּת	קוּבָּה	1
1	שיכלת	שיכל	Fem	Sing	שֶׁיָּכֹלְתָּ	שֶׁיָּכֹל	1
1	פרפרים	פרפר	Masc	Plur	פַּרְפַּרִים	פַּרְפַּר	1
1	שופרים	שופר	Masc	Plur	שׁוֹפְרִים	שׁוֹפֵּר	1
4	הסכמת	הסכמה	Fem	Sing	הַסְכָּמַת	הַסְכָּמָה	6
1	יהיהודים	יהיהוודי	Masc	Plur	יֵהַיְּהוּדִים	יְהִיהֲוָודִי	1
1	מוצא	מוצא	Masc	Sing	מוֹצֵא	מוֹצֵא	1
1	התעוררות	התעוררות	Fem	Sing	הִתְעוֹרְרוּת	הִתְעוֹרְרוּת	1
5	בלאגן	בלאגן	Masc	Sing	בְּלָאגֶן	בְּלָאגֶן	5
11	חתונ	חתון	Masc	Sing	חָתוֹנ	חָתוֹן	11
42	חתונות	חתונה	Fem	Plur	חֲתוּנּוֹת	חֲתוּנָּה	91
1	התחלות	התחלה	Fem	Plur	הַתְּחָלוֹת	הַתְּחָלָה	52
3	מפיקת	מפיקה	Fem	Sing	מְפִּיקַת	מְפִּיקָה	3
3	מחול	מחול	Masc	Sing	מָחוֹל	מָחוֹל	3
1	לזוגות	לזוג	Fem	Plur	לְזוּגוֹת	לַזּוּג	1
3	שמלה	שמלה	Fem	Sing	שְִׂמָלָה	שְִׂמָלָה	4
2	חולצה	חולצה	Fem	Sing	חוּלְצָה	חוּלְצָה	11
4	מעטפה	מעטפה	Fem	Sing	מַעֲטָפָה	מַעֲטָפָה	4
1	מזומנים	מזומן	Masc	Plur	מְזוּמָּנִים	מְזוּמָּן	3
1	כוכבת	כוכבה	Fem	Sing	כּוֹכֶבֶת	כוֹכָבָהּ	1
2	יוקר	יוקר	Masc	Sing	יוֹקֶר	יוֹקֶר	2
3	מחיה	מחיה	Fem	Sing	מִחְיָה	מִחְיָה	4
1	תודי	תוד	Masc	Sing	תּוֹדִי	תָּוֹד	1
1	טרינינג	טרינינג	Masc	Sing	טְרִינִינְג	טְרִינִינְג	1
3	מקלחת	מקלחת	Fem	Sing	מִקְלַחַת	מִקְלַחַת	4
1	בטיל	בטיל	Masc	Sing	בָּטִיל	בָּטִיל	1
1	חד	חד	Masc	Sing	חַד	חַד	1
1	הלוויה	הלוויה	Fem	Sing	הַלְּוָויָה	הַלְּוָויָה	1
1	קרקס	קרקס	Masc	Sing	קִרְקָס	קִרְקָס	1
3	תוספות	תוספת	Fem	Plur	תּוֹסָפוֹת	תּוֹסֶפֶת	5
1	טררם	טררם	Masc	Sing	טֶּרְרֶם	טֶּרְרֶם	1
7	אולם	אולם	Masc	Sing	אוּלָם	אוּלָם	11
1	הודיה	הודיה	Fem	Sing	הוֹדָיָה	הוֹדָיָה	1
1	מעטפות	מעטף	Fem	Plur	מַעֲטָפוֹת	מַעֲטָף	1
2	בופה	בופה	Fem	Sing	בּוּפָה	בּוּפָה	2
1	איפור	איפור	Masc	Sing	אִיפּוּר	אִיפּוּר	1
1	אשקל	אשקל	Masc	Sing	אֶשְׁקַל	אֶשְׁקַל	1
1	ילונות	ילונה	Masc	Plur	יַלוֹנוֹת	יָלוֹנָה	1
1	וילנות	וילנות	Fem	Plur	וִילָנוֹת	וִילָנוֹת	1
1	יוצרת	יצר	Fem	Sing	יוֹצֶרֶת	יָצַר	1
1	הגזמה	הגזמה	Fem	Sing	הַגְּזָמָה	הַגְּזָמָה	1
1	פרובוקציה	פרובוקציה	Fem	Sing	פְּרוֹבוּקְצִיָּה	פְּרוֹבוּקְצִיָּה	1
5	עלויות	עלות	Fem	Plur	עֲלוּיוֹת	עֲלוּת	5
5	חתן	חתן	Masc	Sing	חָתָן	חָתָן	6
1	סבסד	סבסד	Masc	Sing	סַבְסַד	סַבְסַד	1
1	וותק	ותק	Masc	Sing	וָותֶק	וֶתֶק	1
5	נהר	נהר	Masc	Sing	נָּהָר	נָּהָר	6
1	לוז	לוז	Masc	Sing	לוּז	לוּז	1
1	סקיצה	סקיצה	Fem	Sing	סְקִיצָה	סְקִיצָה	1
1	הושבה	הושבה	Fem	Sing	הוֹשְׁבָה	הוֹשְׁבָה	1
1	תיאום	תיאום	Masc	Sing	תֵּיְאוּם	תֵּיְאוּם	1
1	תיום	תיום	Masc	Sing	תַּיוֹם	תַּיוֹם	1
5	ציפיות	ציפייה	Fem	Plur	צִּיפִּיוֹת	צִּיפִיָּיה	8
5	ספקים	ספק	Masc	Plur	סְפֵקִים	סָפֵק	18
6	צלמים	צלם	Masc	Plur	צַּלָּמִים	צַּלָּם	7
2	דמות	דמות	Fem	Sing	דְּמוּת	דְּמוּת	2
2	חופה	חופה	Fem	Sing	חוּפָּה	חוּפָּה	2
1	אחראות	אחראות	Fem	Sing	אַחְרָאוּת	אַחְרָאוּת	1
1	בקצב	בקצב	Masc	Sing	בְּקֶצֶב	בְּקֶצֶב	1
1	טפע	טפע	Masc	Sing	טֶּפַע	טֶּפַע	1
1	השתנות	השתנה	Fem	Sing	הִשְׁתַּנּוּת	הִשְׁתַּנָה	1
2	כלה	כלה	Fem	Sing	כַּלָּה	כַּלָּה	3
1	התפריט	התפריט	Masc	Sing	הַתַּפְרִיט	הַתַּפְרִיט	1
1	כבדות	כבדות	Fem	Plur	כְּבֵדוּת	כְּבֵדוּת	1
1	סט	סט	Masc	Sing	סְט	סְט	1
1	מצעים	מצע	Masc	Plur	מַצָּעִים	מַצָּע	1
1	ערכה	ערך	Fem	Sing	עָרְכָה	עֵרֶךְ	29
1	פונדו	פונדו	Masc	Sing	פּוּנְּדוֹ	פּוּנְּדוֹ	1
2	שפע	שפע	Masc	Sing	שֶׁפַע	שֶׁפַע	2
1	אפה	אפה	Fem	Sing	אַפָּהּ	אַפָּהּ	1
2	בורקס	בורקס	Masc	Sing	בּוּרְקְס	בּוּרְקְס	2
3	פטריות	פטרייה	Fem	Plur	פִּטְרִיּוֹת	פִּטְרִיָּיה	3
1	קרעיים	קרעי	Masc	Plur	קְרָעַיִים	קִרְעִי	1
3	סטיק	סטיק	Masc	Sing	סְטִיק	סְטִיק	4
1	דניס	דניס	Masc	Sing	דֵּנִיס	דֵּנִיס	1
1	מוסר	מוסר	Masc	Sing	מוּסָר	מוּסָר	1
1	אישו	איש	Masc	Sing	אִישׁוֹ	אִישׁ	730
1	נדליר	נדליר	Masc	Sing	נַדְלִיר	נַדְלִיר	1
1	קבוק	קבוק	Masc	Sing	קַבּוּק	קַבּוּק	4
74	וויסקי	ויסק	Masc	Sing	וִויסְקִי	וַיְסְק	82
2	סקי	סקי	Masc	Sing	סְקִי	סְקִי	2
5	ויסקי	ויסק	Masc	Sing	וִיסְקִי	וַיְסְק	82
1	יורים	ירה	Masc	Plur	יוֹרִים	יָרָה	1
3	דעתי	דעת	Fem	Sing	דַּעְתִּי	דַּעַת	3
1	כזו	כזו	Fem	Sing	כָּזוֹ	כָּזוֹ	1
1	מעטים	מעטה	Masc	Plur	מְעַטִּים	מַעֲטֶה	1
1	יחידי	יחידי	Masc	Plur	יְחִידִי	יְחִידִי	1
1	אעבודת	אעבודת	Fem	Sing	אַעֲבוֹדַת	אַעֲבוֹדַת	1
1	טבחים	טבח	Masc	Plur	טַבָּחִים	טֶּבַח	3
2	ויטורים	ויטורין	Masc	Plur	וִיטוֹרִים	וִיטוֹרִין	2
1	חזיקה	חזיקה	Fem	Sing	חֲזִיקָה	חֲזִיקָה	1
2	מעגלים	מעגל	Masc	Plur	מַעְגָּלִים	מַעְגָּל	2
1	אווניברסיטה	אווניברסיטה	Fem	Sing	אָוֵונִיבֶרְסִיטָה	אָוֵונִיבֶרְסִיטָה	1
1	חברויות	חברות	Fem	Plur	חֲבֵרוּיוֹת	חֲבָרוֹת	1
1	לבור	לבור	Masc	Sing	לְבוֹר	לְבוֹר	1
1	מומחית	מומחה	Fem	Sing	מוּמְחִית	מוּמְחֶה	3
1	בר	בר	Masc	Sing	בַּר	בַּר	1
1	מצווה	מצווה	Fem	Sing	מִצְוָוה	מִצְוָוה	1
4	אולמות	אולם	Masc	Plur	אוּלַמּוֹת	אוּלָם	11
2	גני	גן	Masc	Plur	גַּנִי	גַּן	17
3	הצעת	הצעה	Fem	Sing	הַצָּעַת	הַצָּעָה	13
1	בקשות	בקשה	Fem	Plur	בַּקָּשׁוֹת	בַּקָּשָׁה	11
1	מפיקה	הפיק	Fem	Sing	מְפִּיקָה	הֵפִיק	1
3	אחרונות	אחרון	Fem	Plur	אַחֲרוֹנוֹת	אַחֲרוֹן	3
2	תייקרות	תייקרות	Fem	Sing	תְּיַיקְרוּת	תְּיַיקְרוּת	2
1	עבודים	עבוד	Masc	Plur	עֲבוֹדִים	עָבוֹד	6
1	דיג'יים	דיג'י	Masc		דִּיגִ'יִים	דִּיגִ'י	2
9	רמות	רמה	Fem	Plur	רָמוֹת	רָמָה	53
1	מעצבים	מעצב	Masc	Plur	מְעַצְּבִים	מְעַצֵּב	1
2	חתונת	חתונה	Fem	Sing	חֲתוּנַּת	חֲתוּנָּה	91
1	תומת	תומה	Fem	Sing	תּוּמַּת	תָּוֹמָה	1
1	תמחור	תמחור	Masc	Sing	תִּמָחוֹר	תִּמָחוֹר	1
1	מנהרה	מנהרה	Fem	Sing	מִנְּהָרָה	מִנְּהָרָה	1
1	מינימ	מינימה	Masc	Sing	מִינִימ	מִינִימָה	1
1	אופסיזן	אופסיזן	Masc	Sing	אוֹפְּסִיזָן	אוֹפְּסִיזָן	1
1	₪	₪	Masc	Sing	₪	₪	1
2	פרדוקס	פרדוקס	Masc	Sing	פְּרֵדוֹקְס	פְּרֵדוֹקְס	2
1	קרובים	קרוב	Masc	Plur	קְרוֹבִים	קָרוֹב	4
1	הגן	הגן	Masc	Sing	הַגַּן	הַגַּן	1
1	מפגע	מפגע	Masc	Sing	מְפַגֵּעַ	מְפַגֵּעַ	1
1	לחתונות	לחתון	Masc	Plur	לַחֲתוּנּוֹת	לֶחָתוֹן	1
1	דיג'יי	דיג'י	Masc	Sing	דִּיגַ'יי	דִּיגִ'י	2
2	אפקט	אפקט	Masc	Sing	אֵפֶקְט	אֵפֶקְט	3
1	עדר	עדר	Masc	Sing	עֵדֶר	עֵדֶר	1
1	יצירתיות	יצירתיות	Fem	Sing	יְצִירָתִיּוּת	יְצִירָתִיּוּת	1
1	תכתיב	תכתיב	Masc	Sing	תַּכְתִּיב	תַּכְתִּיב	1
3	חלל	חלל	Masc	Sing	חָלָל	חָלָל	6
1	שונות	שונה	Fem	Plur	שׁוֹנוֹת	שׁוֹנֶה	1
1	שנית	שנית	Fem	Sing	שֵׁנִית	שֵׁנִית	1
2	פורמטים	פורמטי	Masc	Plur	פּוֹרְמָטִים	פּוֹרְמָטִי	2
1	שיגאון	שיגאון	Masc	Sing	שִׁיגָּאוֹן	שִׁיגָּאוֹן	1
1	עמודי	עמוד	Masc	Plur	עַמּוּדִי	עַמּוּד	30
2	דיג'י	דיג'	Masc	Sing	דִּיגִ'י	דַּיִג'	2
1	סמלות	סמלה	Fem	Plur	סְמָלוֹת	סִמְלָה	1
2	סידורי	סידור	Masc	Plur	סִּידּוּרִי	סִּידּוּר	7
2	חרדות	חרדה	Fem	Plur	חֲרָדוֹת	חֲרָדָה	3
1	צלם	צלם	Masc	Sing	צַּלָּם	צַּלָּם	7
2	מבול	מבול	Masc	Sing	מַבּוּל	מַבּוּל	2
1	מאפרת	מאפרת	Fem	Sing	מְאַפֶּרֶת	מְאַפֶּרֶת	1
1	גברה	גבר	Fem	Sing	גָּבְרָה	גֶּבֶר	22
1	ארטיקים	ארטיק	Masc	Plur	אַרְטִיקִים	אַרְטִיק	1
1	רחבה	רחבה	Fem	Sing	רְחָבָה	רְחָבָה	1
1	סחרחורת	סחרחורת	Fem	Sing	סְחַרְחוֹרֶת	סְחַרְחוֹרֶת	1
1	ככמות	ככמות	Fem	Sing	כְּכַמּוּת	כְּכַמּוּת	1
1	סולדת	סולדת	Fem	Sing	סוֹלֶדֶת	סוֹלֶדֶת	1
1	קבוצאות	קבוצה	Fem	Plur	קְבוּצָאוֹת	קְבוּצָה	95
1	גועל	גועל	Masc	Sing	גּוֹעַל	גּוֹעַל	1
2	דחייה	דחייה	Fem	Sing	דְּחִיָּיה	דְּחִיָּיה	2
2	שחיים	שחיים	Masc	Plur	שֶׁחַיִים	שֶׁחַיִים	2
1	מליטה	מליטה	Fem	Sing	מְלִיטָה	מְלִיטָה	1
1	כרות	כרות	Fem	Sing	כָּרוּת	כָּרוּת	1
7	סגנון	סגנון	Masc	Sing	סִּגְנוֹן	סִּגְנוֹן	9
1	חתונם	חתונם	Masc	Sing	חֲתוּנָּם	חֲתוּנָּם	1
8	בדלים	בדלים	Masc	Plur	בְּדַלִים	בְּדַלִים	8
1	עורים	עיוור	Masc	Plur	עוֹרִים	עִיוֵּור	1
1	הגבלה	הגבלה	Fem	Sing	הַגְּבָלָה	הַגְּבָלָה	3
2	סופש	סופש	Masc	Sing	סוֹפֵשׁ	סוֹפֵשׁ	2
1	דעתיים	דעה	Fem	Plur	דַּעְתַּיִים	דֵּעָה	59
1	אופקות	אופק	Fem	Sing	אוֹפָקוֹת	אוֹפֶק	2
1	הפה	הפה	Masc	Sing	הַפֶּה	הַפֶּה	1
2	יעוד	ייעוד	Masc	Sing	יִעוּד	יִיעוּד	3
1	קריירות	קריירה	Fem	Plur	קַרְיֵירוֹת	קַרְיֵירָה	4
1	יהוד	יהוד	Masc	Sing	יְהוּד	יְהוּד	1
1	ייעוד	ייעוד	Masc	Sing	יִיעוּד	יִיעוּד	3
1	יהיעוד	יהיעוד	Masc	Sing	יְהִיעוּד	יְהִיעוּד	1
2	נשמה	נשמה	Fem	Sing	נְשָׁמָה	נְשָׁמָה	2
1	זהומים	זהום	Masc	Plur	זְהוֹמִים	זְהוֹם	1
1	התרש	התרש	Masc	Sing	הִתְרַשׁ	הִתְרַשׁ	1
2	קהלים	קהל	Masc	Plur	קְהָלִים	קָהָל	24
1	פרופסורים	פרופסור	Masc	Plur	פְּרוֹפֶסוֹרִים	פְּרוֹפֶסוֹר	10
8	תלפים	תלף	Masc	Plur	תְּלָפִים	תָּלַף	8
3	ספה	ספה	Fem	Sing	סַּפָּה	סַּפָּה	3
7	מרחבים	מרחב	Masc	Plur	מֶרְחָבִים	מֶרְחָב	32
1	זורשת	זורשת	Fem	Sing	זוֹרֶשֶׁת	זוֹרֶשֶׁת	1
1	תבשילי	תבשיל	Masc	Plur	תַּבְשִׁילִי	תַּבְשִׁיל	8
1	תוצרת	תוצרת	Fem	Sing	תּוֹצֶרֶת	תּוֹצֶרֶת	1
2	פנקייקים	פנקייק	Masc	Plur	פַּנְקַיְיקִים	פַּנְקַיְיק	2
1	להיט	להיט	Masc	Sing	לָהִיט	לָהִיט	1
1	רקפסט	רקפסט	Masc	Sing	רֶקְפְסְט	רֶקְפְסְט	1
5	בצק	בצק	Masc	Sing	בָּצֵק	בָּצֵק	5
1	חמאה	חמאה	Fem	Sing	חֶמְאָה	חֶמְאָה	1
2	ביצים	ביצה	Fem	Plur	בֵּיְצִים	בֵּיְצָה	5
1	נקניקיה	נקניקיה	Fem	Sing	נַקְנִיקְיָה	נַקְנִיקְיָה	1
10	קראקר	קראקר	Masc	Sing	קְרָאקֶר	קְרָאקֶר	10
3	חזית	חזית	Fem	Sing	חֲזִית	חֲזִית	4
5	כיסאות	כיסא	Masc	Plur	כִּיסְּאוֹת	כִּיסֵּא	16
2	נדנדה	נדנדה	Fem	Sing	נַדְנֵדָה	נַדְנֵדָה	2
1	אובייקטים	אובייקט	Masc	Plur	אוֹבְּיֶיקְטִים	אוֹבְּיֶיקְט	1
2	ישול	יישול	Masc	Sing	יִשּׁוּל	יִישּׁוּל	2
1	רמזור	רמזור	Masc	Sing	רַמְזוֹר	רַמְזוֹר	2
1	משולש	משולש	Masc	Sing	מְשׁוּלָּשׁ	מְשׁוּלָּשׁ	1
1	תאגיד	תאגיד	Masc	Sing	תַּאֲגִּיד	תַּאֲגִּיד	1
1	צעצועים	צעצוע	Masc	Plur	צַּעֲצוּעִים	צַעֲצוּעַ	1
1	מתיחת	מתיחה	Fem	Sing	מְתִיחַת	מְתִיחָה	1
1	רענ	רען	Masc	Sing	רָעָנ	רָעָן	1
1	מינוי	מינוי	Masc	Sing	מִינּוּי	מִינּוּי	1
1	סניפים	סניף	Masc	Plur	סְנִיפִים	סְנִיף	6
6	טובת	טובה	Fem	Sing	טוֹבַת	טוֹבָה	15
1	ביסקוויטים	ביסקוויט	Masc	Plur	בִּיסְקְוִויטִים	בִּיסְקְוִויט	1
5	גמל	גמל	Masc	Sing	גָּמָל	גָּמָל	6
8	לוגו	לוגו	Masc	Sing	לוֹגוֹ	לוֹגוֹ	8
9	חבית	חבית	Fem	Sing	חָבִית	חָבִית	9
1	קלל	קלל	Masc	Sing	קָלָל	קָלָל	1
1	מחלת	מחלה	Fem	Sing	מַחֲלַת	מַחֲלָה	7
1	ווקס	וקס	Masc	Sing	וָוקְס	וְקַס	1
2	מניה	מניה	Fem	Sing	מָנֶיהָ	מָנֶיהָ	4
2	בורסה	בורסה	Fem	Sing	בּוּרְסָה	בּוּרְסָה	2
1	הלילה	הלילה	Masc	Sing	הַלַּיְלָה	הַלַּיְלָה	1
2	משקיעים	משקיע	Masc	Plur	מַשְׁקִיעִים	מַשְׁקִיעַ	2
1	חזירה	חזירה	Fem	Sing	חֲזִירָה	חֲזִירָה	1
1	קבלים	קבל	Masc	Plur	קַבָּלִים	קַבֵּל	2
1	לוג	לוג	Masc	Sing	לוֹג	לוֹג	1
1	סקוויטים	סקוויט	Masc	Plur	סֶּקְוִויטִים	סֶּקְוִויט	1
2	דמיי	דמיים	Masc	Sing	דָּמַיי	דָּמַיִים	2
1	חבילה	חבילה	Fem	Sing	חֲבִילָה	חֲבִילָה	1
1	אספרסו	אספרסו	Masc	Sing	אַסְפְרֵסוֹ	אַסְפְרֵסוֹ	1
2	מרבה	הרבה	Masc	Sing	מַרְבֶּה	הַרְבֵּה	2
1	הצער	הצער	Masc	Sing	הַצַּעַר	הַצַּעַר	1
1	מומים	מום	Masc	Plur	מוּמִים	מוּם	1
1	העיקר	העיקר	Masc	Sing	הָעִיקָּר	הָעִיקָּר	1
1	ארוכל	ארוכל	Masc	Sing	אֲרוּכָּל	אֲרוּכָּל	1
1	מלאי	מלאי	Masc	Sing	מְלַאי	מְלַאי	1
1	ארגזים	ארגז	Masc	Plur	אַרְגָּזִים	אַרְגָּז	1
3	פרשית	פרשי	Fem	Sing	פָּרָשִׁית	פָּרָשִׁי	3
1	כזבה	כזבה	Fem	Sing	כָּזְבָה	כָּזְבָה	1
1	עובדת	עובדה	Fem	Sing	עוֹבֶדֶת	עוּבְדָּה	30
7	כתב	כתב	Masc	Sing	כָּתַב	כָּתַב	10
1	הכתבה	הכתבה	Fem	Sing	הַכַּתָּבָה	הַכַּתָּבָה	1
2	עובדות	עובדה	Fem	Plur	עוּבְדּוֹת	עוּבְדָּה	30
4	מדע	מדע	Masc	Sing	מַדָּע	מַדָּע	4
2	החיים	החיים	Masc	Plur	הַחַיִים	הַחַיִים	2
1	תצפית	תצפית	Fem	Sing	תַּצְפִּית	תַּצְפִּית	1
1	גילוי	גילוי	Masc	Sing	גִּילּוּי	גִּילּוּי	1
1	עכברים	עכבר	Masc	Plur	עַכְבָּרִים	עַכְבָּר	1
2	כנפיים	כנפיים	Fem	Plur	כְּנָפַיִים	כְּנָפַיִים	2
1	מערות	מערה	Fem	Plur	מְעָרוֹת	מְעָרָה	1
5	נובל	נובל	Masc	Sing	נוֹבֶּל	נוֹבֶּל	5
1	מגזין	מגזין	Masc	Sing	מָגָזִין	מָגָזִין	1
3	מחקרים	מחקר	Masc	Plur	מֶחְקָרִים	מֶחְקָר	14
1	המצאות	המצאה	Fem	Plur	הַמְצָאוֹת	הַמְּצָאָה	3
1	דמיון	דמיון	Masc	Sing	דִּמְיוֹן	דִּמְיוֹן	1
2	איגנובל	איגנובל	Masc	Sing	אִיגְנוֹבֶל	אִיגְנוֹבֶל	2
2	פרסי	פרס	Masc	Plur	פַּרְסִי	פְּרָס	32
2	זוכים	זכה	Masc	Plur	זוֹכִים	זָּכָה	2
1	דפיסו	דפיסו	Masc		דָּפִיסוּ	דָּפִיסוּ	1
1	מזוודות	מזוודה	Masc	Plur	מִזְוָודוֹת	מִזְוָודָה	2
1	סימבוי	סימבוי	Masc	Sing	סִּימְבּוֹי	סִּימְבּוֹי	1
1	מזוודה	מזוודה	Fem	Sing	מִזְוָודָה	מִזְוָודָה	2
8	אינפלציה	אינפלציה	Fem	Sing	אִינְפְלַצְיָה	אִינְפְלַצְיָה	8
1	שטרות	שטר	Masc	Plur	שְׁטָרוֹת	שְׁטָר	2
1	שטר	שטר	Masc	Sing	שְׁטָר	שְׁטָר	2
1	מגווים	מגווה	Masc	Plur	מְגַוִּוים	מְגַוֶּוה	1
1	לכים	לך	Masc	Plur	לַכִּים	לְךָ	1
2	מגבונים	מגבון	Masc	Plur	מִגְּבוֹנִים	מִגָּבוֹן	2
1	כים	כים	Masc	Sing	כַּיָּם	כַּיָּם	1
1	בדיחות	בדיחות	Fem	Plur	בְּדִיחוֹת	בְּדִיחוֹת	1
1	מעבדה	מעבדה	Fem	Sing	מַעְבָּדָה	מַעְבָּדָה	3
1	מיקרוים	מיקרוי	Masc	Plur	מַיְקְרוֹיִם	מַיְקְרוֹי	1
1	סוכרים	סוכר	Masc	Plur	סוּכָּרִים	סוּכָּר	4
1	אתנול	אתנול	Masc	Sing	אֶתְנוֹל	אֶתְנוֹל	1
1	הפרי	הפר	Masc	Sing	הַפְּרִי	הֵפֵּר	1
2	מינים	מין	Masc	Plur	מִינִים	מִין	25
4	התלפי	התלף	Masc	Plur	הַתַּלְפִּי	הֶתְלֵף	4
1	שלים	של	Masc	Plur	שָׁלִים	שֶׁל	1
1	הקיבה	הקיבה	Fem	Sing	הַקֵּיְבָה	הַקֵּיְבָה	1
1	רדר	רדר	Masc	Sing	רָדֵר	רָדֵר	1
1	חשכה	חשכה	Fem	Sing	חֲשֵׁכָה	חֲשֵׁכָה	1
2	חוש	חוש	Masc	Sing	חוּשׁ	חוּשׁ	2
1	התמצאות	התמצאות	Fem	Sing	הִתְמַצְּאוּת	הִתְמַצְּאוּת	1
1	יכורים	יכור	Masc	Plur	יְכוֹרִים	יָכוֹר	1
1	גויבות	גויבה	Fem	Plur	גּוֹיְבוּת	גּוֹיְבָה	1
2	צחוקים	צחוק	Masc	Plur	צְּחוֹקִים	צְּחוֹק	16
1	עמדע	עמדע	Masc	Sing	עַמְדָּע	עַמְדָּע	1
1	קפרטיבה	קפרטיבה	Fem	Sing	קְפֶּרְטִיבָה	קְפֶּרְטִיבָה	1
1	קואפרטיבים	קואפרטיבי	Masc	Plur	קוֹאֲפֶרְטִיבִים	קוֹאֲפֶרְטִיבִי	1
1	פורסמות	פורסם	Fem	Plur	פּוּרְסְמוֹת	פּוּרְסַם	5
1	יפי	יף	Masc	Sing	יָפִי	יַף	1
2	צורת	צורה	Fem	Sing	צוּרַת	צוּרָה	96
1	אידאלים	אידאלי	Masc	Plur	אִידָאֵלִים	אִידָאֵלִי	1
2	חוד	חוד	Masc	Sing	חוּד	חוּד	2
3	תשתיות	תשתית	Fem	Plur	תַּשְׁתִּיּוֹת	תַּשְׁתִּית	3
1	מסילות	מסילות	Fem	Plur	מְסִילּוֹת	מְסִילּוֹת	1
1	ביוב	ביוב	Masc	Sing	בִּיוּב	בִּיוּב	1
2	ביצות	ביצה	Fem	Sing	בִּיצּוֹת	בֵּיְצָה	5
1	ביטושים	ביטוש	Masc	Plur	בִּיטּוּשִׁים	בִּיטּוּשׁ	1
4	תנאי	תנאי	Masc	Sing	תְּנַאי	תְּנַאי	21
1	התפרצויות	התפרצות	Fem	Plur	הִתְפָּרְצוּיוֹת	הִתְפָּרְצוּת	2
1	מלריה	מלריה	Fem	Sing	מָלֶרְיָה	מָלֶרְיָה	1
1	קדחת	קדחת	Fem	Sing	קַדַּחַת	קַדַּחַת	1
1	רופים	רופה	Masc	Plur	רוּפִים	רוּפָּה	2
2	תרופות	תרופה	Fem	Plur	תְּרוּפוֹת	תְּרוּפָה	4
1	תחילים	תחיל	Masc	Plur	תְּחִילִים	תָּחִיל	2
4	שוויון	שוויון	Masc	Sing	שִׁוְויוֹן	שִׁוְויוֹן	4
2	אדמות	אדמה	Fem	Plur	אֲדָמוֹת	אֲדָמָה	24
1	מעסיק	מעסיק	Masc	Sing	מַעֲסִיק	מַעֲסִיק	2
7	מחסור	מחסור	Masc	Sing	מַחְסוֹר	מַחְסוֹר	7
2	חלומות	חלום	Masc	Plur	חֲלוֹמוֹת	חֲלוֹם	17
1	פים	פים	Masc	Sing	פַּיִם	פַּיִם	1
2	דגניה	דגניה	Fem	Sing	דְּגָנֶיהָ	דְּגָנֶיהָ	2
3	מודל	מודל	Masc	Sing	מוֹדֵל	מוֹדֵל	6
1	שכפל	שכפל	Masc	Sing	שִׁכְפֵּל	שִׁכְפֵּל	1
1	פליקate	פליקate	Masc	Sing	פֵּלִיקְate	פֵּלִיקְate	1
1	קיבוצניקים	קיבוצניק	Masc	Plur	קִיבּוּצְנִיקִים	קִיבּוּצֵנִיק	1
1	ספריות	ספריות	Fem	Plur	סִפְרִיּוֹת	סִפְרִיּוֹת	1
2	מרפעות	מרפע	Fem	Plur	מַרְפְעוֹת	מַרְפֵּעַ	2
2	דשאים	דשא	Masc	Plur	דְּשָׁאִים	דֶּשֶׁא	5
1	פריבילגיות	פריבילגיות	Fem	Plur	פְּרִיבִילְגְּיוֹת	פְּרִיבִילְגְּיוֹת	1
1	ליכוד	ליכוד	Masc	Sing	לִיכּוֹד	לִיכּוֹד	1
6	בנקים	בנק	Masc	Plur	בַּנְקִים	בַּנְק	11
3	לוואות	לוואה	Fem	Plur	לְוָואוֹת	לְוָואָה	3
1	שקרת	שקרה	Fem	Sing	שִׁקַרְתָּ	שֶׁקָּרָה	1
1	תפקד	תפקד	Masc	Sing	תִּפְקֵד	תִּפְקֵד	1
3	חובות	חוב	Masc	Plur	חוֹבוֹת	חוֹב	3
1	מחיקת	מחיקה	Fem	Sing	מְחִיקַת	מְחִיקָה	1
1	השקאות	השקאה	Fem	Plur	הַשְׁקָאוֹת	הַשְׁקָאָה	1
1	מקינטה	מקינטה	Fem	Sing	מִקִּינְּטָה	מִקִּינְּטָה	1
1	קפאין	קפאין	Masc	Sing	קַפָּאִין	קַפָּאִין	1
1	קפסולות	קפסולה	Fem	Plur	קַפְסוּלוֹת	קַפְסוּלָה	1
2	עוצמה	עוצמה	Fem	Sing	עוֹצְמָה	עוֹצְמָה	4
1	תערבות	תערבות	Fem	Sing	תַּעֲרָבוּת	תַּעֲרָבוּת	1
2	מכונות	מכונה	Fem	Plur	מְכוֹנוֹת	מְכוּנֶּה	22
1	שיתופי	שיתוף	Masc	Plur	שִׁיתּוּפִי	שִׁיתּוּף	6
2	דורות	דור	Masc	Plur	דּוֹרוֹת	דָּוֹר	8
1	חיתולים	חיתול	Masc	Plur	חִיתּוּלִים	חִיתּוּל	1
1	כיווץ	כיווץ	Masc	Sing	כִּיוּוּץ	כִּיוּוּץ	1
1	תחילות	תחילות	Fem	Plur	תְּחִילּוֹת	תְּחִילּוֹת	1
2	פנסיה	פנסיה	Fem	Sing	פֶּנְסִיָּה	פֶּנְסִיָּה	2
1	חתוך	חתוך	Masc	Sing	חָתוּךְ	חָתוּךְ	1
1	עולמ	עולם	Masc	Sing	עוֹלָמ	עוֹלָם	206
1	ירוש	ירוש	Masc	Sing	יָרוּשׁ	יָרוּשׁ	1
1	רנסנס	רנסנס	Masc	Sing	רֵנְסַנְס	רֵנְסַנְס	1
2	אזורי	אזור	Masc	Plur	אֲזוֹרִי	אֵזוֹר	80
1	אינדיבידואליזם	אינדיבידואליזם	Masc	Sing	אִינְדִּיבִידוּאָלִיזְם	אִינְדִּיבִידוּאָלִיזְם	1
1	אלטרנטיבה	אלטרנטיבה	Fem	Sing	אַלְטֶרְנָטִיבָה	אַלְטֶרְנָטִיבָה	1
2	הבדלי	הבדל	Masc	Plur	הֶבְדֵּלִי	הֶבְדֵּל	35
1	אורחת	אורח	Fem	Sing	אוֹרַחַת	אוֹרַח	15
1	זיקה	זיקה	Fem	Sing	זִּיקָה	זִּיקָה	1
1	ליבי	ליבי	Masc	Sing	לִיבִּי	לִיבִּי	1
1	בדלי	בדל	Masc	Plur	בַּדְלִי	בְּדַל	3
4	התנהלות	התנהלות	Fem	Sing	הִתְנַהֲלוּת	הִתְנַהֲלוּת	4
1	מישור	מישור	Masc	Sing	מִישׁוֹר	מִישׁוֹר	1
2	היום	היום	Masc	Sing	הַיּוֹם	הַיּוֹם	2
2	קופ	קוף	Masc	Sing	קוֹפּ	קוֹף	32
5	קופאית	קופאית	Fem	Sing	קוּפָּאִית	קוּפָּאִית	5
12	קופה	קופה	Fem	Sing	קוּפָּה	קוּפָּה	16
2	קופאי	קופא	Masc	Sing	קוּפַּאי	קוֹפֵּא	2
1	ברכת	ברכה	Fem	Sing	בִּרְכַת	בְּרָכָה	6
1	תפוקה	תפוקה	Fem	Sing	תְּפוּקָה	תְּפוּקָה	1
1	הספק	הספק	Masc	Sing	הַסָּפֵק	הַסָּפֵק	1
2	הערכה	הערכה	Fem	Sing	הַעֲרָכָה	הַעֲרָכָה	4
1	הון	הון	Masc	Sing	הוֹן	הוֹן	1
2	ראיה	ראיה	Fem	Sing	רְאָיָה	רְאָיָה	11
2	הוכחה	הוכחה	Fem	Sing	הוֹכָחָה	הוֹכָחָה	2
1	גדירה	גדירה	Fem	Sing	גְּדִירָה	גְּדִירָה	1
3	קבלה	קבלה	Fem	Sing	קַבָּלָה	קַבָּלָה	8
1	חזר	חזר	Masc	Sing	חָזַר	חָזַר	1
2	תעודות	תעודה	Fem	Plur	תְּעוּדוֹת	תְּעוּדָה	4
1	מושד	מושד	Masc	Sing	מוֹשָׁד	מוֹשָׁד	1
2	קבלות	קבלה	Fem	Plur	קַבָּלוֹת	קַבָּלָה	8
2	פתקים	פתק	Masc	Plur	פְּתָקִים	פֶּתֶק	2
2	קלסר	קלסר	Masc	Sing	קְלָסֶר	קְלָסֶר	2
4	עומר	עומר	Masc	Sing	עוֹמֶר	עוֹמֶר	4
5	נעל	נעל	Fem	Sing	נַעַל	נַעַל	12
1	תהודות	תהודה	Fem	Sing	תְּהוּדוֹת	תְּהוּדָה	1
1	ניילונים	ניילון	Masc	Plur	נַיְילוֹנִים	נַיְילוֹן	1
1	נושעים	נושע	Masc	Plur	נוֹשְׁעִים	נוֹשָׁע	1
6	ביטוחים	ביטוח	Masc	Plur	בִּיטּוּחִים	בִּיטּוּחַ	36
1	שמט	שמט	Masc	Sing	שֶׁמֶט	שֶׁמֶט	1
1	פשטפis	פשטפis	Masc	Sing	פַּשְׁטֵפis	פַּשְׁטֵפis	1
1	עידוים	עידוי	Masc	Plur	עִידּוּיָם	עִידּוּי	13
1	פרמיה	פרמיה	Fem	Sing	פֶּרְמִיָּה	פֶּרְמִיָּה	1
1	הראי	הראי	Masc	Sing	הָרְאִי	הָרְאִי	1
1	בכור	בכור	Masc	Sing	בְּכוֹר	בְּכוֹר	1
1	פשרה	פשרה	Fem	Sing	פָּשְׁרָה	פָּשְׁרָה	1
2	הורה	הורה	Masc	Sing	הוֹרָה	הוֹרָה	79
1	ברטינה	ברטינה	Masc	Sing	בַּרְטִינָה	בַּרְטִינָה	1
1	רמקול	רמקול	Masc	Sing	רַמְקוֹל	רַמְקוֹל	2
1	קרונות	קרון	Masc	Plur	קְרוֹנוֹת	קָרוֹן	1
1	אחנה	אחנה	Fem	Sing	אַחְנָה	אַחְנָה	1
1	פדיכות	פדיכות	Fem	Plur	פְּדִיכוּת	פְּדִיכוּת	1
4	גורם	גורם	Masc	Sing	גּוֹרֵם	גּוֹרֵם	6
1	מעדניה	מעדניה	Fem	Sing	מַעֲדַנְיָה	מַעֲדַנְיָה	1
2	חשבונות	חשבון	Masc	Plur	חֶשְׁבּוֹנוֹת	חֶשְׁבּוֹן	28
1	רפלקשן	רפלקשן	Masc	Sing	רֶפְּלֶקְשֶׁן	רֶפְּלֶקְשֶׁן	1
1	תוכנו	תוכנו	Masc	Sing	תּוֹכֵנוּ	תּוֹכֵנוּ	1
1	פרשנות	פרשנות	Fem	Sing	פַּרְשָׁנוּת	פַּרְשָׁנוּת	1
2	נטייה	נטייה	Fem	Sing	נְטִיָּיה	נְטִיָּיה	2
1	פרפקציוניסטים	פרפקציוניסטי	Masc	Plur	פְּרֶפֶּקְצִיּוֹנִיסְטִים	פְּרֶפֶּקְצְיוֹנִיסְטִי	1
4	פרפקט	פרפקט	Masc	Sing	פְּרָפֶקְט	פְּרָפֶקְט	4
1	מבסוטים	מבסוט	Masc	Plur	מִבְּסוֹטִים	מִבְּסוֹט	1
1	מתחים	מתח	Masc	Plur	מְתָחִים	מֶתַח	9
1	גבה	גבה	Masc	Sing	גַּבָּה	גַּבָּה	1
1	אוך	אוך	Masc	Sing	אוֹךְ	אוֹךְ	1
1	ספרדיות	ספרדיות	Fem	Plur	סְפָרַדִיּוֹת	סְפָרַדִיּוֹת	1
1	שיעורי	שיעור	Masc	Plur	שִׁיעוּרִי	שִׁיעוּר	74
1	קישורים	קישורין	Masc	Plur	קִישּׁוּרִים	קִישּׁוּרִין	1
4	תענוג	תענוג	Masc	Sing	תַּעֲנוּג	תַּעֲנוּג	4
1	עונג	עונג	Masc	Sing	עוֹנֶג	עוֹנֶג	1
3	אחראית	אחראי	Fem	Sing	אַחְרָאִית	אַחְרַאי	3
7	שיווק	שיווק	Masc	Sing	שִׁיוּוּק	שִׁיוּוּק	7
3	אדונ	אדון	Masc	Sing	אָדוֹנ	אָדוֹן	3
3	מזקקת	מזקקת	Fem	Sing	מְזַקֶּקֶת	מְזַקֶּקֶת	3
4	אקלים	אקלים	Masc	Sing	אַקְלִים	אַקְלִים	4
4	יוזמה	יוזמה	Fem	Sing	יוֹזְמָה	יוֹזְמָה	4
2	לומדי	למד	Masc	Plur	לוֹמְדֵי	לָמַד	4
1	ארו	ארו			אָרוּ	אָרוּ	1
1	הבת	הבת	Fem	Sing	הַבַּת	הַבַּת	1
2	לילות	לילה	Masc	Plur	לֵילוֹת	לַיְלָה	40
3	מזקת	מזקה	Fem	Sing	מַזֶּקֶת	מַזְקֶה	5
1	מילק	מילק	Masc	Sing	מַּיְלְק	מַּיְלְק	1
1	סיור	סיור	Masc	Sing	סִּיוּר	סִּיוּר	1
1	פירים	פיר	Masc	Plur	פִּירִים	פִּיר	4
19	מזקקה	מזקקה	Fem	Sing	מִזְקָקָה	מִזְקָקָה	19
1	שון	שון	Masc	Sing	שׁוֹן	שׁוֹן	1
3	לשון	לשון	Fem	Sing	לָשׁוֹן	לָשׁוֹן	3
2	מזכקת	מזכקת	Fem	Sing	מַזְכֶּקֶת	מַזְכֶּקֶת	2
2	זבת	זבה	Fem	Sing	זָּבַת	זָּבָה	2
1	תשוקה	תשוקה	Fem	Sing	תְּשׁוּקָה	תְּשׁוּקָה	1
1	רח	רח			רַח	רַח	1
2	משקאות	משקה	Masc	Plur	מַשְׁקָאוֹת	מַשְׁקֶה	3
1	יינות	יינות	Masc	Plur	יֵינוֹת	יֵינוֹת	1
1	דרכי	דרך	Fem	Plur	דַּרְכִּי	דֶּרֶךְ	215
1	מבשלת	מבשלה	Fem	Sing	מְבַשֶּׁלֶת	מְבַשְּׁלָה	1
1	שיווקי	שיווקי	Masc	Sing	שִׁיוּוּקִי	שִׁיוּוּקִי	1
1	משקה	משקה	Masc	Sing	מַשְׁקֶה	מַשְׁקֶה	3
2	חובבים	חובב	Masc	Plur	חוֹבְבִים	חוֹבֵב	12
1	מסקקה	מסקקה	Fem	Sing	מַסְקְקָה	מַסְקְקָה	1
2	סדנאות	סדנה	Fem	Plur	סַדְנָאוֹת	סַדְנָה	2
1	סטארטאפים	סטארטאפ	Masc	Plur	סְטַארְטָאפִים	סְטַארְטַאפּ	2
1	סטארטאפ	סטארטאפ	Masc	Sing	סְטַארְטַאפּ	סְטַארְטַאפּ	2
3	סימני	סימן	Masc	Plur	סִימָנִי	סִּימָן	14
1	מסטרדסטילר	מסטרדסטילר	Masc	Sing	מַסְטֶרְדֶּסְטִילֵר	מַסְטֶרְדֶּסְטִילֵר	1
1	מזקק	מזקק	Masc	Sing	מְזַקֵּק	מְזַקֵּק	1
1	ייעוץ	ייעוץ	Masc	Sing	יִיעוּץ	יִיעוּץ	1
2	מותגים	מותג	Masc	Plur	מוּתָּגִים	מוּתָּג	12
4	קבלן	קבלן	Masc	Sing	קַבְּלָן	קַבְּלָן	7
1	עיון	עיון	Masc	Sing	עִיּוּן	עִיּוּן	1
17	חביות	חביה	Fem	Plur	חָבִיּוֹת	חָבֶיהָ	17
1	חלקן	חלקן	Fem	Plur	חֶלְקָן	חֶלְקָן	1
9	קווים	קווה	Masc	Plur	קַוִּוים	קַוּוֹה	9
7	הויסקי	הויסק	Masc	Sing	הַוִּיסְקִי	הַוְּיְסְק	7
1	האמת	האמה	Fem	Sing	הָאֱמֶת	הָאַמָּה	1
5	שעורה	שעורה	Fem	Sing	שְׂעוֹרָהּ	שְׂעוֹרָהּ	5
2	עורה	עורה	Fem	Sing	עוֹרָהּ	עוֹרָהּ	2
12	נוזל	נוזל	Masc	Sing	נוֹזֵל	נוֹזֵל	12
1	גרעיני	גרעיני	Masc	Plur	גַּרְעִינִי	גַּרְעִינִי	1
1	שיכר	שיכר	Masc	Sing	שִׁיכָּר	שִׁיכָּר	1
2	דודי	דוד	Masc	Plur	דָּוִדִי	דָּוִד	13
1	זיקוק	זיקוק	Masc	Sing	זִיקּוּק	זִיקּוּק	5
2	ספיריט	ספיריט	Masc	Sing	סְפִּירִיט	סְפִּירִיט	2
1	אישון	אישון	Masc	Sing	אִישׁוֹן	אִישׁוֹן	1
1	אביות	אב	Fem	Sing	אָבִיּוֹת	אָב	12
1	קיבוצי	קיבוצי	Masc	Plur	קִיבּוּצִי	קִיבּוּצִי	1
1	התחזקות	התחזקות	Fem	Sing	הִתְחַזְּקוּת	הִתְחַזְּקוּת	1
1	תקומה	תקומה	Fem	Sing	תְּקוּמָה	תְּקוּמָה	1
2	סינגל	סינגל	Masc	Sing	סִּינְגֶּל	סִּינְגֶּל	2
2	מזקה	מזקה	Fem	Sing	מַזְקֶה	מַזְקֶה	5
2	רגולציה	רגולציה	Fem	Sing	רֵגוּלַצְיָה	רֵגוּלַצְיָה	2
1	קרירה	קריר	Fem	Sing	קְרִירָה	קָרִיר	1
1	יבישה	יבישה	Fem	Sing	יְבִישָׁה	יְבִישָׁה	1
1	אכלים	אכל	Masc	Plur	אֲכָלִים	אָכַל	2
2	התרחבות	התרחבות	Fem	Sing	הִתְרַחֲבוּת	הִתְרַחֲבוּת	2
2	התכווצות	התכווץ	Fem	Sing	הִתְכַּוְּוצוּת	הִתְכַוֵּוץ	2
1	דליפה	דליפה	Fem	Sing	דְּלִיפָה	דְּלִיפָה	1
1	מלאכים	מלאך	Masc	Plur	מַלְאָכִים	מַלְאָךְ	1
1	עמי	עם	Masc	Plur	עַמִי	עִם	33
1	ייחודיות	ייחודי	Fem	Sing	יִיחוּדִיּוּת	יִיחוּדִי	1
1	רודות	רוד	Fem	Plur	רוּדּוֹת	רוֹד	1
1	טאימות	טאימה	Fem	Plur	טָאִימוֹת	טָאִימָה	1
1	עברות	עברות	Fem	Plur	עֲבָרוֹת	עֲבָרוֹת	1
1	מדבקה	מדבקה	Fem	Sing	מַדְבֵּקָה	מַדְבֵּקָה	2
1	הצרת	הצרה	Fem	Sing	הַצָּרַת	הַצָּרָה	2
1	הסדרת	הסדרה	Fem	Sing	הַסְּדָרַת	הַסִּדְרָה	2
2	ליבה	ליבה	Fem	Sing	לִיבָּה	לִיבָּה	3
1	ששנים	ששן	Fem	Plur	שִׁשָׁנִים	שֶׁשֶׁן	1
1	מעצמת	מעצמה	Fem	Sing	מַעֲצֶמֶת	מֵעַצְמָהּ	1
1	כרה	כרה	Fem	Sing	כָּרָה	כָּרָה	1
1	ויסקים	ויסק	Masc	Plur	וִיסְקִים	וַיְסְק	82
1	חמה	חם	Fem	Sing	חַמָּה	חַם	2
1	סבבים	סבב	Masc	Plur	סַבָּבִים	סַבָּב	3
1	עיורת	עיורה	Fem	Sing	עֲיוּרַת	עֲיוֹרָה	1
1	מדרגים	מדרג	Masc	Plur	מַדְרֵגִים	מַדְרֵג	1
1	פידבקים	פדבק	Masc	Plur	פִּידְבֵּקִים	פֶּדְבֶּק	1
6	הכרה	הכרה	Fem	Sing	הַכָּרָה	הַכָּרָה	8
2	וויסקים	ויסק	Masc	Plur	וִויסְקִים	וַיְסְק	82
1	בסטסינגל	בסטסינגל	Masc	Sing	בִּסְטָסִינְגֶּל	בִּסְטָסִינְגֶּל	1
2	מלט	מלט	Masc	Sing	מֶלֶט	מֶלֶט	2
1	אוסקר	אוסקר	Masc	Sing	אוֹסְקָר	אוֹסְקָר	1
5	אלמנט	אלמנט	Masc	Sing	אֵלֵמֶנְט	אֵלֵמֶנְט	6
1	מסדרת	מסדר	Fem	Sing	מְסַדֶּרֶת	מְסֻדָּר	1
1	שרי	שר	Masc	Plur	שָׁרִי	שַּׂר	26
1	בest	בest	Masc	Sing	בְּשֵt	בְּשֵt	1
1	הצוות	הצווה			הַצֶּוֶות	הַצֶּוָוה	1
5	מחרת	מחרת	Fem	Sing	מָחֳרָת	מָחֳרָת	5
1	פישרים	פישר	Masc	Plur	פִּישְּׁרִים	פִּישֵּׁר	1
1	זחייה	זחייה	Fem	Sing	זְחִיָּיה	זְחִיָּיה	1
1	מפיצים	הפיץ	Masc	Plur	מְפִיצִים	הֵפִיץ	1
3	מדליות	מדלית	Fem	Plur	מֵדַלְיוֹת	מֵדַלְיַת	4
1	מוערבות	מוערבות	Fem	Sing	מוּעֲרָבוּת	מוּעֲרָבוּת	1
1	חותמת	חותמת	Fem	Sing	חוֹתֶמֶת	חוֹתֶמֶת	1
1	הקהל	הקהל	Masc	Sing	הַקָּהָל	הַקָּהָל	1
2	פקפק	פקפק	Masc	Sing	פִּקְפֵּק	פִּקְפֵּק	2
1	מדליה	מדליה	Fem	Sing	מֵדַלְיָה	מֵדַלְיָה	1
1	העדה	העדה	Fem	Sing	הָעֵדָה	הָעֵדָה	1
1	שיפט	שיפט	Masc	Sing	שִׁיפְט	שִׁיפְט	1
1	צור	צור	Masc	Sing	צוּר	צוּר	1
1	חובבת	חובבה	Fem	Sing	חוֹבֶבֶת	חוֹבְבָה	1
1	סתכלה	סתכלה	Fem	Sing	סִּתְכְּלָה	סִּתְכְּלָה	1
1	תערוכות	תערוכה	Fem	Plur	תַּעֲרוּכוֹת	תַּעֲרוּכָה	1
1	נעיביות	נעיביות	Fem	Sing	נְעִיבִיּוֹת	נְעִיבִיּוֹת	1
1	אבולוציה	אבולוציה	Fem	Sing	אֵבוֹלוּצְיָה	אֵבוֹלוּצְיָה	1
1	צמח	צמח	Masc	Sing	צֶּמַח	צֶּמַח	2
1	מדבקות	מדבקה	Fem	Plur	מַדְבֵּקוֹת	מַדְבֵּקָה	2
1	קבוקי	קבוק	Fem	Plur	קַבּוּקִי	קַבּוּק	4
6	חווה	חווה	Fem	Sing	חַוָּוָה	חַוָּוָה	8
3	אגמים	אגם	Masc	Plur	אֲגַמִים	אֲגַם	9
1	ערפל	ערפל	Masc	Sing	עֲרָפֶל	עֲרָפֶל	1
2	צפירות	צפירה	Fem	Plur	צְּפִירוֹת	צְּפִירָה	5
1	אצטדיון	אצטדיון	Masc	Sing	אִצְטַדְיוֹן	אִצְטַדְיוֹן	1
1	אביבים	אביב	Masc	Plur	אֲבִיבִים	אָבִיב	3
1	מנזקה	מנזקה	Masc	Sing	מִנְּזָקָה	מִנְּזָקָה	1
1	תכסון	תכסון	Masc	Sing	תִּכְסוּן	תִּכְסוּן	1
1	מחסן	מחסן	Masc	Sing	מַחְסָן	מַחְסָן	5
1	הריים	הריים	Masc	Plur	הָרַיִים	הָרַיִים	1
3	דורה	דורה	Fem	Sing	דָּוֹרָה	דָּוֹרָה	3
1	החבית	החבית	Fem	Sing	הֶחָבִית	הֶחָבִית	1
1	טופוגרפיה	טופוגרפיה	Fem	Sing	טוֹפּוֹגְרַפְיָה	טוֹפּוֹגְרַפְיָה	1
1	אייחוד	אייחוד	Masc	Sing	אִייְחוּד	אִייְחוּד	1
1	מחביות	מחביה	Fem	Plur	מַחֲבִיּוֹת	מָחָבֶיהָ	1
1	ליין	ליין	Masc	Sing	לַיְּיְן	לַיְּיְן	1
1	רימונים	רימון	Masc	Plur	רִימוֹנִים	רִימוֹן	1
1	רב	רב	Masc	Sing	רַב	רַב	5
1	בקבוק	בקבוק	Masc	Sing	בַּקְבּוּק	בַּקְבּוּק	4
1	סעורה	סעורה	Fem	Sing	סְעוּרָה	סְעוּרָה	1
1	סעור	סעור	Masc	Sing	סָּעוּר	סָּעוּר	1
1	מוויסקי	מוויסק	Masc	Sing	מִוִּוִיסְקִי	מֵוִויסְק	1
5	אמן	אמן	Masc	Sing	אָמָּן	אָמָּן	5
3	התראות	התראות	Fem	Plur	הִתְרָאוּת	הִתְרָאוּת	3
1	מרתק	מרתק	Masc	Sing	מְרַתֵּק	מְרַתֵּק	1
1	לפרק	לפרק	Masc	Sing	לְפֶּרֶק	לְפֶּרֶק	1
3	עיפרון	עיפרון	Masc	Sing	עִיפָּרוֹן	עִיפָּרוֹן	3
2	כללמר	כללמר	Masc	Sing	כְּלָלְמַר	כְּלָלְמַר	2
1	אנלוגיה	אנלוגיה	Fem	Sing	אָנָלוֹגְיָה	אָנָלוֹגְיָה	1
2	אפרונות	אפרון	Masc	Plur	אֶפְרוֹנוֹת	אֶפְרוֹן	2
1	טבון	טבון	Masc	Sing	טַבּוֹן	טַבּוֹן	1
1	דאגה	דאגה	Fem	Sing	דְּאָגָה	דְּאָגָה	5
1	משתלה	משתלה	Fem	Sing	מִשְׁתָּלָה	מִשְׁתָּלָה	1
1	שטילים	שטיל	Masc	Plur	שְׁטִילִים	שָׁטִיל	1
1	עציץ	עציץ	Masc	Sing	עָצִיץ	עָצִיץ	1
27	סופגניות	סופגן	Fem	Plur	סוּפְגָּנִיּוֹת	סוֹפְגָּן	27
1	ארגן	ארגן	Masc	Sing	אִרְגֵּן	אִרְגֵּן	2
1	מוטיבצי	מוטיבצי	Masc	Plur	מוֹטִיבְצִי	מוֹטִיבְצִי	1
1	ידם	ידם	Fem	Sing	יָדָם	יָדָם	1
1	לילד	לילד	Masc	Sing	לַיֶּלֶד	לַיֶּלֶד	1
1	צלייק	צלייק	Masc	Sing	צְּלַיְיק	צְּלַיְיק	1
1	כבינה	כבינה	Fem	Sing	כָּבִינָה	כָּבִינָה	1
2	מלוך	מלוך	Masc	Sing	מָלוֹךְ	מָלוֹךְ	3
2	עבד	עבד	Masc	Sing	עָבַד	עָבַד	4
2	כימלוך	כימלוך	Masc	Sing	כִּימָלוּךְ	כִּימָלוּךְ	2
2	מרפעה	מרפעה	Fem	Sing	מַרְפְעָה	מַרְפְעָה	2
1	תיקה	תיקה	Fem	Sing	תִּיקָה	תִּיקָה	1
1	מתושבי	מתושב	Masc	Plur	מִתּוֹשָׁבִי	מִתּוֹשָׁב	1
1	מרפעת	מרפעת	Fem	Sing	מַרְפַּעַת	מַרְפַּעַת	1
4	מטופלים	מטופל	Masc	Plur	מְטוּפָּלִים	מְטוּפָּל	5
1	גמלאות	גמלה	Fem	Plur	גִּמְלָאוֹת	גָּמְלָה	1
9	מרפאה	מרפאה	Fem	Sing	מִרְפָּאָה	מִרְפָּאָה	9
2	דגימות	דגימה	Fem	Plur	דְּגִימוֹת	דְּגִימָה	3
1	חפיסה	חפיסה	Fem	Sing	חֲפִיסָה	חֲפִיסָה	1
2	כאבים	כאב	Masc	Plur	כְּאֵבִים	כְּאֵב	11
1	מטופל	מטופל	Masc	Sing	מְטוּפָּל	מְטוּפָּל	5
3	תלונות	תלונה	Fem	Plur	תְּלוּנוֹת	תְּלוּנָה	7
1	מרפ	מרך	Masc	Sing	מַרְפּ	מֶרֶךְ	1
1	דוקטור	דוקטור	Masc	Sing	דּוֹקְטוֹר	דּוֹקְטוֹר	1
1	מלכות	מלכות	Fem	Sing	מַלְכוּת	מַלְכוּת	1
1	פרוטקציות	פרוטקציה	Fem	Plur	פְּרוֹטֶקְצִיּוֹת	פְּרוֹטֶקְצִיָּה	1
6	בנייה	בנייה	Fem	Sing	בְּנִיָּיה	בְּנִיָּיה	9
1	בניה	בנייה	Fem	Sing	בָּנֶיהָ	בְּנִיָּיה	9
1	דיר	דיר	Masc	Sing	דִּיר	דִּיר	1
3	קבלנים	קבלן	Masc	Plur	קַבְּלָנִים	קַבְּלָן	7
2	גורמים	גורם	Masc	Plur	גּוֹרְמִים	גּוֹרֵם	6
1	מפרויקט	מפרויקט	Masc	Sing	מִפְּרוֹיֶקְט	מִפְּרוֹיֶקְט	1
2	בינוי	בינוי	Masc	Sing	בִּינּוּי	בִּינּוּי	2
2	שיכון	שיכון	Masc	Sing	שִׁיכּוּן	שִׁיכּוּן	2
2	מכרזים	מכרז	Masc	Plur	מִכְרָזִים	מִכְרָז	2
1	השלמת	השלמה	Fem	Sing	הַשְׁלָמַת	הַשְּׁלֹמֹה	2
1	וואי	וואי	Masc	Sing	וַואי	וַואי	1
1	גבודות	גבוד	Fem	Plur	גְּבוֹדוֹת	גָּבוּד	1
1	בנייני	בניין	Masc	Plur	בִּנְיָינִי	בִּנְיָין	23
2	מגורים	מגורים	Masc	Plur	מְגוּרִים	מְגוּרִים	4
1	צמודי	צמוד	Masc	Plur	צְּמוּדִי	צָּמוּד	1
1	קשיב	קשיב	Masc	Sing	קָשִׁיב	קָשִׁיב	1
1	סגן	סגן	Masc	Sing	סְגַּן	סְגַּן	1
1	מצח	מצח	Masc	Sing	מֵצַח	מֵצַח	1
1	תוכו	תוכו	Masc	Sing	תּוֹכוֹ	תּוֹכוֹ	1
1	קומבינות	קומבינות	Fem	Plur	קוֹמְבִּינוֹת	קוֹמְבִּינוֹת	1
3	טיפה	טיפה	Fem	Sing	טִיפָה	טִיפָה	3
3	דבשת	דבשה	Fem	Sing	דַּבֶּשֶׁת	דִּבְשָׁה	3
1	גמלים	גמל	Masc	Plur	גְּמַלִים	גָּמָל	6
1	מכללת	מכללה	Fem	Sing	מִכְלֶלֶת	מִכְלָלָה	4
1	נדסה	נדסה	Fem	Sing	נְדָּסָה	נְדָּסָה	1
2	מכללה	מכללה	Fem	Sing	מִכְלָלָה	מִכְלָלָה	4
1	סימסטר	סימסטר	Masc	Sing	סִּימֶסְטֵר	סִּימֶסְטֵר	1
1	לקטע	לקטע	Masc	Sing	לְקֶטַע	לְקֶטַע	1
1	כיור	כיור	Masc	Sing	כִּיוֹר	כִּיוֹר	1
1	צלחות	צלחת	Fem	Plur	צַּלָּחוֹת	צַּלַחַת	13
1	דמעות	דמעה	Fem	Plur	דְּמָעוֹת	דִּמְעָה	1
2	שבור	שבור	Masc	Sing	שָׁבוּר	שָׁבוּר	2
1	מיזות	מיזה	Fem	Plur	מִיזּוֹת	מִיזָה	1
1	עובש	עובש	Masc	Sing	עוֹבֶשׁ	עוֹבֶשׁ	1
1	מגילים	מגיל	Masc	Plur	מִגִּילִים	מִגִּיל	8
1	כנרת	כנרת	Fem	Sing	כִּנֶּרֶת	כִּנֶּרֶת	1
3	צריף	צריף	Masc	Sing	צְּרִיף	צְּרִיף	3
1	קופת	קופה	Fem	Sing	קוּפַּת	קוּפָּה	16
2	ישיבות	ישיבה	Fem	Plur	יְשִׁיבוֹת	יְשִׁיבָה	7
1	הצריף	הצריף	Masc	Sing	הַצְּרִיף	הַצְּרִיף	1
1	עורכי	עורך	Masc	Plur	עוֹרְכֵי	עוֹרֵךְ	4
1	מיליונר	מיליונר	Masc	Sing	מִילְיוֹנֶר	מִילְיוֹנֶר	2
1	צריב	צריב	Masc	Sing	צָּרִיב	צָּרִיב	1
6	פרגון	פרגון	Masc	Sing	פָּרָגוֹן	פָּרָגוֹן	6
20	חנוכה	חנוכה	Fem	Sing	חִנּוּכָה	חִנּוּכָה	20
3	ציפייה	ציפייה	Fem	Sing	צִּיפִיָּיה	צִּיפִיָּיה	8
1	קיבוץניקים	קיבוץניק	Masc	Plur	קִיבּוּץְנִיקִים	קִיבּוּץְנִיק	1
1	שחג	שחג	Masc	Sing	שְַׁחָג	שְַׁחָג	2
1	רטיסי	רטיס	Masc	Plur	רְטִיסִי	רָטִיס	1
1	ריקישן	ריקישן	Masc	Sing	רִיקִישָׁן	רִיקִישָׁן	1
1	פלסה	פלסה	Fem	Sing	פַּלְסָה	פַּלְסָה	1
1	שוני	שוני	Masc	Sing	שׁוֹנִי	שׁוֹנִי	1
1	תחושות	תחושה	Fem	Plur	תְּחוּשׁוֹת	תְּחוּשָׁה	43
2	קישוטים	קישוט	Masc	Plur	קִישּׁוּטִים	קִישּׁוּט	2
1	תפאורה	תפאורה	Fem	Sing	תַּפְאוּרָה	תַּפְאוּרָה	1
1	חנוקיה	חנוקיה	Fem	Sing	חִנּוּקֶיהָ	חִנּוּקֶיהָ	1
2	מגרש	מגרש	Masc	Sing	מִגְרָשׁ	מִגְרָשׁ	2
1	הפרדה	הפרדה	Fem	Sing	הַפְּרָדָה	הַפְּרָדָה	1
2	מגבלות	מגבלה	Fem	Plur	מִגְּבָלוֹת	מִגְּבָלָה	2
1	קנסות	קנס	Masc	Plur	קְנָסוֹת	קְנָס	3
1	אוירת	אויר	Fem	Sing	אֲוִירַת	אֲוִיר	1
2	תאורה	תאורה	Fem	Sing	תְּאוּרָה	תְּאוּרָה	2
5	ממתקים	ממתק	Masc	Plur	מַמְתַקִּים	מַמְתָּק	6
1	דיבורים	דיבור	Masc	Plur	דִּיבּוּרִים	דִּיבּוּר	19
2	שלטים	שלט	Masc	Plur	שְׁלָטִים	שֶׁלֶט	6
3	חנוכ	חנוך	Masc	Sing	חִנּוּכ	חִנּוּךְ	3
1	חנוקיות	חנוקיות	Fem	Plur	חִנּוּקִיּוֹת	חִנּוּקִיּוֹת	1
4	אורות	אור	Masc	Plur	אוֹרוֹת	אוֹר	18
1	שלטי	שלט	Masc	Plur	שִׁלְטִי	שֶׁלֶט	6
3	פסטיבלים	פסטיבל	Masc	Plur	פֶּסְטִיבָלִים	פֶּסְטִיבָל	4
1	פסטיגלים	פסטיגל	Masc	Plur	פֶּסְטִיגָלִים	פֶּסְטִיגָל	5
1	קולגות	קולגה	Masc	Plur	קוֹלֵגוֹת	קוֹלְגָּה	1
1	חגי	חג	Masc	Plur	חַגִּי	חַג	83
1	ממשהו	ממשהו	Masc	Sing	מִמַּשֶּׁהוּ	מִמַּשֶּׁהוּ	1
2	עצירה	עצירה	Fem	Sing	עֲצִירָה	עֲצִירָה	3
2	כריסטמס	כריסטמס	Masc	Sing	כְּרִיסְטֵמְס	כְּרִיסְטֵמְס	2
1	דים	דים	Masc	Plur	דַּיָּם	דַּיָּם	1
1	מצוות	מצוות	Fem	Plur	מִצְוָות	מִצְוָות	1
1	סוכות	סוכות	Fem	Plur	סוּכוֹת	סוּכוֹת	1
1	סוכה	סוכה	Fem	Sing	סוּכָּה	סוּכָּה	1
1	משפיזים	משפיז	Masc	Plur	מַשְׁפִּיזִים	מַשְׁפִּיז	1
2	הנרות	הנרה	Fem	Plur	הַנֵּרוֹת	הַנֵּרָה	2
1	החגים	החג	Masc	Plur	הַחַגִּים	הַחַג	22
1	אפן	אפן	Masc	Sing	אֹפֶן	אֹפֶן	1
1	כחג	כחג	Masc	Sing	כְּחַג	כְּחַג	1
4	סביבון	סביבון	Masc	Sing	סְבִיבוֹן	סְבִיבוֹן	4
2	חוט	חוט	Masc	Sing	חוּט	חוּט	4
2	פיניטה	פיניטה	Fem	Sing	פִּינִיטָה	פִּינִיטָה	2
4	מטבעות	מטבע	Masc	Plur	מַטְבְּעוֹת	מַטְבֵּעַ	7
1	לחג	לחג	Masc	Sing	לְחַג	לְחַג	1
2	בובות	בובה	Fem	Plur	בּוּבּוֹת	בּוּבָּה	8
1	ירועים	ירוע	Masc	Plur	יְרוּעִים	יָרוּעַ	1
1	שמנ	שמן	Masc	Sing	שָׁמֵנ	שֶׁמֶן	13
1	מתיקות	מתיקה	Fem	Sing	מְתִיקוּת	מְתִיקָה	1
1	לביבות	לביבה	Fem	Plur	לְבִיבוֹת	לְבִיבָה	1
4	דמי	דמי	Masc	Plur	דְּמֵי	דְּמֵי	4
1	הריבה	הריבה	Fem	Sing	הָרִיבָּה	הָרִיבָּה	2
1	בוטיק	בוטיק	Masc	Sing	בּוֹטִיק	בּוֹטִיק	1
1	הריבת	הריבה	Fem	Sing	הָרִיבַּת	הָרִיבָּה	2
7	סופגניה	סופגניה	Fem	Sing	סוּפְגַּנְיָה	סוּפְגַּנְיָה	7
1	ריבת	ריבה	Fem	Sing	רִּיבַת	רִיבָה	4
3	ריבה	ריבה	Fem	Sing	רִיבָה	רִיבָה	4
1	מעפיה	מעפייה	Masc	Sing	מַעֲפֶיהָ	מַעֲפִיָּיה	1
1	זופגניה	זופגניה	Fem	Sing	זוֹפְגַּנְיָה	זוֹפְגַּנְיָה	1
1	לין	לין	Masc	Sing	לִין	לִין	1
1	שפים	שפה	Masc	Plur	שָׂפִים	שָׂפָה	106
1	קונדיטורים	קונדיטור	Masc	Plur	קוֹנְדִּיטוֹרִים	קוֹנְדִּיטוֹר	2
1	ריבתות	ריבתה	Fem	Plur	רִיבָּתוֹת	רִיבָּתָהּ	1
1	קונדיטוריה	קונדיטוריה	Fem	Sing	קוֹנְדִּיטוֹרְיָה	קוֹנְדִּיטוֹרְיָה	1
3	מזרק	מזרק	Masc	Sing	מַזְרֵק	מַזְרֵק	3
1	טוגן	טוגן	Masc	Sing	טוֹגֵּן	טוֹגֵּן	1
1	איחוץ	איחוץ	Masc	Sing	אִיחוּץ	אִיחוּץ	1
1	גימיקים	גימיק	Masc	Plur	גִּימִיקִים	גִּימִיק	4
4	פסטיגל	פסטיגל	Masc	Sing	פֶּסְטִיגָל	פֶּסְטִיגָל	5
3	תיאטרון	תיאטרון	Masc	Sing	תֵּיַאטְרוֹן	תֵּיַאטְרוֹן	3
1	מפורסמים	מפורסם	Masc	Plur	מְפוּרְסָמִים	מְפוּרְסָם	1
1	במות	במות	Fem	Plur	בָּמוֹת	בָּמוֹת	1
2	מיומנה	מיומנה	Fem	Sing	מְיוּמָּנָה	מְיוּמָּנָה	2
1	מופע	מופע	Masc	Sing	מוֹפָע	מוֹפָע	10
1	פחים	פח	Masc	Plur	פַּחִים	פַּח	2
1	מופאים	מופא	Masc	Plur	מוּפָּאִים	מוּפָּא	1
1	עדי	עד	Masc	Plur	עֲדִי	עַד	6
1	מסטרקרד	מסטרקרד	Masc	Sing	מַסְטְרַקְרְד	מַסְטְרַקְרְד	1
2	מועצות	מועצה	Fem	Plur	מוֹעָצוֹת	מוֹעָצָה	6
1	שקיעות	שקיעות	Fem	Plur	שְׁקִיעוֹת	שְׁקִיעוֹת	1
1	שווקי	שווק	Masc	Plur	שְַׁוָוקִי	שַּׁוֹוֶק	1
1	בות	בות	Fem	Plur	בּוֹת	בּוֹת	1
1	מוסף	מוסף	Masc	Sing	מוּסָף	מוּסָף	1
1	משכיות	משכית	Fem	Sing	מֶשְׁכִיּוֹת	מֶשְׁכִּית	1
1	כסמס	כסמס	Masc	Sing	כַּסְמָס	כַּסְמָס	1
1	זווד	זווד	Masc	Sing	זָּוֶוד	זָּוֶוד	1
1	פרעות	פרעות	Fem	Plur	פְּרָעוֹת	פְּרָעוֹת	1
4	הגדרה	הגדרה	Fem	Sing	הַגְּדָרָה	הַגְּדָרָה	4
1	בפינה	בפינה	Fem	Sing	בַּפִּינָּה	בַּפִּינָּה	1
7	מאפייה	מאפייה	Fem	Sing	מַאֲפִיָּיה	מַאֲפִיָּיה	9
4	סיטי	סיטי	Fem	Sing	סִּיטִי	סִּיטִי	4
3	קופות	קופה	Fem	Plur	קוּפּוֹת	קוּפָּה	16
11	קופאיות	קופאיות	Fem	Plur	קוּפָּאִיּוֹת	קוּפָּאִיּוֹת	11
1	סנ	סן	Masc	Sing	סַּנ	סַּן	1
1	מאבן	מאבן	Fem	Sing	מֵאֶבֶן	מֵאֶבֶן	1
1	שמלות	שמלה	Fem	Plur	שְׂמָלוֹת	שְִׂמָלָה	4
4	טנגו	טנגו	Masc	Sing	טַנְגּוֹ	טַנְגּוֹ	4
1	בריקוד	בריקוד	Masc	Sing	בְּרִיקּוּד	בְּרִיקּוּד	1
1	ריקודי	ריקוד	Masc	Plur	רִיקּוּדִי	רִיקּוּד	20
1	אקורדיון	אקורדיון	Masc	Sing	אַקּוֹרְדְיוֹן	אַקּוֹרְדְיוֹן	1
1	מועדונ	מועדון	Masc	Sing	מוֹעֲדוֹנ	מוֹעֲדוֹן	16
10	מילונגות	מילונגות	Fem	Plur	מִילוֹנְגוֹת	מִילוֹנְגוֹת	10
1	הצה	הצה	Masc	Sing	הַצָּה	הַצָּה	1
2	פרטנרים	פרטנר	Masc	Plur	פַּרְטְנֵרִים	פַּרְטְנֶר	4
2	פרטנר	פרטנר	Masc	Sing	פַּרְטְנֶר	פַּרְטְנֶר	4
1	הדרי	הדרי	Masc	Plur	הַדְרִי	הַדְרִי	1
5	מורות	מורה	Fem	Plur	מוֹרוֹת	מוֹרֶה	86
1	התיירות	התיירות	Fem	Sing	הַתַּיָּירוּת	הַתַּיָּירוּת	1
2	רקדן	רקדן	Masc	Sing	רַקְדָּן	רַקְדָּן	7
1	אכזבות	אכזבה	Fem	Plur	אַכְזָבוּת	אַכְזָבָה	1
1	בוזבזים	בוזבז	Masc	Plur	בּוּזְבְּזִים	בּוּזְבֵּז	1
1	פרימיום	פרימיום	Masc	Sing	פְּרִימְיוּם	פְּרִימְיוּם	1
2	מועדוני	מועדון	Masc	Plur	מוֹעֲדוֹנִי	מוֹעֲדוֹן	16
3	גימיק	גימיק	Masc	Sing	גִּימִיק	גִּימִיק	4
1	מוזיקת	מוזיקה	Fem	Sing	מוּזִיקַת	מוּזִיקָה	222
2	עופה	עופה	Masc	Sing	עוֹפָה	עוֹפָה	2
1	תסרוקות	תסרוק	Fem	Plur	תִּסְרוֹקוֹת	תִּסְרוֹק	1
1	משקפיים	משקף	Masc	Plur	מִשְׁקָפַיִים	מְשַׁקֵּף	3
1	קעקועים	קעקוע	Masc	Plur	קַעֲקוּעִים	קַעֲקוּעַ	1
1	גיטריסט	גיטריסט	Masc	Sing	גִּיטָרִיסְט	גִּיטָרִיסְט	1
1	פאנק	פאנק	Masc	Sing	פַּאנְק	פַּאנְק	1
1	דען	דען	Masc	Sing	דָּעָן	דָּעָן	1
2	פילטרים	פילטר	Masc	Plur	פִּילְטֵרִים	פִּילְטֶר	3
1	אופ	אוף	Masc	Sing	אוֹפּ	אוֹף	1
2	מרדף	מרדף	Masc	Sing	מִרְדָּף	מִרְדָּף	2
1	כיכר	כיכר	Fem	Sing	כִּיכָּר	כִּיכָּר	1
1	ספציאליטה	ספציאליטה	Fem	Sing	סֶפְּצִיָּאלִיטָה	סֶפְּצִיָּאלִיטָה	1
3	מחמצת	מחמצת	Fem	Sing	מְחַמֶּצֶת	מְחַמֶּצֶת	3
1	פנס	פנס	Masc	Sing	פָּנָס	פָּנָס	5
1	אפיית	אפייה	Fem	Sing	אֲפִיַּית	אֲפִיָּיה	5
1	לחמים	לחם	Masc	Plur	לְחָמִים	לֶחֶם	13
1	תזמון	תזמון	Masc	Sing	תִּזְמוּן	תִּזְמוּן	1
1	חמניות	חמנית	Fem	Plur	חַמָּנִיּוֹת	חַמָּנִית	1
2	שוחד	שוחד	Masc	Sing	שׁוֹחַד	שׁוֹחַד	2
2	שערה	שערה	Fem	Sing	שְׂעָרָהּ	שְׂעָרָהּ	2
3	מקסיקנים	מקסיקן	Masc	Plur	מַקְסִיקָנִים	מַקְסִיקָן	3
2	מאפיה	מאפייה	Fem	Sing	מַאֲפִיָּה	מַאֲפִיָּיה	9
1	רגישות	רגישות	Fem	Sing	רְגִּישׁוּת	רְגִּישׁוּת	1
1	השערה	השערה	Fem	Sing	הַשְׁעָרָה	הַשְׁעָרָה	1
1	ג'נטריפיקציה	ג'נטריפיקציה	Fem	Sing	גֶ'נְטְרִיפִיקַצְיָה	גֶ'נְטְרִיפִיקַצְיָה	1
1	עשור	עשור	Masc	Sing	עָשׂוֹר	עָשׂוֹר	1
1	יזמים	יזם	Masc	Plur	יַזְמִים	יַזָּם	5
2	לקהל	לקהל	Masc	Sing	לַקָּהָל	לַקָּהָל	2
2	פרופורציות	פרופורציה	Fem	Plur	פְּרוֹפּוֹרְצְיוֹת	פְּרוֹפּוֹרְצְיָה	2
2	התנצלות	התנצלות	Fem	Sing	הִתְנַצְּלוּת	הִתְנַצְּלוּת	2
1	פוליטיקלי	פוליטיקלי	Masc	Sing	פּוֹלִיטִיקָלִי	פּוֹלִיטִיקָלִי	1
1	לחמניות	לחמני	Fem	Plur	לַחְמָנִיּוֹת	לַחְמָנִי	1
1	תעשייתיות	תעשייתי	Fem	Plur	תַּעֲשִִׂיָּיתִיּוֹת	תַּעֲשִׂיָּיתִי	1
2	צניעות	צניעות	Fem	Sing	צְּנִיעוּת	צְּנִיעוּת	2
3	תפיסות	תפיסה	Fem	Plur	תְּפִיסוֹת	תְּפִיסָה	9
1	שחיתות	שחיתות	Fem	Sing	שְׁחִיתוּת	שְׁחִיתוּת	1
2	אמירה	אמירה	Fem	Sing	אֲמִירָה	אֲמִירָה	2
1	תורתיות	תורתי	Fem	Plur	תּוֹרָתִיּוּת	תּוֹרָתִי	1
3	אישום	אישום	Masc	Sing	אִישּׁוּם	אִישּׁוּם	3
1	indסמ	indסם	Masc	Sing	Inddסַמ	Indֶסֶם	1
2	מזכורת	מזכורת	Fem	Sing	מַזְכּוֹרֶת	מַזְכּוֹרֶת	2
1	לחמה	לחמה	Fem	Sing	לָּחֲמָה	לָּחֲמָה	1
1	קנייה	קנייה	Fem	Sing	קְנִיָּיה	קְנִיָּיה	21
2	חוג	חוג	Masc	Sing	חוּג	חוּג	4
1	דוכנים	דוכן	Masc	Plur	דּוּכָנִים	דּוּכָן	14
1	מאבותח	מאבותח	Masc	Sing	מֵאֲבוֹתָח	מֵאֲבוֹתָח	2
1	עמדה	עמדה	Fem	Sing	עֶמְדָּה	עֶמְדָּה	2
1	זוז	זוז	Masc	Sing	זוּז	זוּז	1
1	מאבקים	מאבק	Masc	Plur	מַאֲבָקִים	מַאֲבָק	7
1	הוספת	הוספה	Fem	Sing	הוֹסָפַת	הוֹסְפָה	1
1	עמדת	עמדה	Fem	Sing	עֶמְדַּת	עֶמְדָּה	2
1	הבהרה	הבהרה	Fem	Sing	הַבְּהָרָה	הַבְּהָרָה	1
1	חוסרים	חוסר	Masc	Plur	חוֹסָרִים	חוֹסֶר	27
1	קיחת	קיחה	Fem	Sing	קִיחַת	קִיחָה	1
1	מנע	מנע	Masc	Sing	מָנַע	מָנַע	1
1	כס	כס	Masc	Sing	כֵּס	כֵּס	1
1	עזוב	עזב	Masc	Sing	עֲזוֹב	עָזַב	1
1	סלולר	סלולר	Masc	Sing	סֵּלוֹלֶר	סֵּלוֹלֶר	1
1	לכתבות	לכתב	Fem	Plur	לַכַּתָּבוֹת	לִכְתַב	1
1	אחלה	אחלה	Masc	Sing	אַחְלָה	אַחְלָה	1
2	מקרי	מקרה	Masc	Plur	מִקְרִי	מִקְרֶה	95
1	פשע	פשע	Masc	Sing	פֶּשַׁע	פֶּשַׁע	3
1	צימרים	צימרים	Masc	Plur	צִּימֵרִים	צִּימֵרִים	1
1	הבירה	הבירה	Fem	Sing	הַבִּירָה	הַבִּירָה	1
1	סתובבה	סתובבה	Fem	Sing	סְתוֹבְבָה	סְתוֹבְבָה	1
1	תאיר	תאיר	Fem	Sing	תָּאִיר	תָּאִיר	1
2	חיפושים	חיפוש	Masc	Plur	חִיפּוּשִׂים	חִיפּוּשׂ	8
1	מחזה	מחזה	Masc	Sing	מַחֲזֶה	מַחֲזֶה	1
4	גופה	גופה	Fem	Sing	גּוּפָהּ	גּוּפָהּ	7
1	תאי	תא	Masc	Plur	תַּאי	תָּא	5
1	חתכים	חתך	Masc	Plur	חֲתָכִים	חֲתָךְ	3
5	אלימות	אלימות	Fem	Sing	אַלִּימוּת	אַלִּימוּת	5
1	התאבדות	התאבדות	Fem	Sing	הִתְאַבְּדוּת	הִתְאַבְּדוּת	1
1	יישוב	יישוב	Masc	Sing	יִישּׁוּב	יִישּׁוּב	24
1	עדכון	עדכון	Masc	Sing	עִדְכּוּן	עִדְכּוּן	2
1	פרמדיק	פרמדיק	Masc	Sing	פָּרָמֵדִיק	פָּרָמֵדִיק	1
6	רוצח	רוצח	Masc	Sing	רוֹצֵחַ	רוֹצֵחַ	6
1	דיווחים	דיווח	Masc	Plur	דִּיוּוּחִים	דִּיוּוּחַ	2
1	אריכים	אריך	Masc	Plur	אֲרִיכִים	אָרִיךְ	1
1	סכינים	סכין	Masc	Plur	סַכִּינִים	סַכִּין	3
3	מדובב	מדובב	Masc	Sing	מְדוּבָּב	מְדוּבָּב	4
1	חטא	חטא	Masc	Sing	חֵטְא	חֵטְא	1
6	שחזור	שחזור	Masc	Sing	שֶׁחֲזוֹר	שֶׁחֲזוֹר	6
2	תא	תא	Masc	Sing	תָּא	תָּא	5
3	התיק	התיק	Masc	Sing	הַתִּיק	הַתִּיק	3
3	אשמה	אשמה	Fem	Sing	אַשְׁמָה	אַשְׁמָה	5
1	מניפולציות	מניפולציה	Fem	Plur	מָנִיפּוּלַצְיוֹת	מָנִיפּוּלַצְיָה	1
1	בתא	בתא	Masc	Sing	בַּתָּא	בַּתָּא	1
1	עייתיות	עייתיות	Fem	Plur	עָיָיתִיּוּת	עָיָיתִיּוּת	1
1	זירת	זירה	Fem	Sing	זִּירַת	זִּירָה	3
1	לזירת	לזירה	Fem	Sing	לְזִירַת	לַזִּירָה	1
1	תביעות	תביעה	Fem	Plur	תְּבִיעוֹת	תְּבִיעָה	8
1	אצבע	אצבע	Fem	Sing	אֶצְבַּע	אֶצְבַּע	3
1	בזירה	בזירה	Fem	Sing	בַּזִּירָה	בַּזִּירָה	1
1	פיזית	פיזי	Fem	Sing	פִּיזִית	פִּיזִי	1
1	צע	צע	Masc	Sing	צַּע	צַּע	1
1	סוליית	סוליה	Fem	Sing	סוּלְיַית	סוּלְיָה	1
1	תביעת	תביעה	Fem	Sing	תְּבִיעַת	תְּבִיעָה	8
1	מחפץ	מחפץ	Masc	Sing	מְחַפֵּץ	מְחַפֵּץ	1
2	זירה	זירה	Fem	Sing	זִּירָה	זִּירָה	3
1	מניע	מניע	Masc	Sing	מֵנִיעַ	מֵנִיעַ	1
2	סיגריה	סיגריה	Fem	Sing	סִּיגַרְיָה	סִּיגַרְיָה	5
2	קללות	קללה	Fem	Plur	קְלָלוֹת	קְלָלָה	2
2	חקירות	חקירה	Fem	Plur	חֲקִירוֹת	חֲקִירָה	15
1	רשיע	רשיע	Masc	Sing	רָשִׁיעַ	רָשִׁיעַ	1
3	רומן	רומן	Masc	Sing	רוֹמָן	רוֹמָן	3
2	אשמ	אשם	Masc	Sing	אַשְׁמ	אָשָׁם	2
2	גזר	גזר	Masc	Sing	גְּזָר	גְּזָר	2
1	הבקשות	הבקשה	Fem	Plur	הַבַּקָּשׁוֹת	הַבַּקָּשָׁה	1
1	עבל	עבל	Masc	Sing	עֲבָל	עֲבָל	1
1	הרשאה	הרשאה	Fem	Sing	הַרְשָׁאָה	הַרְשָׁאָה	1
3	עורך	עורך	Masc	Sing	עוֹרֵךְ	עוֹרֵךְ	4
1	ערעור	ערעור	Masc	Sing	עִרְעוּר	עִרְעוּר	1
1	ז'נר	ז'נר	Masc	Sing	זֵ'נֶר	זֵ'נֶר	1
1	ספוילרים	ספוילר	Masc	Plur	סְפּוֹיְלֵרִים	סְפּוֹיְלֶר	1
1	אימפקט	אימפקט	Masc	Sing	אִימְפֵּקְט	אִימְפֵּקְט	1
1	הספקות	הספקה	Fem	Plur	הַסְּפֵקוֹת	הַסְּפָקָה	2
1	מעשר	מעשר	Masc	Sing	מֵעֶשֶׂר	מֵעֶשֶׂר	1
1	שופטי	שופט	Masc	Plur	שׁוֹפְטִי	שׁוֹפֵּט	23
2	זיכוי	זיכוי	Masc	Sing	זִיכּוּי	זִיכּוּי	2
1	דהבדב	דהבדב	Masc	Sing	דְּהַבְדֵּב	דְּהַבְדֵּב	1
1	הרגשות	הרגשה	Fem	Plur	הָרְגָשׁוֹת	הַרְגָּשָׁה	7
1	טראגי	טראגי	Masc	Sing	טְרָאגִי	טְרָאגִי	1
2	מחנכת	מחנכת	Fem	Sing	מְחַנֶּכֶת	מְחַנֶּכֶת	2
1	כתבת	כתבה	Fem	Sing	כָּתַבְתָּ	כָּתְבָה	52
1	מכתבה	מכתבה	Fem	Sing	מִכְתָּבָה	מִכְתָּבָה	1
1	סטטיסטיקות	סטטיסטיקה	Fem	Plur	סְטָטִיסְטִיקוֹת	סְטָטִיסְטִיקָה	3
1	ציטותים	ציטות	Masc	Plur	צִּיטוּתִים	צִּיטוּת	1
1	יולדת	יולדת	Fem	Sing	יוֹלֶדֶת	יוֹלֶדֶת	1
1	כפפה	כפפה	Fem	Sing	כְּפָפָה	כְּפָפָה	2
2	הצטרף	הצטרף	Masc	Sing	הִצְטָרֵף	הִצְטָרֵף	2
1	סמינרים	סמינר	Masc	Plur	סֵמִינָרִים	סֵּמִינָר	2
1	מכללות	מכללה	Fem	Plur	מִכְּלָלוֹת	מִכְלָלָה	4
1	תנסות	תנסות	Fem	Sing	תְּנַסּוּת	תְּנַסּוּת	1
1	עבירות	עבירה	Fem	Plur	עֲבֵירוֹת	עֲבֵירָה	4
1	שמעית	שמעית	Masc	Sing	שִׁמָעִית	שִׁמָעִית	1
1	למורים	למורים	Masc	Plur	לְמוֹרִים	לְמוֹרִים	1
2	רוחב	רוחב	Masc	Sing	רוֹחַב	רוֹחַב	2
6	מרתון	מרתון	Masc	Sing	מָרָתוֹן	מָרָתוֹן	6
2	ימודים	ימוד	Masc	Plur	יְמוּדִים	יָמוּד	2
1	הנחתות	הנחתה	Fem	Plur	הַנְּחָתוֹת	הַנְּחָתָהּ	1
1	מטלות	מטלה	Fem	Plur	מַטָּלוֹת	מַטָּלָה	1
1	קבוצים	קבוץ	Masc	Plur	קְבוּצִים	קַבּוּץ	1
1	טבלאות	טבלאות	Fem	Plur	טַבְלָאוֹת	טַבְלָאוֹת	1
2	לקויות	לקות	Fem	Plur	לְקוּיוֹת	לָקוּת	2
1	סיית	סייה	Masc	Sing	סַיָּית	סִּיָּה	1
2	סייעות	סייעה	Fem	Plur	סַיָּיעוּת	סִּייְעָה	2
1	אינדיביד	אינדיביד	Masc	Sing	אִינְדִּיבִיד	אִינְדִּיבִיד	1
1	ואליות	ואליה	Fem	Plur	וְאֵלִיּוֹת	וְאֵלֶיהָ	1
1	ליבורים	ליבורים	Masc	Plur	לִיבּוֹרִים	לִיבּוֹרִים	1
1	עייתית	עייתית	Fem	Sing	עָיָיתִית	עָיָיתִית	1
2	טיפולי	טיפול	Masc	Plur	טִיפּוּלִי	טִיפּוּל	6
2	פוריות	פוריות	Fem	Sing	פּוֹרִיּוּת	פּוֹרִיּוּת	2
1	פרצופים	פרצופים	Masc	Plur	פַּרְצוּפִים	פַּרְצוּפִים	1
1	חיכוכים	חיכוך	Masc	Plur	חִיכּוּכִים	חִיכּוּךְ	2
1	חולה	חולה	Masc	Sing	חוֹלֶה	חוֹלֶה	6
1	כיבוי	כיבוי	Masc	Sing	כִּיבּוּי	כִּיבּוּי	1
1	החלפות	החלפה	Fem	Plur	הַחְלָפוֹת	הַחְלָפָה	4
1	וילד	וילד	Masc	Sing	וְיֶלֶד	וְיֶלֶד	1
3	יועצת	יועץ	Fem	Sing	יוֹעֶצֶת	יוֹעֵץ	9
1	אספות	אספה	Fem	Plur	אֲסֵפוֹת	אָסְפָה	1
1	משקשקת	משקשקת	Fem	Sing	מְשְַׁקַשֶּׁקֶת	מְשְַׁקַשֶּׁקֶת	1
1	תלמידה	תלמיד	Fem	Sing	תַּלְמִידָה	תַּלְמִיד	48
2	חוגים	חוג	Masc	Plur	חוּגִים	חוּג	4
1	בחין	בחין	Masc	Sing	בָּחִין	בָּחִין	1
2	כללי	כלל	Masc	Sing	כְּלָלִי	כְּלָל	81
1	התנהגויות	התנהגות	Fem	Plur	הִתְנַהֲגוּיוֹת	הִתְנַהֲגוּת	6
4	מזלי	מזל	Masc	Sing	מַזָּלִי	מַזָּל	11
1	תמורים	תמור	Masc	Plur	תְּמוּרִים	תָּמוּר	1
1	צערון	ציערון	Masc	Sing	צַּעֲרוֹן	צִּיעֲרוֹן	1
1	מגופים	מגוף	Masc	Plur	מַגּוּפִים	מַגּוּף	1
1	תחושתי	תחושה	Fem	Sing	תְּחוּשָׁתִי	תְּחוּשָׁה	43
1	משכרות	משכרת	Fem	Plur	מַשְׂכֵּרוֹת	מַשְׂכֶּרֶת	1
1	הפיסת	הפיסה	Fem	Sing	הַפִּיסַת	הַפִּיסָה	1
1	סטופ	סטוף	Masc	Sing	סְטוֹפּ	סְטוּף	1
1	מערכי	מערך	Masc	Plur	מַעֲרָכִי	מַעֲרָךְ	6
1	תקראיות	תקראיות	Fem	Plur	תִּקְרָאִיּוֹת	תִּקְרָאִיּוֹת	1
1	שנוי	שנוי	Masc	Sing	שָׁנוּי	שָׁנוּי	1
1	פלסטלינה	פלסטלינה	Fem	Sing	פָּלַסְטָלִינָה	פָּלַסְטָלִינָה	1
1	קדישה	קדישה	Fem	Sing	קְדִּישָׁה	קְדִּישָׁה	1
1	שלי	שלי	Masc	Sing	שֶׁלִּי	שֶׁלִּי	1
1	חרמות	חרמה	Masc	Plur	חֲרָמוֹת	חָרְמָה	1
1	דיכאונות	דיכאון	Masc	Plur	דִּיכְאוֹנוּת	דִּיכָּאוֹן	2
1	מתחנה	מתחנה	Fem	Sing	מִתְַחֲנָה	מִתְַחֲנָה	1
1	דיקה	דיקה	Fem	Sing	דִּיקָה	דִּיקָה	1
1	הישגים	הישג	Masc	Plur	הֶישֵּׂגִים	הֶישֵּׂג	2
1	תעודה	תעודה	Fem	Sing	תְּעוּדָה	תְּעוּדָה	4
1	צן	צן	Masc	Sing	צַּן	צַּן	1
1	פלא	פלא	Masc	Sing	פֶּלֶא	פֶּלֶא	1
1	כלישאה	כלישאה	Fem	Sing	כְּלִישָׁאָה	כְּלִישָׁאָה	1
6	אגם	אגם	Masc	Sing	אֲגַם	אֲגַם	9
1	ימת	ימת	Fem	Sing	יַמַּת	יַמַּת	1
1	יבשות	יבשת	Fem	Plur	יַבָּשׁוֹת	יַבֶּשֶׁת	3
1	תקטונים	תקטון	Masc	Plur	תִּקְטוֹנִים	תִּקְטוֹן	1
1	תזוזה	תזוזה	Fem	Sing	תְּזוּזָה	תְּזוּזָה	2
1	בקאים	בקאי	Masc	Plur	בָּקָאִים	בַּקַּאי	1
1	חריצים	חריץ	Masc	Plur	חֲרִיצִים	חָרִיץ	1
1	שרצים	שרץ	Masc	Plur	שְׁרָצִים	שֶׁרֶץ	1
1	תזוזות	תזוזה	Fem	Plur	תְּזוּזוֹת	תְּזוּזָה	2
1	בקע	בקע	Masc	Sing	בֶּקַע	בֶּקַע	1
1	הבקע	הבקע	Masc	Sing	הַבֶּקַע	הַבֶּקַע	1
8	מינרלים	מנרל	Masc	Plur	מִינֵרָלִים	מֵנֵרָל	8
1	צמחים	צמח	Masc	Plur	צְּמָחִים	צֶּמַח	2
1	אורגנימים	אורגן	Masc	Plur	אוֹרְגְּנִימִים	אוֹרְגֶּן	1
1	חיידקים	חיידק	Masc	Plur	חַיְידַּקִים	חַיְידַּק	2
1	ועצות	ועצה	Fem	Plur	וְעֵצוֹת	וְעֵצָה	1
2	כינוי	כינוי	Masc	Sing	כִּינּוּי	כִּינּוּי	2
1	תופעות	תופעה	Fem	Plur	תּוֹפָעוֹת	תּוֹפָעָה	18
2	מדברי	מדברי	Masc	Plur	מִדְבָרַי	מִדְבָרַי	2
3	תופעת	תופעה	Fem	Sing	תּוֹפַעַת	תּוֹפָעָה	18
1	נחית	נחית	Masc	Sing	נְחִית	נְחִית	1
4	שים	שים	Masc	Plur	שִִׂים	שִִׂים	4
2	מבנים	מבנה	Masc	Plur	מִבְּנִים	מִבְּנֶה	6
1	סצנה	סצנה	Fem	Sing	סְצֵנָה	סְצֵנָה	2
1	למקום	למקום	Masc	Sing	לַמָּקוֹם	לַמָּקוֹם	1
1	מליחות	מליחה	Fem	Sing	מְלִיחוּת	מִלֵּיחָה	1
2	צוף	צוף	Masc	Sing	צוּף	צוּף	4
1	ציפה	ציפה	Fem	Sing	צִּיפָּה	צִּיפָּה	1
1	השקטות	השקטה	Fem	Plur	הַשְּׁקֵטוֹת	הַשְּׁקֵטָה	1
2	בוץ	בוץ	Masc	Sing	בּוֹץ	בּוֹץ	2
1	מצילים	הציל	Masc	Plur	מַצִּילִים	הִצִּיל	1
1	פלטה	פלטה	Fem	Sing	פָּלְטָה	פָּלְטָה	1
1	כדים	כד	Masc	Plur	כַּדִּים	כַּד	1
2	החום	החום	Masc	Sing	הַחוֹם	הַחוֹם	2
1	למכת	למכה	Fem	Sing	לַמֶּּכֶת	לְמַכָּה	1
1	התייבשות	התייבשות	Fem	Sing	הִתְיַיבְּשׁוּת	הִתְיַיבְּשׁוּת	1
1	מלחצמו	מלחצמו	Masc	Sing	מִלַּחְצְמוֹ	מִלַּחְצְמוֹ	1
1	פצע	פצע	Masc	Sing	פֶּצַע	פֶּצַע	2
2	חתך	חתך	Masc	Sing	חֲתָךְ	חֲתָךְ	3
1	פצעים	פצע	Masc	Plur	פְּצָעִים	פֶּצַע	2
1	צריבה	צריבה	Fem	Sing	צְּרִיבָה	צְּרִיבָה	1
1	תייה	תייה	Fem	Sing	תִּיָּיה	תִּיָּיה	1
1	ליא	ליא	Masc	Sing	לִיא	לִיא	1
1	בולים	בול	Masc	Plur	בּוּלִים	בּוּל	2
1	הרעלה	הרעלה	Fem	Sing	הַרְעָלָה	הַרְעָלָה	1
2	הפרעות	הפרעה	Fem	Plur	הַפְּרָעוֹת	הַפְּרָעָה	2
1	פינוי	פינוי	Masc	Sing	פִּינּוּי	פִּינּוּי	1
1	הסכנות	הסכנה	Fem	Plur	הַסַּכָּנוֹת	הַסַּכָּנָה	3
1	מפלס	מפלס	Masc	Sing	מִפְלָס	מִפְלָס	1
1	כמטר	כמטר	Masc	Sing	כְּמֶטֶר	כְּמֶטֶר	1
3	בריכת	בריכה	Fem	Sing	בְּרֵיכַת	בְּרֵיכָה	36
1	הכמות	הכמה	Fem	Sing	הַכַּמוֹת	הַכַּמָּה	1
1	לנזק	לנזק	Masc	Sing	לְנֶזֶק	לְנֶזֶק	1
2	המים	הום	Masc	Plur	הַמַּיִם	הוֹם	2
12	עידוי	עידוי	Masc	Sing	עִידּוּי	עִידּוּי	13
1	הספקת	הספקה	Fem	Sing	הַסְפָּקַת	הַסְּפָקָה	2
1	ממים	מם	Masc	Plur	מִמַּיִם	מָם	1
1	דשנים	דשן	Masc	Plur	דְּשָׁנִים	דֶּשֶׁן	1
2	רום	רום	Masc	Sing	רוּם	רוּם	2
1	אלקטרוניקה	אלקטרוניקה	Fem	Sing	אֶלֶקְטְרוֹנִיקָה	אֶלֶקְטְרוֹנִיקָה	1
1	שריפה	שריפה	Fem	Sing	שְׂרֵיפָה	שְׂרֵיפָה	3
1	תעלות	תעלה	Fem	Plur	תְּעָלוֹת	תַּעֲלֶה	1
2	הצפה	הצפה	Fem	Sing	הַצָּפָה	הַצָּפָה	2
1	נתון	נתון	Masc	Sing	נָּתוּן	נָּתוּן	6
3	בולענים	בולען	Masc	Plur	בּוֹלְעָנִים	בּוּלְעָן	5
1	בולע	בלע	Masc	Sing	בּוֹלֵעַ	בָּלַע	1
1	בור	בור	Masc	Sing	בּוֹר	בּוֹר	2
1	פתאומיות	פתאומיות	Fem	Plur	פִּתְאוֹמִיּוּת	פִּתְאוֹמִיּוּת	1
1	חניות	חנייה	Fem	Plur	חֲנָיוֹת	חֲנָיָיה	9
2	בולען	בולען	Masc	Sing	בּוּלְעָן	בּוּלְעָן	5
2	בולנים	בולן	Masc	Plur	בּוּלָנִים	בּוּלָן	2
1	ירידת	ירידה	Fem	Sing	יְרִידַת	יְרִידָה	9
1	נסוגים	נסוג	Masc	Plur	נְסוֹגִים	נָסוֹג	1
1	גשמים	גשם	Masc	Plur	גְּשָׁמִים	גֶּשֶׁם	4
1	מיי	מיים	Masc	Plur	מִיְּיָ	מַיִים	1
1	תהום	תהום	Fem	Sing	תָּהוֹם	תָּהוֹם	1
1	מיסים	מס	Masc	Plur	מִיסִּים	מַס	1
1	חללים	חלל	Masc	Plur	חֲלָלִים	חָלָל	6
1	סוכנת	סוכנת	Fem	Sing	סוֹכֶנֶת	סוֹכֶנֶת	1
1	פסוריאזיס	פסוריאזיס	Fem	Sing	פְּסוֹרְיָאזִיס	פְּסוֹרְיָאזִיס	1
1	אגזמה	אגזמה	Fem	Sing	אַגְזָמָה	אַגְזָמָה	1
1	כיסוי	כיסוי	Masc	Sing	כִּיסּוּי	כִּיסּוּי	1
1	קרינה	קרינה	Fem	Sing	קְרִינָה	קְרִינָה	1
1	שפחות	שפחה	Fem	Plur	שְׁפָחוֹת	שִׁפְחָה	1
2	אלטרנטיבות	אלטרנטיבות	Fem	Plur	אַלְטֶרְנָטִיבוֹת	אַלְטֶרְנָטִיבוֹת	2
1	בסורד	בסורד	Masc	Sing	בְּסוּרְד	בְּסוּרְד	1
1	פסימיות	פסימיות	Fem	Sing	פְּסִימִיּוֹת	פְּסִימִיּוֹת	1
1	תעלה	עלה	Fem	Sing	תַּעֲלֶה	עָלָה	2
1	צינור	צינור	Masc	Sing	צִּינּוֹר	צִּינּוֹר	4
1	מהים	מהים	Masc	Sing	מֵהַיָּם	מֵהַיָּם	1
1	הזרמת	הזרמה	Fem	Sing	הַזְּרָמַת	הַזְּרָמָה	1
1	מנהר	מנהר	Masc	Sing	מִנְּהָר	מִנְּהָר	5
1	הפחת	הפחה	Masc	Sing	הַפְּחָת	הַפָּחָה	1
1	עדיפויות	עדיפות	Fem	Plur	עֲדִיפוּיוֹת	עֲדִיפוּת	2
2	מפגשי	מפגש	Masc	Plur	מִפְגְּשֵׁי	מִפְגָּשׁ	25
1	קומפורט	קומפורט	Masc	Sing	קוֹמְפּוֹרְט	קוֹמְפּוֹרְט	1
1	זון	זון	Masc	Sing	זוֹן	זוֹן	1
4	עיסת	עיסה	Fem	Sing	עִיסַּת	עִיסָּה	6
1	שלילה	שלילה	Fem	Sing	שָׁלִילָה	שָׁלִילָה	1
2	אופה	אופה	Masc	Sing	אוֹפֶּה	אוֹפֶּה	2
1	עופים	עוף	Masc	Plur	עוֹפִים	עוֹף	2
1	חתימה	חתימה	Fem	Sing	חֲתִימָה	חֲתִימָה	1
1	גרסה	גרסה	Fem	Sing	גִּרְסָה	גִּרְסָה	3
2	נחתום	נחתום	Masc	Sing	נֶחְתּוֹם	נֶחְתּוֹם	2
1	איסת	איסה	Fem	Sing	אִיסַּת	אִיסָּה	1
1	אוופה	אוופה	Fem	Sing	אַוְופָה	אַוְופָה	1
1	חצן	חצן	Masc	Sing	חָצָן	חָצָן	1
2	רעבים	רעב	Masc	Plur	רְעֵבִים	רָעָב	4
1	מרמקולים	מרמקול	Masc	Plur	מַרְמְקוֹלִים	מַרְמְקוֹל	1
1	מקצוען	מקצוען	Masc	Sing	מִקְצוֹעָן	מִקְצוֹעָן	2
2	צידנית	צידנית	Fem	Sing	צֵּיְדָנִית	צֵּיְדָנִית	2
1	לוק	לוק	Masc	Sing	לוּק	לוּק	1
1	סינר	סינר	Masc	Sing	סִּינָר	סִּינָר	1
1	כפפות	כפפה	Fem	Plur	כְּפָפוֹת	כְּפָפָה	2
1	מומחים	מומחה	Masc	Plur	מוּמְחִים	מוּמְחֶה	3
1	בשרמים	בשרם	Masc	Plur	בַּשְׂרָמִים	בְּשָׂרָם	1
1	מפילה	מפילה	Fem	Sing	מַפִּילָה	מַפִּילָה	1
1	קיל	קיל	Masc	Sing	קִיל	קִיל	1
1	מקצוענים	מקצוען	Masc	Plur	מִקְצוֹעָנִים	מִקְצוֹעָן	2
1	קשקש	קשקש	Masc	Sing	קַשְׂקַשׁ	קַשְׂקַשׁ	1
2	רעב	רעב	Masc	Sing	רָעָב	רָעָב	4
2	סכין	סכין	Fem	Sing	סַכִּין	סַכִּין	3
1	קינוחים	קינוח	Masc	Plur	קִינּוּחִים	קִינּוּחַ	6
1	משלן	משלן	Masc	Sing	מִשֶּׁלָּן	מִשֶּׁלָּן	1
2	רואי	רואה	Masc	Sing	רוֹאִי	רוֹאֶה	2
4	דייסה	דייסה	Fem	Sing	דַּיְיסָה	דַּיְיסָה	4
1	יבולת	יבולת	Fem	Sing	יְבוּלַת	יְבוּלַת	1
1	שועל	שועל	Masc	Sing	שׁוּעָל	שׁוּעָל	1
1	סולת	סולת	Fem	Sing	סוּלַת	סוּלַת	1
1	דיסה	דיסה	Fem	Sing	דִּיסָה	דִּיסָה	1
1	דבק	דבק	Masc	Sing	דֶּבֶק	דֶּבֶק	1
1	הגבלת	הגבלה	Fem	Sing	הַגְּבָלַת	הַגְּבָלָה	3
5	פקקים	פקק	Masc	Plur	פְּקָקִים	פְּקָק	5
1	עומסי	עומס	Masc	Plur	עוֹמְסֵי	עוֹמֶס	6
1	העברת	העברה	Fem	Sing	הַעֲבָרַת	הַעֲבָרָה	1
1	בולדוזר	בולדוזר	Masc	Sing	בּוֹלְדּוֹזֶר	בּוֹלְדּוֹזֶר	1
4	תיאבון	תיאבון	Masc	Sing	תֵּיָאבוֹן	תֵּיָאבוֹן	4
1	ביכור	ביכור	Masc	Sing	בִּיכּוּר	בִּיכּוּר	2
1	הרכת	הרכה	Fem	Sing	הָרַכְתְּ	הָרַכָּה	1
1	התיאבון	התיאבון	Masc	Sing	הַתֵּיָאבוֹן	הַתֵּיָאבוֹן	1
1	ספורטאית	ספורטאי	Fem	Sing	סְפּוֹרְטָאִית	סְפּוֹרְטַאי	4
1	כלישעה	כלישעה	Fem	Sing	כְּלִישְׁעָה	כְּלִישְׁעָה	1
1	נכונות	נכונות	Fem	Sing	נְכוֹנוּת	נְכוֹנוּת	1
1	שנוע	שנוע	Fem	Sing	שָׁנוּעַ	שָׁנוּעַ	1
1	בתון	בתון	Masc	Sing	בָּתוֹן	בָּתוֹן	1
1	חיית	חייה	Fem	Sing	חַיִית	חַיֶּיהָ	1
6	ריצה	ריצה	Fem	Sing	רִיצָה	רִיצָה	9
1	קורסון	קורסון	Masc	Sing	קוֹרְסוֹן	קוֹרְסוֹן	1
2	ימית	ימית	Fem	Sing	יָמִית	יָמִית	2
2	התלבטות	התלבטות	Fem	Sing	הִתְלַבְּטוּת	הִתְלַבְּטוּת	2
3	הריצה	הריצה	Fem	Sing	הָרִיצָה	הָרִיצָה	3
1	רועסון	רועסון	Masc	Sing	רוֹעֲסוֹן	רוֹעֲסוֹן	1
1	ביד	בידי	Fem	Sing	בַּיָּד	בְּיָדִי	1
1	קרועסון	קרועסון	Masc	Sing	קְרוֹעְסוֹן	קְרוֹעְסוֹן	2
1	מתוקים	מתוק	Masc	Plur	מְתוּקִים	מָתוֹק	1
5	כביש	כביש	Masc	Sing	כְּבִישׁ	כְּבִישׁ	16
2	ריצות	ריצה	Fem	Plur	רִיצוֹת	רִיצָה	9
1	שחצי	שחץ	Masc	Sing	שַׁחֲצִי	שַּׁחַץ	1
1	ריצת	ריצה	Fem	Sing	רִיצַת	רִיצָה	9
3	ספורטאים	ספורטאי	Masc	Plur	סְפּוֹרְטָאִים	סְפּוֹרְטַאי	4
2	תרופה	תרופה	Fem	Sing	תְּרוּפָה	תְּרוּפָה	4
1	קריאות	קריאה	Fem	Plur	קְרִיאוֹת	קְרִיאָה	6
1	עשירי	עשירי	Masc	Plur	עֲשִׁירִי	עֲשִׁירִי	1
2	רצות	רצות	Fem	Plur	רָצוֹת	רָצוֹת	2
1	בדיקת	בדיקה	Fem	Sing	בְּדִיקַת	בְּדִיקָה	9
1	ישרה	ישר	Fem	Sing	יְשָׁרָה	יָשָׁר	1
1	קש	קש	Masc	Sing	קַשׁ	קַשׁ	1
1	אלופה	אלופה	Fem	Sing	אַלוּפָה	אַלוּפָה	3
1	אימונים	אימון	Masc	Plur	אִימּוּנִים	אִימוּן	9
1	יוטיוב	יוטיוב	Masc	Sing	יוּטְיוּב	יוּטְיוּב	1
2	הסכנה	הסכנה	Fem	Sing	הַסַּכָּנָה	הַסַּכָּנָה	3
1	תסות	תסות	Fem	Sing	תָּסוּת	תָּסוּת	1
3	הטיסות	הטיסה	Fem	Plur	הַטִּיסוֹת	הַטִּיסָה	9
1	שיורים	שיור	Masc	Plur	שִׁיּוּרִים	שִׁיּוּר	1
1	מקלטים	מקלט	Masc	Plur	מִקְלָטִים	מִקְלָט	19
1	רפוא	רפוא	Masc	Sing	רְפוּא	רְפוּא	1
1	דיכור	דיכור	Masc	Sing	דִּיכּוּר	דִּיכּוּר	1
1	קפידה	קפידה	Fem	Sing	קְפִידָה	קְפִידָה	1
1	ביכורים	ביכור	Masc	Plur	בִּיכּוּרִים	בִּיכּוּר	2
1	כנוס	כנוס	Masc	Sing	כִּנוּס	כִּנוּס	1
1	קטינה	קטינה	Fem	Sing	קָטִינָה	קָטִינָה	1
1	תפסים	תפס	Masc	Plur	תָּפָסִים	תָּפַס	1
1	התחייבויות	התחייבות	Fem	Plur	הִתְחַיְּיבוּיוֹת	הִתְחַיְּיבוּת	2
2	עונות	עונה	Fem	Plur	עוֹנוֹת	עוֹנָה	10
1	פיב	פיב	Masc	Sing	פִּיב	פִּיב	1
1	נימוסים	נימוס	Masc	Plur	נִימוּסִים	נִימוּס	6
1	לחת	לחת	Masc	Sing	לַחַת	לַחַת	1
2	תחתונים	תחתון	Masc	Plur	תַּחְתּוֹנִים	תַּחְתּוֹן	2
1	הזקות	הזקה	Fem	Plur	הֲזָקוֹת	הֲזָקָה	10
4	זקות	זקות	Fem	Plur	זָּקוֹת	זָּקוֹת	4
9	הזקה	הזקה	Fem	Sing	הֲזָקָה	הֲזָקָה	10
2	התראה	התראה	Fem	Sing	הַתְּרָאָה	הַתְּרָאָה	3
1	אזות	אז	Fem	Plur	אֵזוֹת	אָז	1
1	קלבה	קלבה	Fem	Sing	קָלְבָה	קָלְבָה	1
2	כלבה	כלבה	Fem	Sing	כַּלְבָּה	כַּלְבָּה	2
3	גיבוש	גיבוש	Masc	Sing	גִּיבּוּשׁ	גִּיבּוּשׁ	3
1	חתיכת	חתיכה	Fem	Sing	חֲתִיכַת	חֲתִיכָה	6
1	איזשהוא	אזשהוא	Masc	Sing	אֵיזֶשֶׁהוּא	אַזְשֶׁהוּא	1
1	אנדרנלין	אנדרנלין	Masc	Sing	אַנְדְרַנְלִין	אַנְדְרַנְלִין	1
1	קליניקה	קליניקה	Fem	Sing	קְלִינִיקָה	קְלִינִיקָה	1
1	תפקוד	תפקוד	Masc	Sing	תִּפְקוּד	תִּפְקוּד	1
1	נורמליזציה	נורמליזציה	Fem	Sing	נוֹרְמָלִיזַצְיָה	נוֹרְמָלִיזַצְיָה	1
1	זקה	זקה	Fem	Sing	זָּקָה	זָּקָה	1
1	בטיק	בטיק	Masc	Sing	בַּטִּיק	בַּטִּיק	1
2	מפצע	מפצע	Masc	Sing	מֻפְצָע	מֻפְצָע	2
1	אותנטיות	אותנטיה	Fem	Sing	אוֹתֶנְטִיּוּת	אוֹתֶנְטִיָּה	1
1	דש	דש	Masc	Sing	דָּשׁ	דָּשׁ	1
2	כנהג	כנהג	Masc	Sing	כַּנַּהָג	כַּנַּהָג	2
1	פרידות	פרידה	Fem	Plur	פְּרֵידוֹת	פְּרֵידָה	1
1	נוסף	נוסף	Masc	Sing	נוֹסָף	נוֹסָף	1
1	שבילים	שביל	Masc	Plur	שְׁבִילִים	שְׁבִיל	3
1	קיבוץים	קיבוץ	Masc	Plur	קִיבּוּץִים	קִיבּוּץ	226
1	אורטופדיות	אורטופדיה	Fem	Plur	אוֹרְטוֹפֶּדִיּוֹת	אוֹרְטוֹפֶּדְיָה	1
1	נהיגת	נהיגה	Fem	Sing	נְהִיגַת	נְהִיגָה	15
2	גוש	גוש	Masc	Sing	גּוּשׁ	גּוּשׁ	2
1	תקווים	תקווה	Masc	Plur	תִּקְוִוים	תִּקְוָוה	14
1	מיעות	מיעה	Fem	Sing	מִיעוֹת	מִיעָה	2
1	שכורת	שכורה	Fem	Sing	שְׂכוֹרֶת	שְׂכוֹרָה	1
1	וח	וח	Masc	Sing	וָח	וָח	1
1	עבדת	עבדת	Fem	Sing	עָבַדְתָ	עָבַדְתָ	1
2	מרחקים	מרחק	Masc	Plur	מֶרְחַקִּים	מֶרְחָק	12
1	עירוני	עירוני	Masc	Sing	עִירוֹנִי	עִירוֹנִי	1
1	קומטר	קומטר	Masc	Sing	קוֹמֵטֶר	קוֹמֵטֶר	1
1	הבין	הבין	Masc	Plur	הֵבִין	הֵבִין	1
1	שיעמום	שעמום	Masc	Sing	שִׁיעֲמוּם	שָׁעֲמוּם	1
1	מכשיר	מכשיר	Masc	Sing	מַכְשִׁיר	מַכְשִׁיר	2
1	הדפה	הדף	Fem	Sing	הָדְפָה	הַדַּף	1
1	ירידות	ירידה	Fem	Plur	יְרִידוֹת	יְרִידָה	9
1	מעסיקים	מעסיק	Masc	Plur	מַעֲסִיקִים	מַעֲסִיק	2
1	קיבית	קיבית	Fem	Sing	קֵּיְבִּית	קֵּיְבִּית	1
1	שית	שית	Masc	Sing	שַּׁית	שַּׁית	1
1	לסת	לסת	Fem	Sing	לֶסֶת	לֶסֶת	1
1	רישוי	רישוי	Masc	Sing	רִישּׁוּי	רִישּׁוּי	1
1	כוון	כוון	Masc	Sing	כִּוּוּן	כִּוּוּן	1
1	תאוצה	תאוצה	Fem	Sing	תְּאוּצָה	תְּאוּצָה	1
1	שטיפה	שטיפה	Fem	Sing	שְׁטִיפָה	שְׁטִיפָה	1
1	מדרגש	מדרגש	Masc	Sing	מְדַרְגֵּשׁ	מְדַרְגֵּשׁ	1
1	בערים	בער	Masc	Plur	בֶּעָרִים	בָּעַר	1
1	מכורים	מכור	Masc	Plur	מְכוּרִים	מָכוּר	7
1	סוציוא	סוציוא	Masc	Sing	סוֹצְיוֹא	סוֹצְיוֹא	1
1	לעיר	לעיר	Fem	Sing	לָעִיר	לָעִיר	1
1	פרנסה	פרנסה	Fem	Sing	פַּרְנָסָה	פַּרְנָסָה	1
2	התייחסות	התייחסות	Fem	Sing	הִתְיַיחֲסוּת	הִתְיַיחֲסוּת	2
1	ממשלות	ממשלה	Fem	Plur	מֶמְשָׁלוֹת	מֶמְשָׁלָה	28
1	מיליונרים	מיליונר	Masc	Plur	מִילְיוֹנֵרִים	מִילְיוֹנֶר	2
1	התחבורה	התחבורה	Fem	Sing	הַתַּחְבּוּרָה	הַתַּחְבּוּרָה	1
3	קידום	קידום	Masc	Sing	קִידּוּם	קִידּוּם	3
1	מסחר	מסחר	Masc	Sing	מִסְחָר	מִסְחָר	1
1	נתינה	נתינה	Fem	Sing	נְתִינָה	נְתִינָה	1
1	שנוסות	שנוסה	Fem	Plur	שְׁנוּסוֹת	שְׁנוּסָה	1
1	פיגור	פיגור	Masc	Sing	פִּיגּוּר	פִּיגּוּר	1
1	עדיפות	עדיפות	Fem	Sing	עֲדִיפוּת	עֲדִיפוּת	2
1	הצרות	הצרה	Fem	Plur	הַצָּרוֹת	הַצָּרָה	2
2	אכיפה	אכיפה	Fem	Sing	אֲכִיפָה	אֲכִיפָה	2
1	גלגל	גלגל	Masc	Sing	גַּלְגַּל	גַּלְגַּל	4
2	כתובת	כתובת	Fem	Sing	כְּתוֹבֶת	כְּתוֹבֶת	2
8	נחירות	נחירות	Fem	Plur	נְחִירוֹת	נְחִירוֹת	8
8	בוז	בוז	Masc	Sing	בּוּז	בּוּז	8
1	מבעל	מבעל	Masc	Sing	מִבַּעַל	מִבַּעַל	1
17	יהלום	יהלום	Masc	Sing	יַהֲלוֹם	יַהֲלוֹם	45
10	טבעת	טבעת	Fem	Sing	טַבַּעַת	טַבַּעַת	11
5	אירוסין	אירוסין	Masc	Plur	אֵירוּסִין	אֵירוּסִין	5
1	קוד	קוד	Masc	Sing	קוֹד	קוֹד	1
1	שמנוי	שמנוי	Masc	Sing	שִׁמָּנוּי	שִׁמָּנוּי	1
3	בסיר	בסיר	Masc	Sing	בָּסִיר	בָּסִיר	3
1	גישים	גיש	Masc	Plur	גִּישִׁים	גִּישׁ	1
1	הוטפוט	הוטפוט	Masc	Sing	הוּטְפּוֹט	הוּטְפּוֹט	1
1	מעדן	מעדן	Masc	Sing	מַעְדָּן	מַעְדָּן	1
1	טיק	טיק	Masc	Sing	טִּיק	טִּיק	1
1	דוין	דוין	Masc	Sing	דָּוִין	דָּוִין	1
1	טיקטוק	טיקטוק	Masc	Sing	טִיקְטוּק	טִיקְטוּק	1
1	כנה	כן	Fem	Sing	כֵּנָה	כֵּן	1
2	סתובב	סתובב	Masc	Sing	סְתוֹבֵב	סְתוֹבֵב	2
4	בלוגר	בלוגר	Masc	Sing	בְּלוֹגֶּר	בְּלוֹגֶּר	4
1	אמי	אמי	Masc	Sing	אִמִּי	אִמִּי	1
1	עופות	עוף	Masc	Plur	עוֹפוֹת	עוֹף	2
4	שלשול	שלשול	Masc	Sing	שִׁלְשׁוּל	שִׁלְשׁוּל	4
2	קקי	קקי	Masc	Sing	קָקִי	קָקִי	2
1	סנסציה	סנסציה	Fem	Sing	סֶנְסַצְיָה	סֶנְסַצְיָה	1
1	בקני	בקן	Masc	Plur	בִּקְנֵי	בְּקֵן	1
1	צפיות	צפיות	Fem	Plur	צְּפִיּוֹת	צְּפִיּוֹת	1
1	שיתופים	שיתוף	Masc	Plur	שִׁיתּוּפִים	שִׁיתּוּף	6
2	תורים	תור	Masc	Plur	תּוֹרִים	תּוֹר	12
1	מבק	מבק	Masc	Sing	מַבָּק	מַבָּק	1
1	בפקקים	בפקק	Masc	Plur	בִּפְקָקִים	בִּפְקָק	1
1	גינות	גינות	Fem	Plur	גִּינּוֹת	גִּינּוֹת	1
1	כלוך	כלוך	Masc	Sing	כָּלוּךְ	כָּלוּךְ	1
1	הצטבר	הצטבר	Masc	Sing	הִצְטַבֵּר	הִצְטַבֵּר	1
4	תלונה	תלונה	Fem	Sing	תְּלוּנָה	תְּלוּנָה	7
1	פיצויים	פיצוי	Masc	Plur	פִּיצּוּיִים	פִּיצּוּי	3
1	חניונים	חניון	Masc	Plur	חַנְיוֹנִים	חַנְּיוֹן	1
1	שכחות	שכחה	Fem	Plur	שְׁכָחוֹת	שָׁכְחָה	1
1	חינות	חינות	Fem	Plur	חִינּוֹת	חִינּוֹת	1
1	פרגן	פרגן	Masc	Sing	פַּרְגָּן	פַּרְגָּן	1
1	גמולוגים	גמולוג	Masc	Plur	גֵּמוֹלוֹגִים	גֵּמוֹלוֹג	1
1	טבעות	טבעת	Fem	Plur	טַבָּעוֹת	טַבַּעַת	11
3	אסטרטגיה	אסטרטגיה	Fem	Sing	אַסְטְרָטֶגְיָה	אַסְטְרָטֶגְיָה	3
1	למסע	למסע	Masc	Sing	לְמַסָּע	לְמַסָּע	1
1	מבעיות	מבעיה	Fem	Plur	מַבְעָיוֹת	מִבְּעָיָה	1
1	אתיות	את	Fem	Plur	אֵתִיּוֹת	אַתְ	1
2	יהלומי	יהלום	Masc	Plur	יַהֲלוֹמִי	יַהֲלוֹם	45
2	דמים	דם	Masc	Plur	דָּמִים	דָּם	12
1	מימון	מימון	Masc	Sing	מִימּוּן	מִימּוּן	1
1	פשיעה	פשיעה	Fem	Sing	פְּשִׁיעָה	פְּשִׁיעָה	1
1	מנגנונים	מנגנון	Masc	Plur	מַנְגְּנוֹנִים	מַנְגָּנוֹן	1
1	סוחר	סוחר	Masc	Sing	סוֹחֵר	סוֹחֵר	2
2	מכרה	מכרה	Fem	Sing	מָכְרָה	מָכְרָה	8
1	עת	עת	Fem	Sing	עֵת	עֵת	1
2	חפיר	חפיר	Masc	Sing	חָפִיר	חָפִיר	2
1	דלי	דל	Masc	Plur	דְּלִי	דַּל	1
2	מסננת	מסננת	Fem	Sing	מְסַנֶֶנֶת	מְסַנֶֶנֶת	2
1	קרת	קרה	Masc	Sing	קֶרֶת	קָּרָה	1
1	ימור	ימור	Masc	Sing	יָמוּר	יָמוּר	1
1	ניצנוץ	ניצנוץ	Masc	Sing	נִיצְנוּץ	נִיצְנוּץ	1
1	ברכיים	ברכיים	Fem	Plur	בִּרְכַּיִים	בִּרְכַּיִים	1
1	חתה	חתה	Fem	Sing	חָתָה	חָתָה	1
1	אתיקה	אתיקה	Fem	Sing	אֵתִיקָה	אֵתִיקָה	1
1	חסף	חסף	Masc	Sing	חָסָף	חָסָף	1
1	קרוס	קרוס	Masc	Sing	קָּרוּס	קָּרוּס	1
1	ראשונים	ראשונים	Masc	Plur	רִאשׁוֹנִים	רִאשׁוֹנִים	1
1	יוונים	יווני	Masc	Plur	יְוָונִים	יְוָונִי	1
1	לברכות	לברכה	Fem	Plur	לִבְרָכוֹת	לִבְרָכָה	1
2	אקרוס	אקרוס	Masc	Sing	אֶקְרוֹס	אֶקְרוֹס	2
6	אונס	אונס	Masc	Sing	אוֹנֶס	אוֹנֶס	6
1	תחקירים	תחקיר	Masc	Plur	תַּחְקִירִים	תַּחְקִיר	1
1	טשטוש	טשטוש	Masc	Sing	טִשְׁטוּשׁ	טִשְׁטוּשׁ	1
1	חכוח	חכוח	Masc	Sing	חָכוּחַ	חָכוּחַ	1
3	צו	צו	Masc	Sing	צַּו	צַּו	3
2	תוקף	תוקף	Masc	Sing	תּוֹקֶף	תּוֹקֶף	2
1	הצו	הצו	Masc	Sing	הַצַּו	הַצַּו	1
1	רמזים	רמז	Masc	Plur	רְמָזִים	רֶמֶז	3
1	עונס	עונס	Masc	Sing	עוֹנֶס	עוֹנֶס	1
3	חשודים	חשוד	Masc	Plur	חֲשׁוּדִים	חָשׁוּד	13
1	מתלוננות	מתלוננות	Fem	Plur	מִתְלוֹנְנוֹת	מִתְלוֹנְנוֹת	1
1	קריינות	קריינות	Fem	Sing	קַרְיָינוֹת	קַרְיָינוֹת	1
1	מיקרופון	מיקרופון	Masc	Sing	מַיְקְרוֹפוֹן	מַיְקְרוֹפוֹן	2
1	ויבים	ויב	Masc	Plur	וַיָּבִים	וַיָּב	1
24	אומנויות	אומנות	Fem	Plur	אוֹמָּנוּיוֹת	אוֹמָּנוּת	39
1	טובים	טוב	Masc	Plur	טוֹבִים	טוֹב	6
2	איגרוף	אגרוף	Masc	Sing	אִיגְרוּף	אִגְרוּף	3
1	הקמה	הקמה	Fem	Sing	הֲקָמָה	הֲקָמָה	3
1	טופ	טוף	Masc	Sing	טוֹפּ	טוּף	2
2	זדמנות	זדמנות	Fem	Sing	זִדְמָנוּת	זִדְמָנוּת	4
2	מתאמן	מתאמן	Masc	Sing	מִתְאַמֵּן	מִתְאַמֵּן	2
1	אומנוות	אומנות	Fem	Plur	אוּמַּנְוָות	אוֹמָּנוּת	39
2	חימה	חימה	Fem	Sing	חֵימָה	חֵימָה	3
3	עיסוק	עיסוק	Masc	Sing	עִיסּוּק	עִיסּוּק	4
1	אומניות	אומנית	Fem	Plur	אוֹמָנִיּוֹת	אוּמָּנִית	1
1	ספקטרום	ספקטרום	Masc	Sing	סְפֶּקְטְרוֹם	סְפֶּקְטְרוֹם	1
1	התחביב	התחביב	Masc	Sing	הַתַּחְבִּיב	הַתַּחְבִּיב	1
1	ליבת	ליבה	Fem	Sing	לִיבַּת	לִיבָּה	3
1	בפן	בפן	Masc	Sing	בְּפָן	בְּפָן	1
1	תהליכי	תהליך	Masc	Plur	תַּהֲלִיכִי	תַּהֲלִיךְ	37
1	קניית	קנייה	Fem	Sing	קְנִיַּית	קְנִיָּיה	21
1	מימנויות	מימנות	Fem	Plur	מֵימָנוּיוֹת	מְיֻמָּנוֹת	1
2	ממנויות	ממנות	Fem	Plur	מִמָּנוּיוֹת	מִמָּנוֹת	2
1	אוריינטציה	אוריינטציה	Fem	Sing	אוּרְיֶינְטַצְיָה	אוּרְיֶינְטַצְיָה	1
1	יסות	יסות	Masc	Sing	יָסוּת	יָסוּת	1
1	פרוברים	פרובר	Masc	Plur	פְּרוֹבֵרִים	פְּרוֹבֶר	1
1	בריונות	בריונות	Fem	Sing	בִּרְיוֹנוֹת	בִּרְיוֹנוֹת	1
1	נפש	נפש	Fem	Sing	נֶפֶשׁ	נֶפֶשׁ	3
1	לילדית	לילדית	Fem	Sing	לִילָדִית	לִילָדִית	1
1	יומנויות	יומנות	Fem	Plur	יוֹמָנוּיוֹת	יוֹמָנוּת	1
3	מודלים	מודל	Masc	Plur	מוֹדֵלִים	מוֹדֵל	6
1	גבריות	גברית	Fem	Sing	גַּבְרִיּוּת	גַּבְרִית	1
1	תחביב	תחביב	Masc	Sing	תַּחְבִּיב	תַּחְבִּיב	1
1	נהרות	נהר	Masc	Plur	נְהָרוֹת	נָּהָר	6
1	בגרות	בגרות	Fem	Sing	בַּגְרוּת	בַּגְרוּת	1
1	חטיבה	חטיבה	Fem	Sing	חֲטִיבָה	חֲטִיבָה	2
3	מכון	מכון	Masc	Sing	מָכוֹן	מָכוֹן	3
4	מתאמנים	התאמן	Masc	Plur	מִתְאַמְּנִים	הִתְאַמֵּן	4
1	זרועות	זרוע	Fem	Plur	זְּרוֹעוֹת	זְרוֹעַ	1
1	פרטי	פרט	Masc	Plur	פְּרָטִי	פְּרָט	22
2	חניכים	חניך	Masc	Plur	חֲנִיכִים	חָנִיךְ	2
2	הכשרה	הכשרה	Fem	Sing	הַכְּשָׁרָה	הַכְּשָׁרָה	2
1	משובים	משוב	Masc	Plur	מַשׁוּבִים	מָשׁוּב	2
1	מתלמיד	מתלמיד	Masc	Sing	מַתְַלְמִיד	מַתְַלְמִיד	1
1	מסוגלות	מסוגל	Fem	Sing	מְסוּגָּלוֹת	מְסוּגָּל	1
1	פחוטי	פחוט	Masc	Plur	פְּחוּטִי	פָּחוּט	1
7	נוחות	נוחות	Fem	Sing	נוֹחוּת	נוֹחוּת	7
1	מועדונים	מועדון	Masc	Plur	מוֹעֲדוֹנִים	מוֹעֲדוֹן	16
2	מצפן	מצפן	Masc	Sing	מַצְפֵּן	מַצְפֵּן	2
1	מיומנויות	מיומנות	Fem	Plur	מְיוּמָּנוּיוֹת	מְיוּמָּנוּת	2
2	הוויה	הוויה	Fem	Sing	הֲוָויָה	הֲוָויָה	2
1	מאמנים	מאמן	Masc	Plur	מְאַמְּנִים	מְאַמֵּן	12
1	סביבת	סביבה	Fem	Sing	סְבִיבַת	סְבִיבָה	19
1	אומויות	אומות	Fem	Plur	אוּמּוּיוֹת	אוּמּוֹת	1
2	קרטה	קרטה	Fem	Sing	קָּרְטָה	קָּרְטָה	2
1	אגרוף	אגרוף	Masc	Sing	אִגְרוּף	אִגְרוּף	3
1	העלמות	היעלמות	Fem	Sing	הָעֲלָמוֹת	הֵיעָלְמוּת	1
1	סבירות	סבירות	Fem	Sing	סְבִירוּת	סְבִירוּת	1
1	עט	עט	Masc	Sing	עֵט	עֵט	1
1	אטריביוט	אטריביוט	Masc	Sing	אַטְרִיבְיוֹט	אַטְרִיבְיוֹט	1
1	מסורתיות	מסורתי	Fem	Sing	מָסוֹרְתִּיּוֹת	מָסוֹרְתִּי	1
1	הזדקה	הזדקה	Fem	Sing	הִזְדַּקָה	הִזְדַּקָה	1
2	אספקט	אספקט	Masc	Sing	אַסְפֵּקְט	אַסְפֵּקְט	2
1	הישגי	הישג	Masc	Sing	הֶישֵּׂגִי	הֶישֵּׂג	2
1	הסכות	הסכה	Masc	Plur	הַסַּכוֹת	הַסֵּכָה	1
1	דד	דד	Masc	Sing	דָּד	דָּד	1
1	חוכמת	חוכמה	Fem	Sing	חוֹכֶמֶת	חוֹכְמָה	2
1	חכם	חכם	Masc	Sing	חָכָם	חָכָם	3
2	MMA	MMA	Masc	Sing	MMA	MMA	2
1	לענף	לענף	Masc	Sing	לֶעָנָף	לֶעָנָף	1
2	פציעות	פציעה	Fem	Plur	פְּצִיעוֹת	פְּצִיעָה	2
1	שחיקה	שחיקה	Fem	Sing	שְׁחִיקָה	שְׁחִיקָה	1
1	שחמת	שחמה	Fem	Sing	שְַׁחֶמֶת	שֶׂחָמָה	1
1	קצוות	קצה	Masc	Plur	קְצוֹוֹת	קָצֶה	5
1	קרבות	קרב	Masc	Plur	קְרָבוֹת	קְרָב	8
1	אma	אma	Masc	Sing	אma	אma	1
1	יפורמנס	יפורמנס	Masc	Sing	יְפוֹרְמַנְס	יְפוֹרְמַנְס	1
1	מיומנוות	מיומנות	Fem	Plur	מְיוּמַּנְוָות	מְיוּמָּנוּת	2
1	סיסיות	סיסייה	Fem	Sing	סִּיסִיּוֹת	סִּיסִיָּיה	1
2	שליות	שלייה	Fem	Sing	שְׁלָיוֹת	שְׁלִיָּיה	2
1	פציות	פצייה	Fem	Plur	פְּצִיּוֹת	פְּצִיָּיה	1
2	תוספי	תוסף	Masc	Plur	תּוֹסְפִי	תּוֹסַף	2
1	ביגוד	ביגוד	Masc	Sing	בִּיגּוּד	בִּיגּוּד	1
2	שעשועים	שעשוע	Masc	Plur	שְַׁעֲשׁוּעִים	שַׁעֲשׁוּעַ	2
1	אקססורies	אקססורies	Masc	Sing	אֶקְסְסוֹרies	אֶקְסְסוֹרies	1
1	מחקרי	מחקר	Masc	Plur	מֶחְקָרִי	מֶחְקָר	14
1	מניעת	מניעה	Fem	Sing	מְנִיעַת	מְנִיעָה	2
1	התאוששות	התאוששות	Fem	Sing	הִתְאוֹשְׁשׁוּת	הִתְאוֹשְׁשׁוּת	1
1	מוחות	מוח	Fem	Plur	מוֹחוֹת	מוֹחַ	4
1	בעיית	בעיה	Fem	Sing	בְּעָיַית	בְּעָיָה	143
1	סרטן	סרטן	Masc	Sing	סַרְטָן	סַרְטָן	1
1	קזינו	קזינו	Masc	Sing	קָזִינוֹ	קָזִינוֹ	1
1	כובעים	כובע	Masc	Plur	כּוֹבָעִים	כּוֹבַע	6
1	ריכוך	ריכוך	Masc	Sing	רִיכּוּךְ	רִיכּוּךְ	1
1	חיכוך	חיכוך	Masc	Sing	חִיכּוּךְ	חִיכּוּךְ	2
1	סטריליות	סטרילי	Fem	Sing	סְטֵרִילִיּוֹת	סְטְרִילִי	1
1	הרצפה	הרצפה	Fem	Sing	הָרִצְפָּה	הָרִצְפָּה	1
1	ג'נדה	ג'נדה	Fem	Sing	גֶ'נְדָּה	גֶ'נְדָּה	1
1	התנסות	התנסות	Fem	Sing	הִתְנַסּוּת	הִתְנַסּוּת	1
1	החיה	החיה	Fem	Sing	הֶחָיָה	הֶחָיָה	1
2	זרע	זרע	Masc	Sing	זֶּרַע	זֶּרַע	3
2	סבל	סבל	Masc	Sing	סֵּבֶל	סֵּבֶל	2
1	כהורים	כהור	Masc	Plur	כְּהוֹרִים	כָּהוֹר	1
1	הורות	הורה	Fem	Sing	הוֹרוּת	הוֹרָה	79
1	מסבחה	מסבחה	Fem	Sing	מִסְבָּחָה	מִסְבָּחָה	1
1	דודות	דוד	Fem	Plur	דָּוִדוֹת	דָּוִד	13
1	דיכאון	דיכאון	Masc	Sing	דִּיכָּאוֹן	דִּיכָּאוֹן	2
1	בדידות	בדידות	Fem	Sing	בְּדִידוּת	בְּדִידוּת	1
1	חרדה	חרדה	Fem	Sing	חֲרָדָה	חֲרָדָה	3
1	גדרה	גדרה	Fem	Sing	גְּדֵרָה	גְּדֵרָה	1
1	תפיסת	תפיסה	Fem	Sing	תְּפִיסַת	תְּפִיסָה	9
1	רדוקציה	רדוקציה	Fem	Sing	רֵדוֹקַצְיָה	רֵדוֹקַצְיָה	1
1	אינדיבידואליות	אינדיבידואליות	Fem	Sing	אִינְדִּיבִידוּאָלִיּוּת	אִינְדִּיבִידוּאָלִיּוּת	1
1	גופניות	גופניות	Fem	Sing	גּוּפָנִיּוֹת	גּוּפָנִיּוֹת	1
7	אולטרה	אולטרה	Fem	Sing	אוֹלְטְרָה	אוֹלְטְרָה	7
1	השחטת	השחטה	Fem	Sing	הַשְׁחָטַת	הַשְׁחָטָה	1
1	שרבנים	שרבן	Masc	Plur	שַׁרְבָּנִים	שַׁרְבָּן	1
1	סוויץ	סוויץ	Masc	Sing	סְוִויץ	סְוִויץ	1
1	זונל	זונל	Masc	Sing	זוֹנֵל	זוֹנֵל	1
1	קבלי	קבל	Masc	Plur	קַבְּלִי	קַבֵּל	2
1	פורצי	פורץ	Masc	Plur	פּוֹרְצִי	פּוֹרְץ	1
1	סדק	סדק	Masc	Sing	סֶּדֶק	סֶּדֶק	1
1	הלחימה	הלחימה	Fem	Sing	הַלְּחִימָה	הַלְּחִימָה	1
1	מטפורה	מטפורה	Fem	Sing	מַטְפּוֹרָה	מַטְפּוֹרָה	1
1	נרטיב	נרטיב	Masc	Sing	נַרְטִיב	נַרְטִיב	1
1	סיסית	סיסית	Fem	Sing	סִּיסִית	סִּיסִית	1
1	תפעורות	תפעורה	Fem	Plur	תִּפְעוּרוֹת	תִּפְעוּרָה	1
1	דתות	דת	Fem	Plur	דָּתוֹת	דָּת	8
1	לימבי	לימבי	Masc	Sing	לִימְבִּי	לִימְבִּי	1
1	כדורסל	כדורסל	Masc	Sing	כַּדוּרְסַל	כַּדוּרְסַל	1
1	התגברות	התגברות	Fem	Sing	הִתְגַּבְרוּת	הִתְגַּבְרוּת	1
2	תרגל	תרגל	Masc	Sing	תִּרְגֵּל	תִּרְגֵּל	2
1	חוסרנו	חוסרנו	Fem	Sing	חוֹסַרְנוּ	חוֹסַרְנוּ	1
1	גדילה	גדילה	Fem	Sing	גְּדִילָה	גְּדִילָה	1
1	למידת	למידה	Fem	Sing	לְמִידַת	לְמִידָה	5
1	צפה	צפה	Masc	Sing	צָּפָה	צָּפָה	2
1	אלוף	אלוף	Masc	Sing	אַלוּף	אַלוּף	3
10	לל	לל	Masc	Sing	לֵל	לֵל	10
1	חגורות	חגורה	Fem	Plur	חֲגוֹרוֹת	חֲגוֹרָה	1
1	מותרות	מותרות	Fem	Plur	מוּתָּרוֹת	מוּתָּרוֹת	1
2	וועדה	ועדה	Fem	Sing	וַועֲדָה	וַעֲדָה	6
1	העלייה	העלייה	Fem	Sing	הָעֲלִיָּיה	הָעֲלִיָּיה	1
1	לדמות	לדמה	Fem	Sing	לִדְמוּת	לְדָּמָה	1
1	מועמד	מועמד	Masc	Sing	מוּעֲמָד	מוּעֲמָד	2
1	תוספה	תוספה	Fem	Sing	תּוֹסָפָה	תּוֹסָפָה	1
1	זנב	זנב	Masc	Sing	זָּנָב	זָּנָב	1
1	השראת	השראה	Fem	Sing	הַשְׁרָאַת	הַשְׁרָאָה	4
1	פסוק	פסוק	Masc	Sing	פָּסוּק	פָּסוּק	1
1	משובתי	משוב	Masc	Sing	מְשׁוּבָתִי	מָשׁוּב	2
1	לטיסת	לטיסה	Fem	Sing	לְטִיסַת	לְטִיסָה	1
1	קברנית	קברני	Fem	Sing	קַבַּרְנִית	קַבְרָנִי	1
1	טיסת	טיסה	Fem	Sing	טִּיסַת	טִּיסָה	71
1	בכורה	בכורה	Fem	Sing	בְּכוֹרָה	בְּכוֹרָה	1
1	עודפי	עודף	Masc	Plur	עוֹדְפִי	עוֹדֶף	1
1	הובלת	הובלה	Fem	Sing	הוֹבָלַת	הוֹבָלָה	1
1	דיפלומטים	דיפלומט	Masc	Plur	דִּיפְּלוֹמָטִים	דִּיפְלוֹמָט	1
1	נהלים	נוהל	Masc	Plur	נְהָלִים	נוֹהֵל	1
1	דיים	דיים	Masc	Plur	דַּיִים	דַּיִים	1
1	מטיסה	מטיסה	Fem	Sing	מְטִיסָה	מְטִיסָה	1
1	קסמים	קסם	Masc	Plur	קְסָמִים	קֶסֶם	6
1	הקומנדו	הקומנדו	Masc	Sing	הַקּוֹמֶנְדּוֹ	הַקּוֹמֶנְדּוֹ	1
2	למטוס	למטוס	Masc	Sing	לַמָּטוֹס	לַמָּטוֹס	2
1	פירוק	פירוק	Masc	Sing	פֵּיְרוּק	פֵּיְרוּק	1
1	עיקופים	עיקוף	Masc	Plur	עִיקּוּפִים	עִיקּוּף	1
1	איסורי	איסור	Masc	Plur	אִיסּוּרִי	אִיסּוּר	11
1	לים	לים	Masc	Sing	לַיָּם	לַיָּם	1
1	מג	מג	Masc	Sing	מַג	מַג	1
1	פושע	פושע	Masc	Sing	פּוֹשֵּׁע	פּוֹשֵּׁע	1
1	הלאת	הלאה	Fem	Sing	הָלְאַת	הָלְאָה	1
1	העלת	העלה	Fem	Sing	הֶעָלַת	הֶעֱלָה	1
1	פיגוע	פיגוע	Masc	Sing	פִּיגּוּעַ	פִּיגּוּעַ	3
2	חטיפת	חטיפה	Fem	Sing	חֲטִיפַת	חֲטִיפָה	5
1	כיבני	כיבן	Masc	Plur	כִּיבְּנִי	כִּיבָּן	1
1	רובה	רובה	Fem	Sing	רוֹבֶה	רוֹבֶה	4
1	פיצוץ	פיצוץ	Masc	Sing	פִּיצוּץ	פִּיצוּץ	3
3	רפורמת	רפורמה	Fem	Sing	רֵפוֹרְמֶת	רֵפוֹרְמָה	3
1	הגבלות	הגבלה	Fem	Plur	הַגְּבָלוֹת	הַגְּבָלָה	3
1	הפסטה	הפסטה	Fem	Sing	הַפַּסָּטָה	הַפַּסָּטָה	1
1	מסלולי	מסלול	Masc	Plur	מַסְלוּלִי	מַסְלוּל	9
1	שבתות	שבת	Fem	Plur	שְַׁבָּתוֹת	שַּׁבָּת	2
1	פסד	פסד	Masc	Sing	פֶּסֶד	פֶּסֶד	1
1	שירותי	שירות	Masc	Plur	שֵׁירוּתִי	שֵּׁירוּת	46
1	עובדן	עובדן	Masc	Sing	עוֹבְדָן	עוֹבְדָן	1
1	הפסדים	הפסד	Masc	Plur	הֶפְסֵדִים	הֶפְסֵד	3
1	גולגלים	גולגל	Masc	Plur	גּוּלְגַּלִּים	גּוּלְגַּל	1
1	חילונים	חילון	Masc	Plur	חִילּוֹנִים	חִילּוֹן	1
1	תאופה	תאופה	Fem	Sing	תְּאוּפָה	תְּאוּפָה	1
1	איומי	איום	Masc	Plur	אִיּוּמִי	אִיּוּם	9
2	מערך	מערך	Masc	Sing	מַעֲרָךְ	מַעֲרָךְ	6
1	מאבותחים	מאבותח	Masc	Plur	מַאֲבוֹתָחִים	מֵאֲבוֹתָח	2
1	עיכובים	עיכוב	Masc	Plur	עִיכּוּבִים	עִיכּוּב	2
1	זרות	זרות	Fem	Plur	זָּרוֹת	זָּרוֹת	1
1	משק	משק	Masc	Sing	מֶשֶׁק	מֶשֶׁק	1
1	כטייסי	כטייס	Masc	Plur	כְּטַיְיסִי	כְּטַיָּיס	1
1	דיילים	דייל	Masc	Plur	דַּיָּילִים	דַּיְּיל	5
1	טולי	טולה	Masc	Plur	טוּלִי	טוֹלָה	2
1	ציגה	ציגה	Fem	Sing	צִּיגָה	צִּיגָה	1
1	רווחים	רווח	Masc	Plur	רְוָוחִים	רֶוַוח	3
1	תולדותי	תולדה	Fem	Plur	תּוֹלְדוֹתַי	תּוֹלָדָה	1
1	רגש	רגש	Masc	Sing	רֶגֶשׁ	רֶגֶשׁ	7
1	כמהים	כמה	Masc	Plur	כְּמֵהִים	כַּמָּה	1
1	טוסט	טוסט	Masc	Sing	טוֹסְט	טוֹסְט	2
1	הקלישה	הקלישה	Fem	Sing	הַקְּלִישָׁה	הַקְּלִישָׁה	1