formOccurrences	form	lemma	HebBinyan	VerbForm	Person	Number	Gender	form_niqqud	lemma_niqqud	lemmaCount
43	מאזינים	מאזין	PIEL	Part	3	Plur	Masc	מַאֲזִינִים	מַאֲזִין	43
1	מציג	הציג	HIFIL	Part	3	Sing	Masc	מַצִּיג	הִצִּיג	9
27	לפשוט	פשט	PAAL	Inf				לִפְשׁוֹט	פָּשְַׁט	27
9	חי	חי	PAAL	Part	3	Sing	Masc	חַי	חַי	62
1	אתחיל	התחיל	HIFIL		1	Sing	Masc	אַתְחִיל	הִתְחִיל	351
4	מתרגש	התרגש	HITPAEL	Part	1,2,3	Sing	Masc	מִתְרַגֵּשׁ	הִתְרַגֵּשׁ	18
1	מקליט	הקליט	PIEL	Part	1	Sing	Masc	מַקְלִיט	הַקְּלִיט	9
99	עושה	עשה	PAAL	Part	3	Sing	Masc	עוֹשֶׂה	עָשָׂה	760
208	אין	אין						אֵין	אֵין	208
13	עומד	עמד	PAAL	Part	1	Sing	Masc	עוֹמֵד	עָמַד	86
3	מקשיב	הקשיב	HIFIL	Part	3	Sing	Masc	מַקְשִׁיב	הִקְשִׁיב	50
11	עומדים	עמד	PAAL	Part	3	Plur	Masc	עוֹמְדִים	עָמַד	86
3	תקבלו	קיבל	HIFIL		1	Plur	Masc	תְּקַבְּלוּ	קִיבֵּל	245
3	מיועד	יועד	PUAL	Part	3	Sing	Masc	מְיוֹעָד	יוֹעֵד	5
16	הגעתי	הגיע	HIFIL		1	Sing	Masc	הִגַּעְתִּי	הִגִּיעַ	464
29	התחלתי	התחיל	HIFIL		1	Sing	Masc	הִתְחַלְתִּי	הִתְחִיל	351
96	ללמוד	למד	PAAL	Inf				לִלְמוֹד	לָמַד	143
5	חיפשתי	חיפש	PIEL		1	Sing	Masc	חִיפַּשְׂתִּי	חִיפֵּשׂ	60
11	לשפר	שיפר	PIEL	Inf				לְשְַׁפֵּר	שִׁיפָּר	15
2	הורדתי	הוריד	HIFIL		1	Sing	Masc	הוֹרַדְתִּי	הוֹרִיד	44
3	לקחתי	לקח	PAAL		1	Sing	Masc	לָקַחְתִי	לֶקַח	156
77	לראות	ראה	PAAL	Inf				לִרְאוֹת	רָאָה	268
3	השתמשתי	השתמש	HITPAEL		1	Sing	Masc	הִשְׁתַּמַּשְׁתִּי	הִשְׁתַמֵּשׁ	84
8	רגשתי	רגש	PAAL		1	Sing	Masc	רָגַשְׁתִּי	רֶגֶשׁ	8
2	חסר	חסר	PAAL		3	Sing	Masc	חָסֵר	חָסֵר	5
1	מציתי	מצא	PIEL		1	Plur	Masc	מַצִּיתִי	מָצָא	125
2	נעשו	נעשה	NIFAL		3	Plur	Masc	נַעֲשׂוּ	נַעֲשָׂה	23
21	מצליח	הצליח	HIFIL	Part	1,2,3	Sing	Masc	מַצְלִיחַ	הִצְלִיחַ	128
1	לקלוט	קלט	PAAL	Inf				לִקְלוֹט	קֶלֶט	11
8	מצאתי	מצא	PAAL		1	Sing	Masc	מָצָאתִי	מָצָא	125
2	בורח	ברח	PAAL	Part	3	Sing	Masc	בּוֹרֵחַ	בָּרַח	17
12	דיברו	דיבר	PIEL		3	Plur	Masc	דִּיבְּרוּ	דִּיבֵּר	359
10	השתמשו	השתמש	HITPAEL		3	Plur	Fem,Masc	הִשְׁתַמְּשׁוּ	הִשְׁתַמֵּשׁ	84
12	הכרתי	הכיר	PIEL		1	Sing	Masc	הִכַּרְתִּי	הִכִּיר	141
3	נתקלתי	נתקל	NIFAL		1	Sing	Masc	נִתְקַלְתִּי	נִתְקַל	8
64	מדברים	דיבר	PIEL	Part	1	Plur	Masc	מְדַבְּרִים	דִּיבֵּר	359
19	יצאו	יצא			3	Plur	Fem,Masc	יָצְאוּ	יָצָא	241
9	ללמד	לימד	PIEL	Inf				לְלַמֵּד	לִימֵּד	29
24	שומעים	שמע	PAAL	Part	2	Plur	Masc	שׁוֹמְעִים	שָׁמַע	173
1	אימצתי	אימץ	PIEL		1	Sing	Masc	אִימַּצְתִּי	אִימָּץ	1
8	הבנתי	הבין	HIFIL		1	Sing	Masc	הֵבַנְתִּי	הֵבִין	159
24	אמרו	אמר	PAAL		3	Plur	Masc	אָמְרוּ	אָמַר	997
1	קלטתי	קלט	PAAL		1	Sing	Masc	קָלַטְתִּי	קֶלֶט	11
69	בא	בא	PAAL		3	Sing	Masc	בָּא	בָּא	264
32	עברו	עבר			3	Plur	Fem,Masc	עָבְרוּ	עָבַר	261
40	עבר	עבר			3	Sing	Masc	עָבַר	עָבַר	261
8	נולדה	נולד	NIFAL		3	Sing	Fem	נוֹלְדָה	נוֹלַד	29
6	עברתי	עבר	PAAL		1	Sing	Masc	עָבַרְתִּי	עָבַר	261
3	הפסקתי	הפסיק	HIFIL		1	Sing	Masc	הִפְסַקְתִּי	הִפְסִיק	42
2	שוכחתי	שכח	PAAL		1	Sing	Masc	שׁוֹכַחְתִּי	שָׁכַח	17
10	שחי	שחי	PAAL		3	Sing	Masc	שֶׁחַי	שֶׁחַי	10
1	נסבה	נסב	NIFAL		3	Sing	Fem	נְסִבָּה	נָסָב	1
62	אמר	אמר	PAAL		3	Sing	Masc	אָמַר	אָמַר	997
1	דעתך	דעתך	PAAL		2	Sing	Fem	דַּעְתְּךָ	דַּעְתְּךָ	1
320	לעשות	עשה	PAAL	Inf				לַעֲשׂוֹת	עָשָׂה	760
44	התחילו	התחיל	HIFIL		3	Plur	Masc	הִתְחִילוּ	הִתְחִיל	351
11	להעלות	העלה	HIFIL	Inf				לְהַעֲלוֹת	הֶעֱלָה	27
23	גר	גר	PAAL	Part	2	Sing	Masc	גָּר	גָּר	91
232	רוצה	רצה	PAAL	Part	1	Sing	Masc	רוֹצֶה	רָצָה	467
1140	יש	יש						יֵשׁ	יֵשׁ	1153
9	שאין	שאין						שֶׁאֵין	שֶׁאֵין	9
1	ילמד	למד	PAAL		3	Sing	Masc	יִלְמַד	לָמַד	143
4	מלמדים	לימד	PIEL	Part	3	Plur	Masc	מְלַמְדִים	לִימֵּד	29
97	היה	היה	PAAL		3	Sing	Masc	הָיָה	הָיָה	350
53	לומר	אמר	PAAL	Inf				לוֹמַר	אָמַר	997
1	שיכרתי	שיכר	PAAL		1	Sing	Masc	שִׁיכַּרְתִּי	שִׁיכָּר	1
35	אמרתי	אמר	PAAL		1	Sing	Masc	אָמַרְתִּי	אָמַר	997
1	אבדוק	בדק	HIFIL		1	Sing	Masc	אֶבְדּוֹק	בָּדַק	52
6	חזרתי	חזר	PAAL		1	Sing	Masc	חָזַרְתִּי	חָזַר	175
14	אעשה	עשה	PAAL		1	Sing	Masc	אֶעֱשֶׂה	עָשָׂה	760
39	עשו	עשה	PAAL		3	Plur	Masc	עָשׂוּ	עָשָׂה	760
12	עזר	עזר	PAAL		3	Sing	Masc	עֵזֶר	עֵזֶר	160
1	יעבוד	עבד	PAAL		3	Sing	Masc	יַעֲבוֹד	עָבַד	226
17	עלו	עלה	PAAL		3	Plur	Masc	עָלוּ	עָלָה	147
2	דוברים	דובר	PAAL	Part	3	Plur	Masc	דּוֹבְרִים	דּוֹבֵּר	49
1	לצטט	ציטט	PIEL	Inf				לְצַטֵּט	צִּיטֵּט	1
38	לקרוא	קרא	PAAL	Inf				לִקְרוֹא	קָרָא	113
1	שרוצה	שרץ	PAAL	Part	3	Sing	Masc	שֶׁרוֹצֶה	שֶׁרֶץ	18
52	לשמוע	שמע	PAAL	Inf				לִשְׁמוֹעַ	שָׁמַע	173
23	מעניין	עניין	PIEL	Part	1,2,3	Sing	Masc	מְעַנְיֵין	עִנְיָין	31
45	עוזר	עזר	PAAL	Part	3	Sing	Masc	עוֹזֵר	עֵזֶר	160
1	לכם	לכם	PAAL		2	Plur		לָכֶם	לָכֶם	1
76	הולך	הלך	PAAL	Part	3	Sing	Masc	הוֹלֵךְ	הָלַךְ	266
67	נדבר	נדבר	HIFIL		1	Plur	Masc	נְדַבֵּר	נְדַבֵּר	67
5	נספר	נספר	NIFAL		1	Plur	Masc	נְסַפֵּר	נְסַפֵּר	6
1	נסוכח	סוכח	NIFAL		3	Sing	Masc	נְסוּכַּח	סוֹכֵחַ	1
4	נעסוק	עסק	NIFAL		1	Plur	Masc	נֶעֱסוֹק	עֵסֶק	36
1	נושאים	נשא	PAAL	Part	1,2,3	Plur	Masc	נוֹשְׂאִים	נָשָׂא	3
48	רואים	ראה	PAAL	Part	3	Plur	Masc	רוֹאִים	רָאָה	268
1	יכיל	הכיל	HIFIL		3	Sing	Masc	יָכִיל	הֵכִיל	6
24	להעביר	העביר	HIFIL	Inf				לְהַעֲבִיר	הֶעֱבִיר	40
2	מחייבת	חייב	PIEL	Part	1,2,3	Sing	Fem	מְחַיֶּיבֶת	חַיָּיב	5
4	להזין	הזין	HIFIL	Inf				לְהָזִין	הֵזִין	4
2	תרצו	רצה	HIFIL		1	Plur	Masc	תִּרְצוּ	רָצָה	467
2	שוטפים	שוטף	PAAL	Part	3	Plur	Masc	שׁוֹטְפִים	שׁוֹטֵף	2
133	עושים	עשה	PAAL	Part	3	Plur	Masc	עוֹשִׂים	עָשָׂה	760
28	יוצאים	יצא	PAAL	Part	3	Plur	Masc	יוֹצְאִים	יָצָא	241
1	תרגישו	הרגיש	HIFIL		3	Plur	Masc	תַּרְגִּישׁוּ	הִרְגִּישׁ	148
19	לומדים	למד	PAAL	Part	1	Plur	Masc	לוֹמְדִים	לָמַד	143
1	תהנו	הנה	HITPAEL		3	Plur	Masc	תֵּהָנוּ	הִנֵּה	9
14	עלה	עלה	PAAL		3	Sing	Masc	עָלָה	עָלָה	147
1	יענן	נענן	HIFIL		3	Sing	Masc	יַעֲנָן	נַעֲנָן	1
2	יגרום	גרם	HIFIL		3	Sing	Masc	יִגְרוֹם	גָּרַם	107
16	להקשיב	הקשיב	HIFIL	Inf				לְהַקְשִׁיב	הִקְשִׁיב	50
1	תשפרו	שיפר	PAAL		3	Plur	Masc	תִּשְׁפְּרוּ	שִׁיפָּר	15
1	להבטיח	הבטיח	HIFIL	Inf				לְהַבְּטִיחַ	הִבְטִיחַ	18
8	יעלה	עלה	PAAL		3	Sing	Masc	יַעֲלֶה	עָלָה	147
4	מפחד	פחד	PIEL	Part	1	Sing	Masc	מְפַחֵד	פַּחַד	16
1	להתחיב	התחיב	HITPAEL	Inf				לְהַתְחִיב	הִתְחִיב	1
14	מציע	הציע	HIFIL	Part	2	Sing	Masc	מַצִּיעַ	הִצִּיעַ	33
51	להיכנס	נכנס	NIFAL	Inf				לְהִיכָּנֵס	נִכְנַס	148
18	כותבים	כתב	PAAL	Part	3	Plur	Masc	כּוֹתְבִים	כָּתַב	69
88	לקבל	קיבל	PIEL	Inf				לְקַבֵּל	קִיבֵּל	245
39	קשורים	קשר	PAAL	Part	3	Plur	Masc	קְשׁוּרִים	קֶשֶׁר	92
4	נאמר	נאמר	NIFAL		1	Sing	Masc	נֶאֱמַר	נֶאֱמַר	6
22	תדאגו	דדאג	HIFIL		1	Plur	Masc	תִּדְאֲגוּ	דִּדְאַג	22
36	ליצור	יצר	PAAL	Inf				לִיצוֹר	יָצַר	53
26	משנה	שינה	PIEL	Part	1,2,3	Sing	Masc	מְשְַׁנֶה	שֵׁינָה	70
21	גרים	גר	PAAL	Part	2	Plur	Masc	גָּרִים	גָּר	91
96	לעבוד	עבד	PAAL	Inf				לַעֲבוֹד	עָבַד	226
1	יתרומם	תרמם	PAAL		3	Sing	Masc	יִתְרוֹמֵם	תִּרְמֵם	1
1	יקרום	קרם	PAAL		3	Sing	Masc	יִקְרוּם	קְרֵם	1
3	מתכנן	תכנן	PIEL	Part	2	Sing	Masc	מְתַכְנֵן	תִּכְנֵן	13
58	בואו	בא	PAAL		2	Plur		בּוֹאוּ	בָּא	264
2	נרתום	נרתום	PAAL		1	Plur	Masc	נִרְתּוֹם	נִרְתּוֹם	2
9	נגיע	הגיע	HIFIL		1	Plur	Masc	נַגִּיעַ	הִגִּיעַ	464
2	נחצה	נחצה	PAAL	Part	1	Plur	Masc	נֶחֱצָה	נֶחֱצָה	2
15	להכיר	הכיר	HIFIL	Inf				לְהַכִּיר	הִכִּיר	141
62	להבין	הבין	HIFIL	Inf				לְהָבִין	הֵבִין	159
6	מתם	מתם	PAAL		1	Plur	Masc	מַתָּם	מַתָּם	6
2	לגשר	גישר	PIEL	Inf				לְגֶּשֶׁר	גִּישֵּׁר	2
24	מזכיר	הזכיר	HIFIL	Part	1	Sing	Masc	מַזְכִּיר	הִזְכִּיר	55
5	להתאמן	התאמן	HITPAEL	Inf				לְהִתְאַמֵּן	הִתְאַמֵּן	9
5	לפתור	פתר	PAAL	Inf				לִפְתּוֹר	פֶּתֶר	7
28	לעמוד	עמד	PAAL	Inf				לַעֲמוֹד	עָמַד	86
5	ללחוץ	לחץ	PAAL	Inf				לִלְחוֹץ	לַחַץ	7
1	מצורף	צורף	PUAL	Part	3	Sing	Masc	מְצוֹרָף	צוֹרֵף	1
14	תהיה	היה			3	Sing	Fem	תִּהְיֶה	הָיָה	350
40	נתראה	התראה	NIFAL		1	Plur	Masc	נִתְרָאֶה	הַתְּרָאָה	46
21	באים	בא	PAAL	Part	3	Plur	Masc	בָּאִים	בָּא	264
58	לפרק	פירק	PIEL	Inf				לְפֶּרֶק	פֵּיְרְק	61
10	גדל	גדל	PAAL	Part	3	Sing	Masc	גָּדֵל	גָּדֵל	40
3	מעורר	עורר	PIEL	Part	3	Sing	Masc	מְעוֹרֵר	עוֹרֵר	9
1	כונתי	כנת	PAAL		3	Sing	Masc	כַּוּנָּתִי	כַּנָּת	1
266	אפשר	אפשר						אֶפְשָׁר	אֶפְשָׁר	271
102	להגיע	הגיע	HIFIL	Inf				לְהַגִּיעַ	הִגִּיעַ	464
5	נוסעים	נסע	PAAL	Part	3	Plur	Masc	נוֹסְעִים	נָסַע	41
54	מרגישים	הרגיש	HIFIL	Part	3	Plur	Masc	מַרְגִּישִׁים	הִרְגִּישׁ	148
27	שואלים	שאל	PAAL	Part	2	Plur	Masc	שׁוֹאֲלִים	שָׁאַל	111
7	מספרים	מספר	PIEL	Part	3	Plur	Masc	מִסְפָּרִים	מִסְפָּר	7
5	מגיש	הגיש	PIEL	Part	1,2,3	Sing	Masc	מַגִּישׁ	הִגִּישׁ	22
72	יצא	יצא	PAAL		3	Sing	Masc	יָצָא	יָצָא	241
11	קונים	קנה	PAAL	Part	3	Plur	Masc	קוֹנִים	קָּנָה	98
1	מביטים	הביט	PAAL	Part	3	Plur	Masc	מַבִּיטִים	הִבִּיט	2
14	מנסים	ניסה	PIEL	Part	1	Plur	Masc	מְנַסִּים	נִיסָּה	85
3	להתרומם	התרומם	HITPAEL	Inf				לְהִתְרוֹמֵם	הִתְרוֹמֵם	3
2	להציץ	הציץ	HITPAEL	Inf				לְהָצִיץ	הֵצִיץ	3
1	עלד	עלד	PAAL		3	Sing	Masc	עֶלֶד	עֶלֶד	1
4	נזכרים	נזכר	NIFAL	Part	3	Plur	Masc	נִזְכָּרִים	נִזְכַּר	9
92	היו	היה	PAAL		3	Plur	Fem,Masc	הָיוּ	הָיָה	350
31	חוזרים	חזר	PAAL	Part	3	Plur	Masc	חוֹזְרִים	חָזַר	175
5	עוצרים	עצר	PAAL	Part	3	Plur	Masc	עוֹצְרִים	עָצַר	29
44	לאכול	אכל	PAAL	Inf				לֶאֱכוֹל	אָכַל	97
26	לבקש	ביקש	PIEL	Inf				לְבַקֵּשׁ	בִּיקֵּשׁ	78
17	נכנסים	נכנס	NIFAL	Part	3	Plur	Masc	נִכְנָסִים	נִכְנַס	148
3	להעריך	העריך	HIFIL	Inf				לְהַעֲרִיךְ	הֶעֱרִיךְ	7
18	להרגיש	הרגיש	HIFIL	Inf				לְהַרְגִּישׁ	הִרְגִּישׁ	148
13	חוזר	חזר	PAAL	Part	3	Sing	Masc	חוֹזֵר	חָזַר	175
9	גדלתי	גדל	PAAL		1	Sing	Masc	גָּדַלְתִּי	גָּדֵל	40
2	אכלתי	אכל	PAAL		1	Sing	Masc	אָכַלְתִּי	אָכַל	97
11	מכינים	הכין	HIFIL	Part	3	Plur	Masc	מְכִינִים	הֵכִין	59
4	ידענו	ידע	PAAL		1	Plur	Masc	יָדַעְנוּ	יֶדַע	335
15	לחכות	חיכה	PIEL	Inf				לְחַכּוֹת	חִיכָּה	27
5	הוציאו	הוציא	HIFIL		3	Plur	Masc	הוֹצִיאוּ	הוֹצִיא	62
2	הגישו	הגיש	HIFIL		3	Plur	Masc	הִגִּישׁוּ	הִגִּישׁ	22
2	זכור	זכר	PAAL	Part	3	Sing	Masc	זָּכוּר	זֵכֶר	66
1	רחבנו	רחב	PAAL		1	Plur	Masc	רְחַבְנוּ	רָחָב	1
1	רצנו	רץ	PAAL		1	Plur	Masc	רַצְנוּ	רָץ	10
13	שמע	שמע	PAAL		3	Sing	Masc	שָׁמַע	שָׁמַע	173
29	זוכר	זכר	PAAL	Part	1	Sing	Masc	זוֹכֵר	זֵכֶר	66
4	הכינו	הכין	HIFIL		3	Plur	Masc	הֵכִינוּ	הֵכִין	59
31	אוכלים	אכל	PAAL	Part	3	Plur	Masc	אוֹכְלִים	אָכַל	97
12	הכירו	הכיר	HIFIL		3	Plur	Masc	הִכִּירוּ	הִכִּיר	141
15	הבנו	הבנה	HIFIL		1	Plur	Masc	הֵבַנּוּ	הֲבָנָה	15
61	עובד	עובד	PAAL	Part	1	Sing	Masc	עוֹבֵּד	עוֹבֵּד	61
4	גדלנו	גדל	PAAL		1	Plur	Masc	גָּדַלְנוּ	גָּדֵל	40
8	התחלנו	התחיל	HIFIL		1	Plur	Masc	הִתְחַלְנוּ	הִתְחִיל	351
8	תבינו	הבין	PAAL		1	Plur	Masc	תָּבִינוּ	הֵבִין	159
6	לסיים	סיים	PIEL	Inf				לְסַיֵּים	סִּייֵּם	69
30	להכין	הכין	HIFIL	Inf				לְהָכִין	הֵכִין	59
20	עבד	עבד	PAAL		3	Sing	Masc	עָבַד	עָבַד	226
4	להספיק	הספיק	HIFIL	Inf				לְהַסְפִּיק	הִסְפִּיק	21
9	לבשל	בישל	PAAL	Inf				לְבַשֵּׁל	בִּישֵּׁל	18
14	לדאוג	דאג	PAAL	Inf				לִדְאוֹג	דָּאַג	41
10	שימו	שימה	PAAL		2	Plur	Masc	שִִׂימוּ	שִִׂימָה	10
34	נכנס	נכנס	NIFAL	Part	3	Sing	Masc	נִכְנַס	נִכְנַס	148
8	שומרים	שמר	PAAL	Part	3	Plur	Masc	שׁוֹמְרִים	שָׁמַר	52
43	יוצא	יצא	PAAL	Part	1,2,3	Sing	Masc	יוֹצֵא	יָצָא	241
65	מגיע	הגיע	HIFIL	Part	2	Sing	Masc	מַגִּיעַ	הִגִּיעַ	464
1	נפתחות	נפתח	NIFAL	Part	3	Plur	Fem	נִפְתָּחוֹת	נִפְתַּחַ	17
5	זוכה	זכה	PAAL	Part	3	Sing	Masc	זוֹכֶה	זָּכָה	38
3	חיכה	חיכה	PAAL		3	Sing	Masc	חִיכָּה	חִיכָּה	27
68	מגיעים	הגיע	HIFIL	Part	3	Plur	Masc	מַגִּיעִים	הִגִּיעַ	464
155	צריך	צריך				Sing	Masc	צָּרִיךְ	צָּרִיךְ	157
30	לשים	שם	PAAL	Inf				לָשִׂים	שָׁם	79
2	מפספס	פספס	PIEL	Part	1,2,3	Sing	Masc	מְפַסְפֵּס	פַּסְפָּס	6
36	עולה	עלה	PAAL	Part	3	Sing	Fem	עוֹלֶה	עָלָה	147
70	יהיה	היה			3	Sing	Masc	יִהְיֶה	הָיָה	350
5	באתי	בא	PAAL		1	Sing	Masc	בָּאתִי	בָּא	264
1	לחייל	חייל	PAAL	Inf				לְחַיָּיל	חַיָּיל	1
8	ביקשתי	ביקש	PIEL		1	Sing	Masc	בִּיקַּשְׁתִּי	בִּיקֵּשׁ	78
2	דפק	דפק	PAAL		3	Sing	Masc	דָּפַק	דָּפַק	5
6	הסתכל	הסתכל	HITPAEL		3	Sing	Masc	הִסְתַּכֵּל	הִסְתַּכֵּל	61
12	שמים	שם	PAAL	Part	3	Plur	Masc	שָׁמַיִם	שָׁם	79
17	אלתי	אלת	PAAL		1	Sing	Masc	אַלְתִּי	אֵלַת	17
2	הסביר	הסביר	HIFIL		3	Sing	Masc	הִסְבִּיר	הִסְבִּיר	51
3	להוסיף	הוסיף	HIFIL	Inf				לְהוֹסִיף	הוֹסִיף	23
19	מבין	הבין	HIFIL	Part	2	Sing	Masc	מֵבִין	הֵבִין	159
6	שלח	שלח			3	Sing	Masc	שָׁלַח	שָׁלַח	47
9	סיפרתי	סיפר	PIEL		1	Sing	Masc	סִּיפַּרְתִּי	סִּיפֵּר	121
78	הגיע	הגיע	HIFIL		3	Sing	Masc	הִגִּיעַ	הִגִּיעַ	464
126	יודע	ידע	PAAL	Part	2	Sing	Masc	יוֹדֵעַ	יֶדַע	335
77	אומרים	אמר	PAAL	Part	1	Plur	Masc	אוֹמְרִים	אָמַר	997
3	לבשר	בישר	PAAL	Inf				לְבָשָׂר	בִּישֵּׂר	3
11	הוציא	הוציא	HIFIL		3	Sing	Masc	הוֹצִיא	הוֹצִיא	62
2	עשים	עשה	PAAL	Part	3	Plur	Masc	עָשִׁים	עָשָׂה	760
3	טוען	טען	PAAL	Part	1,2,3	Sing	Masc	טוֹעֵן	טָעַן	9
1	התאגנו	התאגן	HIFIL		3	Plur	Masc	הִתְאַגְּנוּ	הִתְאַגֵּן	1
19	מתאים	התאים	HIFIL	Part	3	Sing	Masc	מַתְאִים	הִתְאִים	34
9	נולד	נולד	NIFAL		3	Sing	Masc	נוֹלַד	נוֹלַד	29
2	טוענים	טען	PAAL	Part	3	Plur	Masc	טוֹעֲנִים	טָעַן	9
2	מבוססות	מבוססות	HITPAEL	Part	3	Plur	Fem	מְבוּסָּסוֹת	מְבוּסָּסוֹת	2
7	יגיעו	הגיע	HIFIL		3	Plur	Fem,Masc	יַגִּיעוּ	הִגִּיעַ	464
23	להסביר	הסביר	HIFIL	Inf				לְהַסְבִּיר	הִסְבִּיר	51
11	נוצר	נוצר	NIFAL		3	Sing	Masc	נוֹצַר	נוֹצַר	17
1	כבשו	כבש	PAAL		3	Plur	Masc	כָּבְשׁוּ	כֶּבֶשׂ	2
4	החל	החל	HIFIL		3	Sing	Masc	הֵחֵל	הֵחֵל	14
1	מוזכרת	הוזכר	PUAL	Part	3	Sing	Fem	מוּזְכֶּרֶת	הוּזְכַּר	3
12	לנחש	ניחש	PIEL	Inf				לְנַחֵשׁ	נִיחֵשׁ	22
16	מתכוון	התכוון	HITPAEL	Part	1	Sing	Masc	מִתְכַוֵּון	הִתְכַוֵּון	26
17	להכניס	הכניס	HIFIL	Inf				לְהַכְּנִיס	הִכְּנִיס	40
19	הפכה	הפך	PAAL		3	Sing	Fem	הָפְכָה	הָפַךְ	96
14	לייצר	ייצר	PIEL	Inf				לְיַיצֵּר	יִיצֵּר	33
2	לשלוט	שלט	PAAL	Inf				לִשְׁלוֹט	שֶׁלֶט	9
73	נקרא	נקרא	NIFAL	Part	3	Sing	Masc	נִקְרָא	נִקְרָא	101
49	הגיעו	הגיע	HIFIL		3	Plur	Masc	הִגִּיעוּ	הִגִּיעַ	464
2	חסרים	חסר	PAAL	Part	3	Plur	Masc	חֲסֵרִים	חָסֵר	5
16	לגרום	גרם	PAAL	Inf				לִגְרוֹם	גָּרַם	107
7	פרסם	פרסם	PIEL		3	Sing	Masc	פִּרְסֵם	פִּרְסֵם	25
9	הפסיקו	הפסיק	HIFIL		3	Plur	Masc	הִפְסִיקוּ	הִפְסִיק	42
1	עשוי	עשה	PUAL	Part	3	Sing	Masc	עָשׂוּי	עָשָׂה	760
10	הצלחתי	הצליח	HIFIL		1	Sing	Masc	הִצְלַחְתִּי	הִצְלִיחַ	128
64	למצוא	מצא	PAAL	Inf				לִמְצוֹא	מָצָא	125
5	פועלים	פעל	PAAL	Part	3	Plur	Masc	פּוֹעֲלִים	פָּעַל	29
19	החלטתי	החליט	HIFIL		1	Sing	Masc	הֶחְלַטְתִּי	הֶחֱלִיט	164
22	לבדוק	בדק	PAAL	Inf				לִבְדּוֹק	בָּדַק	52
28	עשיתי	עשה	PAAL		1	Sing	Masc	עָשִׂיתִי	עָשָׂה	760
2	מפס	מפס	PIEL		3	Sing	Masc	מַפָּס	מַפָּס	2
5	מופיעים	הופיע	HITPAEL	Part	3	Plur	Masc	מוֹפִיעִים	הוֹפִּיעַ	26
5	מוכרים	מכר	PAAL	Part	2	Plur	Masc	מוּכָּרִים	מַכָּר	43
1	נכשל	נכשל	NIFAL		3	Sing	Masc	נִכְשָׁל	נִכְשָׁל	2
135	להגיד	הגיד	HIFIL	Inf				לְהַגִּיד	הִגִּיד	234
1	מייצגת	ייצג	PIEL	Part	1,2,3	Sing	Fem	מְיַיצֶּגֶת	יִיצֵּג	5
1	נדרשת	נדרש	NIFAL	Part	3	Sing	Fem	נִדְרֶשֶׁת	נִדְרָשׁ	2
29	מרגיש	הרגיש	HIFIL	Part	1,2,3	Sing	Masc	מַרְגִּישׁ	הִרְגִּישׁ	148
5	מאמינים	האמין	HIFIL	Part	3	Plur	Masc	מַאֲמִינִים	הֶאֱמִין	26
1	בדקו	בדק	PAAL		1	Plur	Masc	בָּדְקוֹ	בָּדַק	52
29	אשמח	שמח	PAAL		1	Sing	Masc	אֶשְׂמַח	שָׂמֵחַ	52
10	לגלות	לגלות	PIEL	Inf				לְגַלּוֹת	לְגַלּוֹת	10
5	תופס	תפס	PAAL	Part	3	Sing	Masc	תּוֹפֵּס	תָּפַס	17
1	עובים	עבה	PAAL	Part	1	Plur	Masc	עוֹבִים	עָבֶה	1
11	יגיד	הגיד	HIFIL		3	Sing	Masc	יַגִּיד	הִגִּיד	234
10	שמעת	שמע	PAAL		1	Sing	Masc	שָׁמַעְתָּ	שָׁמַע	173
2	מפה	מפה	PAAL		3	Sing	Fem	מִפֹּה	מִפֹּה	2
23	עולים	עלה	PAAL	Part	3	Plur	Masc	עוֹלִים	עָלָה	147
48	התחיל	התחיל	HITPAEL		3	Sing	Masc	הִתְחִיל	הִתְחִיל	351
6	מנהל	ניהל	PIEL	Part	1,2,3	Sing	Masc	מְנַהֵל	נִיהֵל	24
1	עצבן	עצבן	PAAL		1	Sing	Masc	עַצְבָּן	עַצְבָּן	2
2	מאשר	מאשר	PAAL	Part	3	Sing	Masc	מְאַשֵּׁר	מְאַשֵּׁר	2
2	כתבתי	כתב	PAAL		1	Sing	Masc	כָּתַבְתִּי	כָּתַב	69
7	להצטרף	הצטרף	HITPAEL	Inf				לְהִצְטָרֵף	הִצְטָרֵף	26
76	מקווה	קיווה	PIEL	Part	1	Sing	Masc	מְקַוֶּוה	קִיוָוה	78
2	ישתפרו	השתפר	HITPAEL		3	Plur	Fem,Masc	יִשְׁתַפְּרוּ	הִשְׁתַפֵּר	10
19	אגיד	הגיד	HIFIL		1	Sing	Masc	אַגִּיד	הִגִּיד	234
93	חושב	חשב	PAAL	Part	1	Sing	Masc	חוֹשֵׁב	חָשַׁב	318
6	עברנו	עבר	PAAL		1	Plur	Masc	עָבַרְנוּ	עָבַר	261
1	נזכר	נזכר	NIFAL	Part	1	Sing	Masc	נִזְכַּר	נִזְכַּר	9
10	קונה	קנה	PAAL	Part	1,2,3	Sing	Masc	קוֹנֶה	קָּנָה	98
1	נהל	נהל	PAAL		3	Sing	Masc	נָהַל	נָהַל	1
4	עניין	עניין	PAAL	Part	3	Sing	Masc	עִנְיָין	עִנְיָין	31
3	תקשיב	הקשיב	PAAL		2	Sing	Masc	תַּקְשִׁיב	הִקְשִׁיב	50
6	גדלה	גדל	PAAL		3	Sing	Fem	גָּדְלָה	גָּדֵל	40
1	תקשיבי	הקשיב	PAAL		1	Sing	Masc	תַּקְשִׁיבִי	הִקְשִׁיב	50
1	תשכח	שכח	HIFIL		1	Sing	Masc	תִּשְׁכַח	שָׁכַח	17
49	מדבר	דיבר	PIEL	Part	3	Sing	Masc	מְדַבֵּר	דִּיבֵּר	359
9	אוכל	אוכל	PAAL		3	Sing	Masc	אוֹכֶל	אוֹכֶל	10
45	רואה	ראה	PAAL	Part	2	Sing	Masc	רוֹאֶה	רָאָה	268
4	מפרסמים	פרסם	PIEL	Part	3	Plur	Masc	מְפַרְסְמִים	פִּרְסֵם	25
18	מדברת	דיבר	PIEL	Part	1,2,3	Sing	Fem	מְדַבֶּרֶת	דִּיבֵּר	359
14	שגרים	שגר	PAAL	Part	3	Plur	Masc	שִׁגָּרִים	שֶׁגָּר	22
478	אומרת	אמר	PAAL	Part	1,2,3	Sing	Fem	אוֹמֶרֶת	אָמַר	997
20	לכתוב	כתב	PAAL	Inf				לִכְתּוֹב	כָּתַב	69
1	נרשמים	נרשם	NIFAL	Part	3	Plur	Masc	נִרְשָׁמִים	נִרְשָׁם	6
1	תפסת	תפס	PAAL		2	Sing	Masc	תָּפַסְתָּ	תָּפַס	17
75	אוהבים	אהב	PAAL	Part	2	Plur	Masc	אוֹהֲבִים	אָהַב	164
154	לדבר	דיבר	PIEL	Inf				לְדַבֵּר	דִּיבֵּר	359
19	הפך	הפך	PAAL		3	Sing	Masc	הָפַךְ	הָפַךְ	96
2	מכיל	הכיל	HIFIL	Part	3	Sing	Masc	מֵכִיל	הֵכִיל	6
27	להוציא	הוציא	HIFIL	Inf				לְהוֹצִיא	הוֹצִיא	62
2	מוקדש	הוקדש	HUFAL	Part	3	Sing	Masc	מוּקְדָּשׁ	הוּקְדַּשׁ	2
99	רוצים	רצה	PAAL	Part	2	Plur	Masc	רוֹצִים	רָצָה	467
34	רציתי	רצה	PAAL		1	Sing	Masc	רָצִיתִי	רָצָה	467
31	לשאול	שאל	PAAL	Inf				לִשְׁאוֹל	שָׁאַל	111
1	עורך	ערך	PAAL	Part	1	Sing	Masc	עוֹרֵךְ	עֵרֶךְ	7
26	אוהב	אהב	PAAL	Part	1	Sing	Masc	אוֹהֵב	אָהַב	164
2	תקוע	תקע	PAAL	Part	3	Sing	Masc	תָּקוּעַ	תֶּקַע	2
104	נמצא	נמצא	NIFAL	Part	3	Sing	Masc	נִמְצָא	נִמְצָא	225
10	להסתובב	הסתובב	HITPAEL	Inf				לְהִסְתּוֹבֵב	הִסְתּוֹבֵב	16
1	הוצאים	הצאים	HIFIL	Part	3	Plur	Masc	הוֹצָאִים	הַצֵּאִים	1
1	הצטבר	הצטבר	HITPAEL		3	Sing	Masc	הִצְטַבֵּר	הִצְטַבֵּר	4
15	כולל	כלל	PAAL	Part	3	Sing	Masc	כּוֹלֵל	כְּלָל	20
1	כתבנו	כתב	PAAL		1	Plur	Masc	כָּתַבְנוּ	כָּתַב	69
1	הצטברו	הצטבר	HITPAEL		3	Plur	Fem,Masc	הִצְטַבְּרוּ	הִצְטַבֵּר	4
1	צילמנו	צילם	PIEL		1	Plur	Masc	צִּילַּמְנוּ	צִּילָּם	17
1	לכמות	לכמות	PAAL	Inf				לְכַמּוֹת	לְכַמּוֹת	1
1	להיקף	נקף	PAAL	Inf				לְהֶיקֵּף	נָקַף	1
32	אמרנו	אמר	PAAL		1	Plur	Masc	אָמַרְנוּ	אָמַר	997
1	להגד	הגד	PIEL	Inf				לְהֶגֶּד	הַגַּד	1
1	לערוך	ערך	PAAL	Inf				לַעֲרוֹךְ	עֵרֶךְ	7
7	השתנו	השתנה	HITPAEL		3	Plur	Fem,Masc	הִשְׁתַּנּוּ	הִשְׁתַּנָה	40
45	לצאת	יצא	PAAL	Inf				לָצֵאת	יָצָא	241
6	גילה	גילה	PIEL		3	Sing	Masc	גִּילָה	גִּילָה	37
7	אכל	אכל	PAAL		3	Sing	Masc	אָכַל	אָכַל	97
6	מגישים	הגיש	PIEL	Part	3	Plur	Masc	מַגִּישִׁים	הִגִּישׁ	22
1	חזקתי	חזק	PAAL		1	Sing	Masc	חָזַקְתִּי	חָזָק	2
37	מכיר	הכיר	HIFIL	Part	1	Sing	Masc	מַכִּיר	הִכִּיר	141
4	התברר	התברר	HITPAEL		3	Sing	Masc	הִתְבָּרֵר	הִתְבָּרֵר	5
168	אומר	אמר	PAAL	Part	3	Sing	Masc	אוֹמֵר	אָמַר	997
1	התיימרתי	התיימר	HITPAEL		1	Sing	Masc	הִתְיַימַּרְתִּי	הִתְיַימֵּר	1
3	הופטעתי	הופטע	HUFAL		1	Sing	Masc	הוּפְטַעְתִּי	הוּפְטַע	6
1	מקדישים	הקדיש	PIEL	Part	3	Plur	Masc	מַקְדִּישִׁים	הִקְדִּישׁ	4
8	מתייחסים	התייחס	HITPAEL	Part	3	Plur	Masc	מִתְיַיחֲסִים	הִתְיַיחֵס	32
2	עוסקים	עסק	PAAL	Part	3	Plur	Masc	עוֹסְקִים	עֵסֶק	36
9	פותח	פתח	PAAL	Part	2	Sing	Masc	פּוֹתֵחַ	פֶּתַח	77
1	שוארמה	שוארם	PAAL		3	Sing	Masc	שׁוֹאַרְמָה	שׁוֹאֲרָם	1
1	מתאמצים	התאמץ	HITPAEL	Part	3	Plur	Masc	מִתְאַמְצִים	הִתְאַמֵּץ	6
10	בודקים	בדק	PAAL	Part	3	Plur	Masc	בּוֹדְקִים	בָּדַק	52
13	ראינו	ראה	PAAL		1	Plur	Masc	רָאִינוּ	רָאָה	268
32	בוא	בא	PAAL		2	Sing	Masc	בּוֹא	בָּא	264
32	נגיד	הגיד	HIFIL		1	Sing	Masc	נַגִּיד	הִגִּיד	234
8	אדבר	דבר	PAAL		1	Sing	Masc	אֲדַבֵּר	דָּבָר	10
2	שמוסיפים	שמסיף	HIFIL	Part	3	Plur	Masc	שֶׁמּוֹסִיפִים	שֶׁמֵסִיף	2
1	מטעה	הטעה	HIFIL	Part	1,2,3	Sing	Masc	מַטְעֶה	הִטְעָה	1
1	מקובצת	קובץ	PUAL	Part	1,2,3	Sing	Fem	מְקוּבֶּצֶת	קוֹבֶץ	1
2	למדנו	למד	PAAL		1	Plur	Masc	לָמַדְנוּ	לָמַד	143
60	לקחת	לקח	PAAL	Inf				לָקַחַת	לֶקַח	156
32	לבוא	בא	PAAL	Inf				לָבוֹא	בָּא	264
25	לבקר	ביקר	PIEL	Inf				לְבַקֵּר	בִּיקֵּר	33
3	נצא	יצא	PAAL		1	Plur	Masc	נֵצֵא	יָצָא	241
8	ישנו	יש	PAAL		3	Sing	Masc	יֶשְׁנוֹ	יֵשׁ	1153
1	תלויות	תלה	PAAL	Part	3	Plur	Fem	תְּלוּיוֹת	תָּלָה	2
5	זכו	זכה	PAAL		3	Plur	Masc	זָּכוּ	זָּכָה	38
48	נמצאת	נמצא	NIFAL	Part	3	Sing	Fem	נִמְצֵאת	נִמְצָא	225
10	הקימו	הקים	HIFIL		3	Plur	Masc	הֵקִימוּ	הֵקִים	21
13	קראו	קרא	PAAL		3	Plur	Masc	קָּרְאוּ	קָרָא	113
4	תכירו	הכיר	PAAL		2	Plur	Masc	תַּכִּירוּ	הִכִּיר	141
1	אמצו	אמץ	PAAL		3	Plur	Masc	אִמְצוּ	אֹמֶץ	1
2	שבחר	שבחר	PAAL		3	Sing	Masc	שֶׁבָּחַר	שֶׁבָּחַר	2
1	זדקנו	זדק	PAAL		3	Plur	Masc	זִדְקְנוּ	זָּדַק	1
10	עבדו	עבד	PAAL		3	Plur	Fem,Masc	עָבְדוּ	עָבַד	226
5	נגמרה	נגמר	NIFAL		3	Sing	Fem	נִגְמְרָה	נִגְמַר	42
12	הלכו	הלך			3	Plur	Fem,Masc	הָלְכוּ	הָלַךְ	266
11	גרו	גר	PAAL		3	Plur	Masc	גָּרוּ	גָּר	91
1	הזדקנו	הזדיק	HIFIL		1	Plur	Masc	הִזְדַּקְנוּ	הִזְדִּיק	1
42	החליטו	החליט	HIFIL		3	Plur	Masc	הֶחֱלִיטוּ	הֶחֱלִיט	164
17	למכור	מכר	PAAL	Inf				לִמְכּוֹר	מַכָּר	43
4	קנה	קנה	PAAL		3	Sing	Masc	קָּנָה	קָּנָה	98
1	העיסה	העיס	HIFIL		3	Sing	Masc	הָעִיסָּה	הָעִיס	1
3	מכין	הכין	HIFIL	Part	1,2,3	Sing	Masc	מֵכִין	הֵכִין	59
1	התחינה	התחין	HIFIL		3	Sing	Fem	הִתְּחִינָה	הִתְחִין	1
10	ממשיך	המשיך	HIFIL	Part	3	Sing	Masc	מַמְשִׁיךְ	הִמְשִׁיךְ	113
3	מכבד	כיבד	PIEL	Part	3	Sing	Masc	מְכַבֵּד	כִּיבֵּד	5
30	מקבל	קיבל	PIEL	Part	1,2,3	Sing	Masc	מְקַבֵּל	קִיבֵּל	245
1	אתחינה	אחין	PAAL		3	Sing	Fem	אַתְּחִינָה	אָחִין	1
6	מוסיפים	הוסיף	HIFIL	Part	3	Plur	Masc	מוֹסִיפִים	הוֹסִיף	23
26	לשמור	שמר	PAAL	Inf				לִשְׁמוֹר	שָׁמַר	52
7	ענה	ענה	PAAL		3	Sing	Masc	עָנָה	עָנָה	18
30	החליט	החליט	HIFIL		3	Sing	Masc	הֶחֱלִיט	הֶחֱלִיט	164
7	שאל	שאל	PAAL		3	Sing	Masc	שָׁאַל	שָׁאַל	111
1	כיוון	כיוון	PAAL		3	Sing	Masc	כִּיוּוּן	כִּיוּוּן	6
1	יטעו	יטע	PAAL		3	Plur	Fem,Masc	יִטְעוּ	יֶטַע	1
33	גרם	גרם	PAAL		3	Sing	Masc	גָּרַם	גָּרַם	107
1	לאבא	איבא	PIEL	Inf				לְאַבָּא	אִיבָּא	1
11	יורד	ירד	PAAL	Part	3	Sing	Masc	יוֹרֵד	יָרַד	48
1	משלים	השלים	PIEL	Part	1,2,3	Sing	Masc	מַשְׁלִים	הִשְׁלִים	7
61	הולכים	הלך	PAAL	Part	1	Plur	Masc	הוֹלְכִים	הָלַךְ	266
9	לסגור	סגר	PAAL	Inf				לִסְגּוֹר	סֶּגֶּר	20
28	רצה	רצה	PAAL		3	Sing	Masc	רָצָה	רָצָה	467
26	לנסות	ניסה	PIEL	Inf				לְנַסּוֹת	נִיסָּה	85
5	אהב	אהב	PAAL		3	Sing	Masc	אָהַב	אָהַב	164
17	הצליח	הצליח	HIFIL		3	Sing	Masc	הִצְלִיחַ	הִצְלִיחַ	128
6	יספר	סיפר	HIFIL		3	Sing	Masc	יְסַפֵּר	סִּיפֵּר	121
53	לתת	נתן	PAAL	Inf				לָתֵת	נָתָן	147
2	יזם	יזם	PAAL		3	Sing	Masc	יַזָּם	יַזָּם	2
2	דאג	דאג	PAAL		3	Sing	Masc	דָּאַג	דָּאַג	41
3	לשרט	שירט	PIEL	Inf				לַשַּׂרְט	שֶׁיָּרַט	7
5	משדרים	שידר	PIEL	Part	3	Plur	Masc	מְשְַׁדְּרִים	שִׁידֵּר	11
7	נולדתי	נולד	NIFAL		1	Sing	Masc	נוֹלַדְתִּי	נוֹלַד	29
2	מתו	מת	PAAL		3	Plur	Masc	מֵתוּ	מֵת	22
1	מוכיח	הוכיח	HIFIL	Part	3	Sing	Masc	מוֹכִיחַ	הוֹכִיחַ	13
7	שומר	שמר	PAAL	Part	2	Sing	Masc	שׁוֹמֵר	שָׁמַר	52
14	השתנה	השתנה	HITPAEL		3	Sing	Masc	הִשְׁתַּנָה	הִשְׁתַּנָה	40
1	זכנים	זכן	PAAL	Part	3	Plur	Masc	זְכֵנִים	זָּכֵן	1
3	ממהרים	מיהר	HIFIL	Part	3	Plur	Masc	מְמַהֲרִים	מִיהֵר	4
1	נהיים	נהיה	NIFAL	Part	3	Plur	Masc	נִהְיִים	נִהְיֶה	1
19	תגיד	הגיד	HIFIL		3	Sing	Masc	תַּגִּיד	הִגִּיד	234
56	לספר	סיפר	PIEL	Inf				לְסַפֵּר	סִּיפֵּר	121
109	קורה	קרה	PAAL	Part	3	Sing	Masc	קוֹרֶה	קָּרָה	230
8	קורים	קרה	PAAL	Part	3	Plur	Masc	קוֹרִים	קָּרָה	230
5	קמים	קם	PAAL	Part	3	Plur	Masc	קָמִים	קָם	28
2	מנהלים	ניהל	PIEL	Part	3	Plur	Masc	מְנַהֲלִים	נִיהֵל	24
10	לנהל	ניהל	PIEL	Inf				לְנַהֵל	נִיהֵל	24
1	להשרות	השרה	HIFIL	Inf				לְהַשָּׁרוֹת	הַשָּׂרָה	1
4	לשטוף	שטף	PAAL	Inf				לִשְׁטוֹף	שֶׁטֶף	7
2	משרה	משרה	PIEL	Part	2	Sing	Masc	מִשְׂרָה	מִשְׂרָה	2
1	לנקה	לנקה	PIEL	Inf				לְנַקֶּה	לְנַקֶּה	1
2	לברר	בירר	PIEL	Inf				לְבָרֵר	בֵּיְרֵר	4
4	מוציא	הוציא	HIFIL	Part	1,2,3	Sing	Masc	מוֹצִיא	הוֹצִיא	62
39	מתחיל	התחיל	HIFIL	Part	3	Sing	Masc	מַתְחִיל	הִתְחִיל	351
6	לקום	קם	PAAL	Inf				לָקוּם	קָם	28
8	מספר	סיפר	PIEL	Part	3	Sing	Masc	מִסְפָּר	סִּיפֵּר	121
13	ניתן	ניתן	NIFAL	Part	3	Sing	Masc	נִיתָּן	נִיתָּן	13
6	יבואו	בא	PAAL		3	Plur	Fem,Masc	יָבוֹאוּ	בָּא	264
46	לדעת	ידע	PAAL	Inf				לָדַעַת	יֶדַע	335
2	נושם	נשם	PAAL	Part	3	Sing	Masc	נוֹשֵׁם	נָשְַׁם	3
3	מקשה	הקשה	HIFIL	Part	3	Sing	Masc	מַקְשֶׁה	הַקָּשֶׁה	6
19	להזמין	הזמין	HIFIL	Inf				לְהַזְמִין	הִזְמִין	43
36	כדאי	כדאי						כְּדַאי	כְּדַאי	36
36	מוזמנים	מוזמן	PAAL	Part	3	Plur	Masc	מוּזְמָנִים	מוּזְמָן	36
4	מתגנים	תיגן	HIFIL	Part	3	Plur	Masc	מִתְּגַּנִים	תִּיגָּן	4
2	מכוסה	כוסה	PUAL	Part	1,2,3	Sing	Fem	מְכוּסֶּה	כּוּסָּה	2
7	מחליפים	החליף	PIEL	Part	3	Plur	Masc	מַחֲלִיפִים	הֶחֱלִיף	23
1	תספיק	הספיק	HIFIL		3	Sing	Fem	תַּסְפִּיק	הִסְפִּיק	21
7	יעזרו	עזר			3	Plur	Fem,Masc	יַעַזְרוּ	עֵזֶר	160
16	לבחור	בחר	PAAL	Inf				לִבְחוֹר	בָּחַר	64
41	עובדים	עבד	PAAL	Part	1	Plur	Masc	עוֹבְדִים	עָבַד	226
62	יודעים	ידע	PAAL	Part	1	Plur	Masc	יוֹדְעִים	יֶדַע	335
2	להדגיש	הדגיש	HIFIL	Inf				לְהַדְגִּישׁ	הִדְגִּישׁ	2
53	חושבים	חשב	PAAL	Part	3	Plur	Masc	חוֹשְׁבִים	חָשַׁב	318
8	מסתכלים	הסתכל	HITPAEL	Part	3	Plur	Masc	מִסְתַכְּלִים	הִסְתַּכֵּל	61
3	מריח	הריח	HIFIL	Part	3	Sing	Masc	מֵרִיחַ	הָרֵיחַ	5
2	תברח	ברח	PAAL		3	Sing	Masc	תִּבָרַח	בָּרַח	17
2	תסתכל	הסתכל	PAAL		3	Sing	Masc	תִּסְתַכֵּל	הִסְתַּכֵּל	61
3	מטייל	טייל	HIFIL	Part	1,2,3	Sing	Masc	מְטַיֵּיל	טַיֵּיל	25
9	מנסה	ניסה	PIEL	Part	1	Sing	Masc	מְנַסֶּה	נִיסָּה	85
2	משרטים	שירט	PIEL	Part	3	Plur	Masc	מִשְׂרָטִים	שֶׁיָּרַט	7
19	להסתכל	הסתכל	HITPAEL	Inf				לְהִסְתַּכֵּל	הִסְתַּכֵּל	61
10	דואגים	דאג	PAAL	Part	3	Plur	Masc	דּוֹאֲגִים	דָּאַג	41
3	נפרדתי	נפרד	NIFAL		1	Sing	Masc	נִפְרַדְתִּי	נִפְרָד	10
46	לחזור	חזר	PAAL	Inf				לַחֲזוֹר	חָזַר	175
10	לעצור	עצר	PAAL	Inf				לַעֲצוֹר	עָצַר	29
8	פותחים	פתח	PAAL	Part	3	Plur	Masc	פּוֹתְחִים	פֶּתַח	77
16	קיבלו	קיבל	PIEL		3	Plur	Masc	קִיבְּלוּ	קִיבֵּל	245
16	מחכים	החכים	HIFIL	Part	3	Plur	Masc	מְחַכִּים	הַחַכִּים	16
1	מנשנשים	נשנש	PIEL	Part	3	Plur	Masc	מְנַשְׁנְשִׁים	נִשְׁנַשׁ	1
3	מחייכים	חייך	PIEL	Part	3	Plur	Masc	מְחַיְּיכִים	חִייֵּךְ	10
28	להודות	הודה	HIFIL	Inf				לְהוֹדוֹת	הוֹדָה	32
7	הסכימו	הסכים	HIFIL		3	Plur	Masc	הִסְכִּימוּ	הִסְכִּים	71
1	להקדיש	הקדיש	HIFIL	Inf				לְהַקְדִּישׁ	הִקְדִּישׁ	4
4	שקשורים	שקש	PAAL	Part	3	Plur	Masc	שִׁקְשׁוּרִים	שֶׁקֶשׁ	7
1	דרתי	דר	PAAL		1	Sing	Masc	דַּרְתִּי	דַּר	2
7	לחזק	חיזק	PIEL	Inf				לְחַזֵּק	חִיזֵּק	15
38	לקבוע	קבע	PAAL	Inf				לִקְבּוֹעַ	קֶבַע	55
19	לפנות	לפנות		Inf				לִפְנוֹת	לִפְנוֹת	19
18	נהניתם	הנהית	NIFAL		1	Plur	Masc	נֶהֱנֵיתֶם	הַנְּהִית	18
1	קדמה	קדם	PAAL		3	Sing	Fem	קִדְמָה	קֶדֶם	1
1	עזרתי	עזר	PIEL		1	Sing	Masc	עָזַרְתִּי	עֵזֶר	160
3	חיו	חי	PAAL		3	Plur	Masc	חָיו	חַי	62
22	הפכו	הפך	PAAL		3	Plur	Fem,Masc	הָפְכוּ	הָפַךְ	96
1	דחיתי	דחה	PAAL		1	Sing	Masc	דָּחִיתִי	דָּחָה	4
3	השתחררתי	השתחרר	HITPAEL		1	Sing	Masc	הִשְׁתַּחְרַרְתִּי	הִשְׁתַחְרֵר	9
1	השתחררו	השתחרר	HITPAEL		3	Plur	Fem,Masc	הִשְׁתַחְרְרוּ	הִשְׁתַחְרֵר	9
8	מוצא	הוצא	PAAL	Part	2	Sing	Masc	מוֹצֵא	הוּצָּא	9
11	יושבים	ישב	PAAL	Part	3	Plur	Masc	יוֹשְׁבִים	יָשְַׁב	65
10	עוברים	עבר	PAAL	Part	3	Plur	Masc	עוֹבְרִים	עָבַר	261
1	היגיעו	הגיע	HIFIL		3	Plur	Masc	הִיגִּיעוּ	הִגִּיעַ	464
7	מחכה	חיכה	PIEL	Part	1,2,3	Sing	Masc	מְחַכֶּה	חִיכָּה	27
1	דרכה	דרך	PAAL		3	Sing	Fem	דַּרְכָּהּ	דֶּרֶךְ	2
6	עשית	עשה	PAAL		1	Sing	Masc	עָשִׂיתָ	עָשָׂה	760
1	מדפיסה	הדפיס	HIFIL	Part	1,2,3	Sing	Fem	מַדְפִּיסָה	הִדְפִּיס	4
3	שולחת	שלח	PAAL	Part	3	Sing	Fem	שׁוֹלַחַת	שָׁלַח	47
1	התאספנו	התאספן	HITPAEL		1	Plur	Fem,Masc	הִתְאַסַּפְנוּ	הִתְאַסְפֵן	1
7	סיימנו	סיים	PIEL		1	Plur	Masc	סִייַּמְנוּ	סִּייֵּם	69
1	השקיע	השקיע	HIFIL		3	Sing	Masc	הִשְׁקִיעַ	הִשְׁקִיעַ	8
6	תכנן	תיכנן	PIEL		3	Sing	Masc	תִּכְנֵן	תִּיכְנֵן	6
1	שטף	שטף	PAAL		3	Sing	Masc	שֶׁטֶף	שֶׁטֶף	7
1	החליף	החליף	HIFIL		3	Sing	Masc	הֶחֱלִיף	הֶחֱלִיף	23
4	ישבנו	שב	PAAL		1	Plur	Masc	יָשְַׁבֵּנוּ	שָׁב	17
1	בוקעת	בקע	PAAL	Part	3	Sing	Fem	בּוֹקַעַת	בֶּקַע	1
8	הביא	הביא	HIFIL		3	Sing	Masc	הֵבִיא	הֵבִיא	77
1	לזלול	זלל	PAAL	Inf				לִזְלוֹל	זָּלַל	1
2	אכלנו	אכל	PAAL		1	Plur	Masc	אָכַלְנוּ	אָכַל	97
6	קם	קם	PAAL		3	Sing	Masc	קָם	קָם	28
14	חזר	חזר			3	Sing	Masc	חָזַר	חָזַר	175
1	נעמד	נעמד	NIFAL	Part	3	Sing	Masc	נֶעֱמַד	נֶעֱמַד	1
1	הכריז	הכריז	HIFIL		3	Sing	Masc	הִכְרִיז	הִכְרִיז	1
2	מחנו	מחנו	PAAL		1	Plur	Masc	מַחְנוּ	מַחְנוּ	2
1	הרמנו	הרמן	HIFIL		1	Plur	Masc	הֵרַמְנוּ	הֶרְמָן	1
3	התיישב	התיישב	HITPAEL		3	Sing	Masc	הִתְיַישֵּׁב	הִתְיַישֵּׁב	8
9	סיפר	סיפר	PIEL		3	Sing	Masc	סִּיפֵּר	סִּיפֵּר	121
10	שם	שם	PAAL	Part	2	Sing	Masc	שָׁם	שָׁם	79
15	הלך	הלך			3	Sing	Masc	הָלַךְ	הָלַךְ	266
21	לישון	ישן	PAAL	Inf				לִישׁוֹן	יָשֵׁן	23
15	פתח	פתח	PAAL		3	Sing	Masc	פֶּתַח	פֶּתַח	77
1	הריח	הריח	HIFIL		3	Sing	Masc	הָרֵיחַ	הָרֵיחַ	5
1	כשתקבלו	השתקבל	PAAL		3	Plur	Masc	כְּשֶׁתְּקַבְּלוּ	הִשְׁתַקְבֵּל	1
1	תבינ	הבין	PAAL		2	Sing	Masc	תָּבִינ	הֵבִין	159
18	לקח	לקח	PAAL		3	Sing	Masc	לֶקַח	לֶקַח	156
4	חייך	חייך	PIEL		1	Sing	Masc	חִייֵּךְ	חִייֵּךְ	10
35	עובר	עבר	PAAL	Part	3	Sing	Masc	עוֹבֵּר	עָבַר	261
1	נמרח	נמרח	NIFAL		3	Sing	Masc	נִמְרַח	נִמְרַח	1
1	התרוכנה	התרוכן	HITPAEL		3	Sing	Masc	הִתְרוֹכְנָה	הַתְּרוֹכֵן	1
7	טס	טס	PAAL	Part	1	Sing	Masc	טָס	טָס	18
2	נשארנו	נשאר	NIFAL		1	Plur	Masc	נִשְׁאַרְנוּ	נִשְׁאַר	101
57	הייתה	היה	PAAL		3	Sing	Fem	הָיְתָה	הָיָה	350
4	טעסו	טעס	PAAL		1	Plur	Masc	טַעֲסוֹ	טַעַס	5
7	שולחים	שלח	PAAL	Part	3	Plur	Masc	שׁוֹלְחִים	שָׁלַח	47
1	מתארות	תיאר	PIEL	Part	3	Plur	Fem	מְתָאֲרוֹת	תֵּיָאֵר	18
1	קיניתי	קינה	PAAL		1	Sing	Masc	קִינִּיתִי	קִינָּה	1
1	צילמתי	צילם	PIEL		1	Sing	Masc	צִּילַּמְתִּי	צִּילָּם	17
6	שלחתי	שלח	PAAL		1	Sing	Masc	שָׁלַחְתִּי	שָׁלַח	47
1	מוזנחת	מוזנח	PUAL	Part	1,2,3	Sing	Fem	מוּזְנַחַת	מוּזְנָח	1
3	מתאימה	התאים	HIFIL	Part	1,2,3	Sing	Fem	מַתְאִימָה	הִתְאִים	34
4	עמדו	עמד			3	Plur	Fem,Masc	עָמְדוּ	עָמַד	86
3	קלטו	קלט	PAAL		3	Plur	Masc	קָּלְטוּ	קֶלֶט	11
2	החזירו	החזיר	HIFIL		3	Plur	Masc	הֶחֱזִירוּ	הֶחֱזִיר	29
1	מטיל	הטיל	HIFIL	Part	1	Sing	Masc	מֵטִיל	הֵטִיל	4
14	להיפגש	נפגש	NIFAL	Inf				לְהִיפָּגֵשׁ	נִפְגַּשׁ	31
10	לטייל	טייל	PAAL	Inf				לְטַיֵּיל	טַיֵּיל	25
47	מדובר	דובר	PUAL	Part	3	Sing	Masc	מְדוּבָּר	דּוֹבֵּר	49
1	זמין	זמין	PAAL	Part	1,2,3	Sing	Masc	זָּמִין	זָּמִין	2
5	הציע	הציע	HIFIL		3	Sing	Masc	הִצִּיעַ	הִצִּיעַ	33
5	לחתום	חתם	PAAL	Inf				לַחְתּוֹם	חָתָם	16
7	ביקש	ביקש	PIEL		3	Sing	Masc	בִּיקֵּשׁ	בִּיקֵּשׁ	78
38	להמשיך	המשיך	HIFIL	Inf				לְהַמְשִׁיךְ	הִמְשִׁיךְ	113
5	אהבתי	אהב	PAAL		1	Sing	Masc	אָהַבְתִּי	אָהַב	164
17	ידעתי	ידע	PAAL		1	Sing	Masc	יָדַעְתִּי	יֶדַע	335
12	שומע	שמע	PAAL	Part	1	Sing	Masc	שׁוֹמֵעַ	שָׁמַע	173
4	תיתן	נתן	PAAL		3	Sing	Fem	תִּיתָּן	נָתָן	147
3	להרגיע	הרגיע	HIFIL	Inf				לְהַרְגִּיעַ	הִרְגִּיעַ	3
6	תחשוב	חשב	PAAL		2	Sing	Masc	תַּחֲשׁוֹב	חָשַׁב	318
8	להחליט	החליט	HIFIL	Inf				לְהַחְלִיט	הֶחֱלִיט	164
2	עניתי	ענה	PAAL		1	Sing	Masc	עָנִיתִי	עָנָה	18
1	לחצתי	לחצתי	PAAL		1	Sing	Masc	לָחַצְתִּי	לָחַצְתִּי	1
5	יצאתי	יצא	PAAL		1	Sing	Masc	יָצָאתִי	יָצָא	241
1	מונח	הונח	PUAL	Part	1,2,3	Sing	Masc	מוּנָּח	הוּנַּחַ	2
1	להריח	הריח	HIFIL	Inf				לְהָרִיחַ	הָרֵיחַ	5
3	השתחרתי	השתחר	HITPAEL		1	Sing	Masc	הִשְׁתַּחַרְתִּי	הִשְׁתַחֵר	3
33	רצו	רצה	PAAL		3	Plur	Masc	רָצוּ	רָצָה	467
47	נתחיל	התחיל	HIFIL		1	Plur	Masc	נַתְחִיל	הִתְחִיל	351
9	נחשבת	נחשב	NIFAL	Part	3	Sing	Fem	נֶחֱשֶׁבֶת	נֶחֱשָׁב	40
2	הופכת	הפך	PAAL	Part	3	Sing	Fem	הוֹפֶּכֶת	הָפַךְ	96
3	טסו	טסה	PAAL		3	Plur	Masc	טָּסוּ	טָּסָה	8
9	להרוויח	הרוויח	HIFIL	Inf				לְהַרְוִויחַ	הִרְוִויחַ	22
8	נכנסו	נכנס	NIFAL		3	Plur	Fem	נִכְנְסוּ	נִכְנַס	148
1	שילמו	שילם	PIEL		3	Plur	Masc	שִׁילְּמוּ	שִׁילֵּם	54
2	ביקשו	ביקש	PIEL		3	Plur	Masc	בִּיקְּשׁוּ	בִּיקֵּשׁ	78
6	להציג	הציג	HIFIL	Inf				לְהַצִּיג	הִצִּיג	9
4	מסתיימת	הסתיים	HITPAEL	Part	1,2,3	Sing	Fem	מִסְתַּיֶּימֶת	הִסְתַיֵּים	14
4	נגמרת	נגמר	NIFAL	Part	3	Sing	Fem	נִגְמֶרֶת	נִגְמַר	42
1	מכינות	מכינה	PIEL	Part	3	Plur	Fem	מְכִינוֹת	מְכִינָה	1
3	טסים	טס	PAAL	Part	3	Plur	Masc	טָּסִים	טָס	18
1	יוצרים	יצר	PAAL	Part	3	Plur	Masc	יוֹצְרִים	יָצַר	53
9	המשיך	המשיך	HIFIL		3	Sing	Masc	הִמְשִׁיךְ	הִמְשִׁיךְ	113
3	נמשכה	נמשך	NIFAL		3	Sing	Fem	נִמְשְׁכָה	נִמְשָׁךְ	17
10	נמאס	נמאס	NIFAL	Part	3	Sing	Masc	נִמְאַס	נִמְאַס	10
2	החלו	החל	HIFIL		3	Plur	Masc	הֵחֵלּוּ	הֵחֵל	14
8	להתייחס	התייחס	HITPAEL	Inf				לְהִתְיַיחֵס	הִתְיַיחֵס	32
12	גרמו	גרם	PAAL		3	Plur	Masc	גָּרְמוּ	גָּרַם	107
29	לחשוב	חשב	PAAL	Inf				לַחֲשׁוֹב	חָשַׁב	318
6	לטוס	טס	PAAL	Inf				לָטוּס	טָס	18
1	הצטמצמה	הצטמצם	HITPAEL		3	Sing	Fem	הִצְטַמְצְמָה	הִצְטַמְצֵם	1
1	צמך	צמך	PAAL		3	Sing	Masc	צַּמְךָ	צַּמְךָ	2
1	קטנטנות	קנטן	PAAL	Part	3	Plur	Fem	קְטַנְטַנּוֹת	קֶנְטֶן	1
4	שודרה	שודר	PUAL		3	Sing	Fem	שׁוּדְּרָה	שׁוּדַּר	6
7	גרמה	גרם	PAAL		3	Sing	Fem	גָּרְמָה	גָּרַם	107
1	לדור	דר	PAAL	Inf				לְדוֹר	דַּר	2
1	להתאהב	התאהב	HITPAEL	Inf				לְהִתְאַהֵב	הִתְאַהֵב	1
1	יופיעה	הופיע	HITPAEL		3	Sing	Fem	יוֹפִיעָה	הוֹפִּיעַ	26
1	גדלדנו	גדלד	PAAL		1	Plur	Masc	גְּדַלְדֵּנוּ	גְּדַלְד	1
1	התמכרנו	התמכר	HITPAEL		1	Plur	Fem,Masc	הִתְמַכַּרְנוּ	הִתְמַכֵּר	3
2	להתמכר	התמכר	HITPAEL	Inf				לְהִתְמַכֵּר	הִתְמַכֵּר	3
1	עוקבת	עקב	PAAL	Part	3	Sing	Fem	עוֹקֶבֶת	עֵקֶב	34
3	מצטרף	הצטרף	HITPAEL	Part	1,2,3	Sing	Masc	מִצְטָרֵף	הִצְטָרֵף	26
2	שטס	שטס	PAAL		3	Sing	Masc	שֶׁטָס	שֶׁטָס	2
1	שנלחמים	שנלחם	PAAL	Part	3	Plur	Masc	שֶׁנִלְחָמִים	שֶׁנִלְחַם	1
1	מצולמים	צולם	PUAL	Part	3	Plur	Masc	מְצוּלָּמִים	צוֹלֵם	2
1	שולפו	שולף	PAAL		3	Plur	Masc	שׁוּלְּפוּ	שׁוֹלֵף	1
9	לעזוב	עזב	PAAL	Inf				לַעֲזוֹב	עָזַב	32
6	לרוץ	רץ	PAAL	Inf				לָרוּץ	רָץ	10
28	לשבת	ישב	PAAL	Inf				לָשֶׁבֶת	יָשְַׁב	65
2	חולם	חלם	PAAL	Part	2	Sing	Masc	חוֹלֵם	חָלַם	10
1	התנגן	התנגן	HITPAEL		3	Sing	Masc	הִתְנַגֵּן	הִתְנַגֵּן	3
1	יחק	יחק	PAAL		3	Sing	Masc	יַחַק	יַחַק	1
3	לחלום	חלם	PAAL	Inf				לַחֲלוֹם	חָלַם	10
1	מורגשת	הורגש	PUAL	Part	3	Sing	Fem	מוּרְגֶּשֶׁת	הוּרְגַּשׁ	4
1	שיחקת	שיחק	PAAL		3	Sing	Fem	שִִׂיחַקְתָּ	שִִׂיחֵק	12
1	הדביעו	הדביע	HIFIL		3	Plur	Masc	הִדְבִּיעוּ	הִדְבִּיעַ	1
1	רו	רו	PAAL		3	Plur	Masc	רוּ	רוּ	1
17	באו	בא	PAAL		3	Plur	Masc	בָּאוּ	בָּא	264
1	קיללו	קילל	PAAL		3	Plur	Masc	קִילְּלוּ	קִילֵּל	4
5	השאירו	השאיר	HIFIL		3	Plur	Masc	הִשְׁאִירוּ	הִשְׁאִיר	19
1	חלחלו	חלחל	PAAL		3	Plur	Masc	חִלְחֲלוּ	חַלְחַל	1
19	סיים	סיים	PIEL		3	Sing	Masc	סִּייֵּם	סִּייֵּם	69
2	השתחרר	השתחרר	HITPAEL		3	Sing	Masc	הִשְׁתַחְרֵר	הִשְׁתַחְרֵר	9
14	חשב	חשב			3	Sing	Masc	חָשַׁב	חָשַׁב	318
3	ניצחה	ניצח	PIEL		3	Sing	Fem	נִיצְּחָה	נִיצֵּחַ	11
14	עבדתי	עבד	PAAL		1	Sing	Masc	עָבַדְתִּי	עָבַד	226
5	לחסוך	חסך	PAAL	Inf				לַחֲסוֹךְ	חָסָךְ	7
1	הספיקו	הספיק	HIFIL		3	Plur	Masc	הִסְפִּיקוּ	הִסְפִּיק	21
3	אכלו	אכל	PAAL		3	Plur	Masc	אָכְלוּ	אָכַל	97
2	חלפו	חלף	PAAL		3	Plur	Fem,Masc	חָלְפוּ	חָלַף	2
8	ירד	ירד	PAAL		3	Sing	Masc	יָרַד	יָרַד	48
2	נפגשנו	נפגש	HITPAEL		1	Plur	Masc	נִפְגַּשְׁנוּ	נִפְגַּשׁ	31
1	לבלבל	בלבל	PIEL	Inf				לְבַלְבֵּל	בִּלְבֵּל	2
19	חזרו	חזר			3	Plur	Fem,Masc	חָזְרוּ	חָזַר	175
1	דערתי	דער	PAAL		1	Sing	Masc	דָּעַרְתִּי	דַּעַר	1
1	טיפסתי	טיפס	PIEL		1	Sing	Masc	טִיפַּסְתִּי	טִיפֵּס	2
1	צפיתי	צפה	PAAL		1	Sing	Masc	צָּפִיתִי	צָּפָה	6
1	מתנפץ	התנפץ	HITPAEL	Part	1,2,3	Sing	Masc	מִתְנַפֵּץ	הִתְנַפֵּץ	1
7	נמשך	נמשך	NIFAL		3	Sing	Masc	נִמְשָׁךְ	נִמְשָׁךְ	17
4	מעתי	מעת	PAAL		1	Sing	Masc	מַעְתִּי	מֵעֵת	4
1	היפה	היפה	HIFIL		3	Sing	Fem	הַיָּפָה	הַיָּפָה	2
29	עשתה	עשה	PAAL		3	Sing	Fem	עָשְׂתָה	עָשָׂה	760
85	קרה	קרה	PAAL		3	Sing	Masc	קָּרָה	קָּרָה	230
9	להתווכח	התווכח	HITPAEL	Inf				לְהִתְוַוכֵּחַ	הִתְוַוכֵּחַ	9
2	טעילו	העיל	PAAL		3	Plur	Masc	טָעִילוּ	הָעִיל	2
1	הורגנה	הורגן	HUFAL		3	Sing	Fem	הוּרְגְּנָה	הוֹרְגֵּן	1
2	נערכה	נערך	NIFAL		3	Sing	Fem	נֶעֶרְכָה	נֶעֱרַךְ	10
1	ימציא	המציא	HIFIL		3	Sing	Masc	יַמְצִיא	הִמְצִיא	2
10	מבקשים	ביקש	PIEL	Part	3	Plur	Masc	מְבַקְּשִׁים	בִּיקֵּשׁ	78
1	מונה	מונה	PUAL		3	Sing	Masc	מוּנָּה	מוּנָּה	1
3	גילינו	גילה	PIEL		1	Plur	Masc	גִּילִינוּ	גִּילָה	37
1	טפת	טפה	PAAL		3	Sing	Masc	טַפְתָ	טָּפָה	3
8	להוכיח	הוכיח	HIFIL	Inf				לְהוֹכִיחַ	הוֹכִיחַ	13
3	התקיימה	התקיים	HITPAEL		3	Sing	Fem	הִתְקַיְּימָה	הִתְקַיֵּים	12
5	מנצח	מנצח	PIEL	Part	1,2,3	Sing	Masc	מְנַצֵּחַ	מְנַצֵּחַ	5
27	נגמר	נגמר	NIFAL		3	Sing	Masc	נִגְמַר	נִגְמַר	42
1	רער	רער	PAAL		3	Sing	Masc	רַעַר	רַעַר	1
3	דרש	דרש	PAAL		3	Sing	Masc	דָּרַשׁ	דָּרַשׁ	24
6	לקיים	קיים	PIEL	Inf				לְקַיֵּים	קַיָּים	9
4	חוזרת	חזר	PAAL	Part	1,2,3	Sing	Fem	חוֹזֶרֶת	חָזַר	175
2	להתחרות	התחרה	HITPAEL	Inf				לְהִתְחָרוֹת	הִתְחָרָה	15
3	הבנתם	הבנתם	HIFIL		1	Plur	Masc	הֵבַנְתֶּם	הֵבַנְתֶּם	3
10	ידע	ידע	PAAL		3	Sing	Masc	יֶדַע	יֶדַע	335
1	משועמים	שועם	PUAL	Part	3	Plur	Masc	מְשׁוּעָמִים	שׁוֹעַם	1
1	נקצר	נקצר	NIFAL		3	Sing	Masc	נִקְצַר	נִקְצַר	1
2	מתנצל	התנצל	HITPAEL	Part	1	Sing	Masc	מִתְנַצֵּל	הִתְנַצֵּל	4
1	תמש	תמש	PAAL		3	Sing	Masc	תָּמָשׁ	תָּמָשׁ	1
2	חייתי	חיית	PAAL		1	Sing	Masc	חָיִיתִי	חַיִית	2
1	טסתי	טס	PAAL		1	Sing	Masc	טַסְתִּי	טָס	18
1	התחרטי	התחרט	HITPAEL		3	Sing	Masc	הִתְחָרְטִי	הִתְחָרֵט	1
6	לארגן	ארגן	PIEL	Inf				לְאַרְגֵּן	אִרְגֵּן	10
3	קופץ	קפץ	PAAL	Part	3	Sing	Masc	קוֹפֵּץ	קָפַץ	28
28	להתחיל	להתחיל	HITPAEL	Inf				לְהַתְּחִיל	לְהַתְּחִיל	28
24	עברה	עבר	PAAL		3	Sing	Fem	עָבְרָה	עָבַר	261
1	ממוקמת	מוקם	PUAL	Part	1,2,3	Sing	Fem	מְמוּקֶּמֶת	מוּקָּם	1
3	שמתי	שם	PAAL		1	Sing	Masc	שַּׂמְתִּי	שָׁם	79
2	נוסיף	הוסיף	HIFIL		1	Plur	Masc	נוֹסִיף	הוֹסִיף	23
1	ימשוך	משך	HIFIL		3	Sing	Masc	יִמְשׁוֹךְ	מֶשֶׁךְ	22
2	מנה	מנה	PAAL		3	Sing	Fem	מָנָה	מָנָה	3
1	מייעץ	ייעץ	PIEL	Part	1,2,3	Sing	Masc	מְיַיעֵץ	יִיעֵץ	1
7	קמה	קם	PAAL		3	Sing	Fem	קָּמָה	קָם	28
3	ישנתי	יש	PAAL		3	Sing	Masc	יָשְַׁנָתִי	יֵשׁ	1153
6	שינה	שינה	PIEL		3	Sing	Fem	שֵׁינָה	שֵׁינָה	70
3	נהיה	היה	PAAL		3	Sing	Masc	נִהְיֶה	הָיָה	350
2	טיילתי	טייל	PAAL		1	Sing	Masc	טִייַּלְתִּי	טַיֵּיל	25
2	נדלק	נדלק	NIFAL		3	Sing	Masc	נִדְלַק	נִדְלַק	3
14	מבקש	ביקש	PIEL	Part	1,2,3	Sing	Masc	מְבַקֵּשׁ	בִּיקֵּשׁ	78
2	זכרתי	זכר	PAAL		1	Sing	Masc	זָּכַרְתִּי	זֵכֶר	66
7	מגיעות	הגיע	HIFIL	Part	3	Plur	Fem	מַגִּיעוֹת	הִגִּיעַ	464
29	שואל	שאל	PAAL	Part	2	Sing	Masc	שׁוֹאֵל	שָׁאַל	111
1	נתקעו	נתקע	NIFAL		3	Plur	Masc	נִתְקְעוּ	נִתְקַע	11
11	מעדיפים	העדיף	HIFIL	Part	3	Plur	Masc	מַעֲדִיפִים	הֶעֱדִיף	19
6	מטיילים	טייל	HITPAEL	Part	3	Plur	Masc	מְטַיְּילִים	טַיֵּיל	25
8	שינתה	שינה	PIEL		3	Sing	Fem	שִׁינְּתָה	שֵׁינָה	70
1	נהיית	היה	NIFAL	Part	3	Sing	Fem	נִהְיֵית	הָיָה	350
1	מגבילים	הגביל	HIFIL	Part	3	Plur	Masc	מַגְבִּילִים	הִגְּבִיל	2
2	לחול	חל	PAAL	Inf				לָחוּל	חָל	5
5	לחוות	חווה	PIEL	Inf				לַחַוָּוֹת	חַוָּוָה	14
21	תשמע	שמע	PAAL		2	Sing	Masc	תִּשָׁמַע	שָׁמַע	173
33	עשה	עשה	PAAL		3	Sing	Masc	עָשָׂה	עָשָׂה	760
1	קצר	קצר	PAAL	Part	3	Sing	Masc	קָצָר	קָצָר	3
1	להכחיש	הכחיש	HIFIL	Inf				לְהַכְחִישׁ	הִכְחִישׁ	1
2	לקצר	קיצר	PIEL	Inf				לְקַצֵּר	קִיצֵּר	3
20	חיים	חי	PAAL	Part	3	Plur	Masc	חַיִים	חַי	62
18	מצליחים	הצליח	HIFIL	Part	3	Plur	Masc	מַצְלִיחִים	הִצְלִיחַ	128
1	משפים	שיפה	PIEL	Part	3	Plur	Masc	מַשָּׁפִים	שִׁיפָּה	1
19	מחפשים	חיפש	PIEL	Part	3	Plur	Masc	מְחַפְּשִׂים	חִיפֵּשׂ	60
2	להתנדב	התנדב	HITPAEL	Inf				לְהִתְנַדֵּב	הִתְנַדֵּב	3
4	מדמיינים	הדמיין	PIEL	Part	1	Plur	Masc	מְדַמְיְינִים	הִדְמַיֵּין	4
1	נולדת	נולד	NIFAL	Part	3	Sing	Fem	נוֹלֶדֶת	נוֹלַד	29
1	מתבטא	התבטא	HITPAEL	Part	3	Sing	Masc	מִתְבַטֵּא	הִתְבַּטֵא	1
1	מלטייל	הלטייל	PIEL	Part			Masc	מִלְּטַיֵּיל	הִלְטַיֵּיל	1
1	תופרים	תפר	PAAL	Part	3	Plur	Masc	תּוֹפְרִים	תֶּפֶר	1
6	משתנה	השתנה	HITPAEL	Part	3	Sing	Masc	מִשְׁתַנֶּה	הִשְׁתַּנָה	40
6	מכניסים	הכניס	HIFIL	Part	3	Plur	Masc	מַכְנִיסִים	הִכְּנִיס	40
12	בוחרים	בחר	PAAL	Part	3	Plur	Masc	בּוֹחֲרִים	בָּחַר	64
8	נוסע	נסע	PAAL	Part	1	Sing	Masc	נוֹסֵעַ	נָסַע	41
11	יושב	ישב	PAAL	Part	2	Sing	Masc	יוֹשֵׁב	יָשְַׁב	65
1	חוקר	חוקר	PAAL	Part	1,2,3	Sing	Masc	חוֹקֵר	חוֹקֵר	1
1	רומז	רמז	PAAL	Part	1,2,3	Sing	Masc	רוֹמֵז	רֶמֶז	1
6	מוריד	הוריד	HIFIL	Part	3	Sing	Masc	מוֹרִיד	הוֹרִיד	44
12	להתקשר	התקשר	HITPAEL	Inf				לְהִתְקַשֵּׁר	הִתְקַשֵּׁר	26
2	פגש	פגש	PAAL		3	Sing	Masc	פָּגַשׁ	פָּגַשׁ	35
1	תבין	הבין	PAAL		3	Sing	Masc	תָּבִין	הֵבִין	159
8	מעבירים	העביר	HIFIL	Part	3	Plur	Masc	מַעֲבִירִים	הֶעֱבִיר	40
13	לך	הלך	PAAL		2	Sing	Masc	לְךָ	הָלַךְ	266
25	קיבל	קיבל	PIEL		3	Sing	Masc	קִיבֵּל	קִיבֵּל	245
4	ידעת	ידע	PAAL		2	Sing	Fem	יָדַעְתָּ	יֶדַע	335
18	להשיג	השיג	HIFIL	Inf				לְהַשִִּׂיג	הִשִּׂיג	18
33	נשאר	נשאר	NIFAL		3	Sing	Masc	נִשְׁאַר	נִשְׁאַר	101
11	לקרות	לקרות	PAAL	Inf				לִקְרוֹת	לִקְרוֹת	11
13	יהיו	היה			3	Plur	Fem,Masc	יִהְיוּ	הָיָה	350
2	תכננו	תכנן	PIEL		1	Plur	Masc	תִּכְנְּנוּ	תִּכְנֵן	13
3	להתכונן	התכונן	HITPAEL	Inf				לְהִתְכּוֹנֵן	הִתְכּוֹנֵן	5
6	השתנתה	השתנה	HITPAEL		3	Sing	Fem	הִשְׁתַנְּתָה	הִשְׁתַּנָה	40
5	חווים	חווה	PAAL	Part	3	Plur	Masc	חַוִוים	חַוָּוָה	14
9	מעלה	העלה	HIFIL	Part	1,2,3	Sing	Masc	מַעְלָה	הֶעֱלָה	27
6	תשים	שם	PAAL		3	Plur	Masc	תָּשִׂים	שָׁם	79
4	קניתי	קנה	PAAL		1	Sing	Masc	קָּנִיתִי	קָּנָה	98
4	מתאימים	התאים	PIEL	Part	3	Plur	Masc	מַתְאִימִים	הִתְאִים	34
1	ביררתי	בירר	PAAL		1	Sing	Masc	בֵּירַרְתִּי	בֵּיְרֵר	4
58	נמצאים	נמצא	NIFAL	Part	3	Plur	Masc	נִמְצָאִים	נִמְצָא	225
61	נראה	נראה	NIFAL	Part	3	Sing	Masc	נִרְאֶה	נִרְאֶה	83
4	אשים	שם	PAAL		1	Sing	Masc	אָשִׁים	שָׁם	79
2	לדמיין	דמיין	PIEL	Inf				לְדַמְיֵין	דִּמְיֵין	12
8	מגלה	גילה	PAAL	Part	2	Sing	Masc	מְגַלֶּה	גִּילָה	37
13	עמד	עמד			3	Sing	Masc	עָמַד	עָמַד	86
54	לקנות	קנה	PAAL	Inf				לִקְנוֹת	קָּנָה	98
1	רשם	רשם	PAAL		3	Sing	Masc	רָשַׁם	רָשַׁם	6
17	נעשה	נעשה	NIFAL		3	Sing	Masc	נַעֲשָׂה	נַעֲשָׂה	23
8	הופך	הפך	PAAL	Part	3	Sing	Masc	הוֹפֵּךְ	הָפַךְ	96
2	דמיינתי	דמיין	HIFIL		1	Sing	Masc	דִּמְיַינְתִּי	דִּמְיֵין	12
1	התייעצתי	התייע	HITPAEL		1	Sing	Masc	הִתְיַיעַצְתִּי	הִתְיַיעַ	2
10	להחליף	החליף	HIFIL	Inf				לְהַחֲלִיף	הֶחֱלִיף	23
10	מצא	מצא	PAAL		3	Sing	Masc	מָצָא	מָצָא	125
9	קרו	קרה	PAAL		3	Plur	Masc	קָּרוּ	קָּרָה	230
1	התנגשו	התנגש	HITPAEL		3	Plur	Fem,Masc	הִתְנַגְּשׁוּ	הִתְנַגֵּשׁ	3
2	התנגש	התנגש	HITPAEL		3	Sing	Masc	הִתְנַגֵּשׁ	הִתְנַגֵּשׁ	3
7	התחלת	התחלה	PAAL		2	Sing	Masc	הִתְחַלְתָּ	הַתְּחָלָה	7
1	מסאיר	הסאיר	PIEL	Part	3	Sing	Masc	מַסְאִיר	הִסְאִיר	2
1	יגיל	הגיל	PAAL		3	Sing	Masc	יָגִיל	הַגִּיל	2
3	תיים	תיים	PAAL		1	Plur	Masc	תַּיִים	תַּיִים	3
10	להפסיק	הפסיק	HIFIL	Inf				לְהַפְּסִיק	הִפְסִיק	42
3	נרשם	נרשם	NIFAL		3	Sing	Masc	נִרְשָׁם	נִרְשָׁם	6
1	קורס	קורס	PAAL	Part	3	Sing	Masc	קוּרְס	קוּרְס	1
44	קוראים	קרא	PAAL	Part	3	Plur	Masc	קוֹרְאִים	קָרָא	113
1	קיצר	קיצר	PAAL	Part	3	Sing	Masc	קִיצֵּר	קִיצֵּר	3
1	קשבתי	קשב	PAAL		1	Sing	Masc	קָשַׁבְתִּי	קֶשֶׁב	1
6	הלכתי	הלך	PAAL		1	Sing	Masc	הָלַכְתִּי	הָלַךְ	266
23	לחפש	חיפש	PIEL	Inf				לְחַפֵּשׂ	חִיפֵּשׂ	60
1	אבד	יבד	PAAL		1	Sing	Masc	אָבַד	יָבַד	1
1	נבהלתי	נבהל	HITPAEL		1	Sing	Masc	נִבְהַלְתִּי	נִבְהַל	2
1	גנזתי	גנז	PAAL		1	Sing	Masc	גָּנַזְתִּי	גַּנָּז	1
3	נלך	הלך	PAAL		1	Plur	Masc	נֵלֵךְ	הָלַךְ	266
1	אמצא	מצצא	PAAL		1	Sing	Masc	אֶמְצָא	מִצְּצָא	4
1	אביא	הביא	HIFIL		1	Sing	Masc	אָבִיא	הֵבִיא	77
2	אקח	אקח	PAAL		1	Sing	Masc	אֶקַּח	אֶקַּח	2
1	אקנה	קנה	PAAL		1	Sing	Masc	אַקְנָה	קָּנָה	98
1	להגיל	הגיל	HIFIL	Inf				לְהַגִּיל	הַגִּיל	2
7	יגיע	הגיע	HIFIL		3	Sing	Masc	יַגִּיעַ	הִגִּיעַ	464
10	לרדת	ירד	PAAL	Inf				לָרֶדֶת	יָרַד	48
1	הצטרך	הצטרך	HITPAEL		3	Sing	Masc	הִצְטָרֵךְ	הִצְטָרֵךְ	8
8	להסתדר	הסתדר	HITPAEL	Inf				לְהִסְתַדֵּר	הִסְתַדֵּר	21
3	להשקיע	השקיע	HIFIL	Inf				לְהַשְׁקִיעַ	הִשְׁקִיעַ	8
8	בחר	בחר	PAAL		3	Sing	Masc	בָּחַר	בָּחַר	64
2	להתעצבן	התעצבן	HITPAEL	Inf				לְהִתְעַצְבֵּן	הִתְעַצְבֵּן	4
1	להירגע	נרגע	HITPAEL	Inf				לְהֵירָגַע	נִרְגַּע	4
19	לנסוע	נסע	PAAL	Inf				לִנְסוֹעַ	נָסַע	41
4	נשארתי	נשאר	NIFAL		1	Sing	Masc	נִשְׁאַרְתִּי	נִשְׁאַר	101
30	לגור	גר	PAAL	Inf				לָּגוּר	גָּר	91
15	מצאו	מצא	PAAL		3	Plur	Masc	מָצְאוּ	מָצָא	125
3	מצאנו	מצא	PAAL		1	Plur	Masc	מָצָאנוּ	מָצָא	125
1	טיענו	טיען	PAAL		1	Plur	Masc	טִּיעֲנוּ	טִיעֵן	1
5	נפתח	נפתח	NIFAL		3	Sing	Masc	נִפְתַּחַ	נִפְתַּחַ	17
1	להתעלקים	התעלק	HITPAEL	Inf				לְהִתְעַלְּקִים	הִתְעַלֵּק	1
3	פתחנו	פתח	PAAL		1	Plur	Masc	פָּתַחְנוּ	פֶּתַח	77
1	נהיתי	נהית	PAAL		1	Sing	Masc	נָהִיתִי	נִהְיַת	1
12	פתחתי	פתח	PAAL		1	Sing	Masc	פָּתַחְתִּי	פֶּתַח	77
1	מתמחים	התמחה	HITPAEL	Part	1	Plur	Masc	מִתְמַחִים	הִתְמַחָה	1
1	מחולקת	חולק	PUAL	Part	3	Sing	Fem	מְחוּלֶּקֶת	חוֹלֵק	5
2	יאומן	אומן	PAAL		3	Sing	Masc	יְאוּמַּן	אוּמָּן	2
21	לפתוח	פתח	PAAL	Inf				לִפְתּוֹחַ	פֶּתַח	77
17	לענות	לענות	PAAL	Inf				לַעֲנוֹת	לַעֲנוֹת	17
8	ישב	ישב	PAAL		3	Sing	Masc	יָשְַׁב	יָשְַׁב	65
21	אמרת	אמר	PAAL		2	Sing	Masc	אָמַרְתָּ	אָמַר	997
2	התכוונתי	התכוון	HITPAEL		1	Sing	Masc	הִתְכַּוַּונְתִּי	הִתְכַוֵּון	26
17	חשבתי	חשב	PAAL		1	Sing	Masc	חָשְַׁבָתִי	חָשַׁב	318
1	קרסו	קרס	PAAL		3	Plur	Masc	קָּרְסוּ	קֶרֶס	2
1	מתבסס	התבסס	HITPAEL	Part	3	Sing	Masc	מִתְבַסֵּס	הִתְבַסֵּס	1
2	מאפיין	אפיין	PAAL	Part	3	Sing	Masc	מְאַפְיֵין	אַפְיָין	2
1	למתוח	מתח	PAAL	Inf				לִמְתּוֹחַ	מֶתַח	1
5	צודק	צדק	PAAL	Part	2	Sing	Masc	צוֹדֵק	צֶּדֶק	7
7	תעשה	עשה	PAAL		2	Sing	Masc	תַּעֲשֶׂה	עָשָׂה	760
12	תראה	ראה	PAAL		2	Sing	Masc	תִּרְאֶה	רָאָה	268
17	לוקח	לקח	PAAL	Part	1	Sing	Masc	לוֹקֵחַ	לֶקַח	156
1	תעזרו	עזר	HIFIL		1	Plur	Masc	תַּעַזְרוּ	עֵזֶר	160
14	ידעו	ידע	PAAL		3	Plur	Masc	יָדְעוּ	יֶדַע	335
4	יבוא	בא	PAAL		3	Sing	Masc	יָבוֹא	בָּא	264
58	לעזור	עזר	PAAL	Inf				לַעֲזוֹר	עֵזֶר	160
7	עזבו	עזב	PAAL		3	Plur	Masc	עָזְבוּ	עָזַב	32
4	הצטרפו	הצטרף	HITPAEL		3	Plur	Fem,Masc	הִצְטָרְפוּ	הִצְטָרֵף	26
1	להיפות	היפה	PIEL	Inf				לְהִיפּוּת	הַיָּפָה	2
8	קיבלנו	קיבל	PIEL		1	Plur	Masc	קִיבַּלְנוּ	קִיבֵּל	245
2	יצרתי	יצר	PAAL		1	Sing	Masc	יָצַרְתִּי	יָצַר	53
1	שרצו	שרץ	PIEL		3	Plur	Masc	שֶׁרָצוּ	שֶׁרֶץ	18
7	להתעסק	התעסק	HITPAEL	Inf				לְהִתְעַסֵּק	הִתְעַסֵּק	20
2	ישן	ישן	PAAL		3	Sing	Masc	יָשֵׁן	יָשֵׁן	23
1	שחס	שחס	PAAL		3	Sing	Masc	שֶׁחָס	שֶׁחָס	1
1	ייפול	נפל	PAAL		3	Sing	Masc	יִיפּוֹל	נָפַל	20
3	הזאתי	הזיא	HIFIL		1	Sing	Fem	הַזֹּאתִי	הֵזִיא	3
2	ילך	הלך	PAAL		3	Sing	Masc	יֵלֵךְ	הָלַךְ	266
3	לחצות	לחצות	PAAL	Inf				לַחֲצוֹת	לַחֲצוֹת	3
5	עסוקים	עסוק	PAAL	Part	3	Plur	Masc	עֲסוּקִים	עָסוּק	5
2	הלכנו	הלך	HIFIL		1	Plur	Masc	הָלַכְנוּ	הָלַךְ	266
4	אכלת	אכל	PAAL		1	Sing	Masc	אָכַלְתָּ	אָכַל	97
1	משולב	משולב	PUAL	Part	1,2,3	Sing	Masc	מְשׁוּלָּב	מְשׁוּלָּב	1
3	תלך	הלך	PAAL		3	Sing	Masc	תֵּלֵךְ	הָלַךְ	266
8	מתכננים	תכנן	PIEL	Part	1,2,3	Plur	Masc	מְתַכְנְנִים	תִּכְנֵן	13
4	דורש	דרש	PAAL	Part	3	Sing	Masc	דּוֹרֵשׁ	דָּרַשׁ	24
11	נחזור	חזר	PAAL		1	Plur	Masc	נַחֲזוֹר	חָזַר	175
5	מתרגשים	התרגש	HITPAEL	Part	3	Plur	Masc	מִתְרַגְּשִׁים	הִתְרַגֵּשׁ	18
1	נבעת	נבע	NIFAL		3	Sing	Fem	נָבַעְתָ	נָבַע	2
11	מניח	הניח	HIFIL	Part	1	Sing	Masc	מַנִּיחַ	הִנִּיחַ	22
1	התבשל	התבשל	HITPAEL		3	Sing	Masc	הִתְבַשֵּׁל	הִתְבַשֵּׁל	2
2	נטייל	טייל	PAAL		1	Plur	Masc	נְטַיְיל	טַיֵּיל	25
1	נטאל	נטאל	PAAL		1	Sing	Masc	נָטָאל	נָטָאל	1
5	יצאנו	יצא	PAAL		1	Plur	Masc	יָצָאנוּ	יָצָא	241
1	נסתדר	הסתדר	PAAL		1	Plur	Masc	נִסְתַדֵּר	הִסְתַדֵּר	21
1	נגרום	נגר	PAAL		1	Plur	Masc	נִגְרוֹם	נַּגָּר	1
2	תפו	נפה	PAAL		2	Plur	Masc	תֵּפוֹ	נָפֶה	2
1	טפו	טפה	PAAL		1	Plur	Masc	טְפוּ	טָּפָה	3
8	נהנים	נהנה	NIFAL	Part	3	Plur	Masc	נֶהֱנִים	נֶהֱנֶה	32
17	נשארו	נשאר	NIFAL		3	Plur	Masc	נִשְׁאֲרוּ	נִשְׁאַר	101
1	מחייב	חייב	PIEL	Part	3	Sing	Masc	מְחַיֵּיב	חַיָּיב	5
21	להישאר	נשאר	NIFAL	Inf				לְהִישָּׁאֵר	נִשְׁאַר	101
4	לתאר	תיאר	PIEL	Inf				לְתָאֵר	תֵּיָאֵר	18
1	מתפטא	התפטא	HITPAEL	Part	3	Sing	Masc	מִתְפַטֵּא	הִתְפַטֵּא	1
18	לפגוש	פגש	PAAL	Inf				לִפְגּוֹשׁ	פָּגַשׁ	35
5	נניח	הניח	HIFIL		1	Plur	Masc	נַנִּיחַ	הִנִּיחַ	22
11	לוותר	ויתר	PIEL	Inf				לְוַותֵּר	וִיתֵּר	11
1	ביטרו	ביטר	PAAL		1	Plur	Masc	בִּיטְּרוֹ	בִּיטֵר	1
6	יעשו	עשה	PAAL		3	Plur	Fem,Masc	יַעֲשׂוּ	עָשָׂה	760
2	יצאתם	יצא	PAAL		1	Plur	Masc	יְצָאתֶם	יָצָא	241
5	לבלות	לבלות	PAAL	Inf				לְבַלּוֹת	לְבַלּוֹת	5
2	משאירים	השאיר	HIFIL	Part	1	Plur	Masc	מַשְׁאִירִים	הִשְׁאִיר	19
28	לחיות	חי		Inf				לִחְיוֹת	חַי	62
5	מחוברים	חובר	PUAL	Part	3	Plur	Masc	מְחוּבָּרִים	חוֹבֵּר	13
1	הישתחררו	הישתחרר	HITPAEL		1	Plur	Masc	הִישְׁתַחְרְרוּ	הִישְׁתַחְרֵר	1
1	שירטו	שירט	PAAL		3	Plur	Masc	שִׁירְּטוּ	שֶׁיָּרַט	7
27	מבינים	הבין	HIFIL	Part	3	Plur	Masc	מְבִינִים	הֵבִין	159
44	ללכת	הלך	PAAL	Inf				לָלֶכֶת	הָלַךְ	266
3	להסתפר	הסתפר	HITPAEL	Inf				לְהִסְתַפֵּר	הִסְתַפֵּר	3
1	לקשקש	קשקש	PAAL	Inf				לְקַשְׁקֵשׁ	קַשְׂקַשׁ	1
1	נותר	נותר	NIFAL	Part	1	Sing	Masc	נוֹתַר	נוֹתַר	1
3	מתקשר	התקשר	HITPAEL	Part	3	Sing	Masc	מְתַקְשֵׁר	הִתְקַשֵּׁר	26
2	לחבות	לחבות	PAAL	Inf				לְחָבוֹת	לְחָבוֹת	2
1	להתנתק	התנתק	HITPAEL	Inf				לְהִתְנַתֵּק	הִתְנַתֵּק	1
1	תבדקי	בדק	HIFIL		1	Plur	Masc	תִּבְדְּקִי	בָּדַק	52
1	תסתכלי	הסתכל	PAAL		1	Plur	Masc	תִּסְתַכְּלִי	הִסְתַּכֵּל	61
1	נסעת	נסע	PAAL		3	Sing	Fem	נָסַעְתָּ	נָסַע	41
3	מסתכלת	הסתכל	HITPAEL	Part	1	Sing	Fem	מִסְתַּכֶּלֶת	הִסְתַּכֵּל	61
7	עונה	ענה	PAAL	Part	3	Sing	Fem	עוֹנָה	עָנָה	18
19	עוזרת	עזר	PAAL	Part	3	Sing	Fem	עוֹזֶרֶת	עֵזֶר	160
7	עומדת	עמד	PAAL	Part	1	Sing	Fem	עוֹמֶדֶת	עָמַד	86
2	נערכתי	נערך	NIFAL		1	Sing	Masc	נֶעֱרַכְתִּי	נֶעֱרַךְ	10
1	קשנה	קשן	PAAL		3	Sing	Fem	קְשֵׁנָה	קֶשֶׁן	1
1	נסה	נסה	PAAL		3	Sing	Fem	נִסָּה	נִסָּה	4
4	הוציאה	הוציא	HIFIL		3	Sing	Fem	הוֹצִיאָה	הוֹצִיא	62
7	משתדלים	השתדל	HITPAEL	Part	1	Plur	Masc	מִשְׁתַּדְּלִים	הִשְׁתַדֵּל	11
27	משתמשים	השתמש	HITPAEL	Part	3	Plur	Masc	מִשְׁתַּמְשִׁים	הִשְׁתַמֵּשׁ	84
1	קבע	קבע	PAAL		3	Sing	Masc	קֶבַע	קֶבַע	55
12	קיבלתי	קיבל	PIEL		1	Sing	Masc	קִיבַּלְתִּי	קִיבֵּל	245
3	מחליטה	החליט	HIFIL	Part	1,2,3	Sing	Fem	מַחֲלִיטָה	הֶחֱלִיט	164
1	לצרף	צירף	PIEL	Inf				לְצָרֵף	צֵּיְרֵף	3
4	פוגשים	פגש	PAAL	Part	3	Plur	Masc	פּוֹגְשִׁים	פָּגַשׁ	35
1	אלך	אלך	PAAL		2	Sing	Masc	אֵלֵךְ	אֵלֵךְ	1
2	להדריך	הדריך	PIEL	Inf				לְהַדְרִיךְ	הִדְרִיךְ	3
1	אמשיך	המשיך	HIFIL		1	Sing	Masc	אַמְשִׁיךְ	הִמְשִׁיךְ	113
2	ממליצה	המליץ	HIFIL	Part	1,2,3	Sing	Fem	מַמְלִיצָה	הִמְלִיץ	10
1	סיימת	סיים	PAAL		2	Sing	Masc	סִּייַּמְתָּ	סִּייֵּם	69
2	שואלת	שאל	PAAL	Part	1	Sing	Fem	שׁוֹאֶלֶת	שָׁאַל	111
1	משמיע	השמיע	HIFIL	Part	1,2,3	Sing	Masc	מַשְׁמִיעַ	הִשְׁמִיעַ	8
1	מתלבט	התלבט	HITPAEL	Part	1,2,3	Sing	Masc	מִתְלַבֵּט	הִתְלַבֵּט	2
2	מדהים	מדהה	PIEL	Part	1,2,3	Sing	Masc	מַדְהִים	מַדְהֶה	2
1	להיחסף	נחסף	NIFAL	Inf				לְהֵיחָסֵף	נֶחֱסַף	6
10	חשבת	חשב	PAAL		1	Sing	Masc	חָשְַׁבָּת	חָשַׁב	318
1	שתחווה	שתחווה	PAAL		3	Sing	Masc	שֶׁתַחֲוָוה	שֶׁתַחֲוָוה	1
1	שתשים	שתשים	PAAL		3	Plur	Masc	שִׁתָּשִׁים	שִׁתָּשִׁים	1
2	לסחוב	סחב	PAAL	Inf				לִסְחוֹב	סָּחָב	4
1	נרשים	נרשה	NIFAL	Part	3	Plur	Masc	נַרְשִׁים	נַרְשֶׁה	1
5	להתארגן	התארגן	HITPAEL	Inf				לְהִתְאַרְגֵּן	הִתְאַרְגֵּן	6
1	להטעין	הטעין	HIFIL	Inf				לְהַטְעִין	הִטְעִין	1
7	אסור	אסור						אָסוּר	אָסוּר	7
1	פספס	פספס	PIEL		3	Sing	Masc	פַּסְפָּס	פַּסְפָּס	6
16	מסכים	הסכים	HIFIL	Part	1	Sing	Masc	מַסְכִּים	הִסְכִּים	71
1	להיגיל	היגיל	HIFIL	Inf				לְהִיגִּיל	הִיגִּיל	1
12	לשתף	שיתף	PIEL	Inf				לְשְַׁתֵּף	שִׁיתֵּף	18
13	תעשו	עשה	PAAL		2	Plur	Masc	תַּעֲשׂוּ	עָשָׂה	760
10	עוקב	עקב	PAAL	Part	1,2,3	Sing	Masc	עוֹקֵב	עֵקֶב	34
1	תתנו	תתן	PAAL		2	Plur	Masc	תִּתְנוּ	תָּתָן	1
4	שידרתי	שידר	PIEL		1	Sing	Masc	שִׁידַּרְתִּי	שִׁידֵּר	11
1	אציג	הציג	HIFIL		1	Sing	Masc	אַצִּיג	הִצִּיג	9
3	עורר	עורר	PIEL		3	Sing	Masc	עוֹרֵר	עוֹרֵר	9
37	נעבור	עבר	HIFIL		1	Plur	Masc	נַעֲבוֹר	עָבַר	261
13	הצליחה	הצליח	HIFIL		3	Sing	Fem	הִצְלִיחָה	הִצְלִיחַ	128
2	לגנוב	גנב	PAAL	Inf				לִגְּנוֹב	גַּנָּב	4
8	נסיים	סיים	HIFIL		1	Plur	Masc	נִסַּיִים	סִּייֵּם	69
11	להתמודד	התמודד	HITPAEL	Inf				לְהִתְמוֹדֵד	הִתְמוֹדֵד	20
76	מתחילים	התחיל	HIFIL	Part	1	Plur	Masc	מַתְחִילִים	הִתְחִיל	351
1	מכנס	כינס	PIEL	Part	1,2,3	Sing	Masc	מִכְנָס	כִּינֵּס	1
5	נשארת	נשאר	NIFAL	Part	3	Sing	Fem	נִשְׁאֶרֶת	נִשְׁאַר	101
3	נכתב	נכתב	NIFAL		3	Sing	Masc	נִכְתַּב	נִכְתַּב	6
1	נועדו	נועד	NIFAL		3	Plur	Masc	נוֹעֲדוּ	נוֹעַד	3
5	לשבור	שבר	PAAL	Inf				לִשְׁבוֹר	שֶׁבֶר	16
4	אוהבות	אהב	PAAL	Part	3	Plur	Fem	אוֹהֲבוֹת	אָהַב	164
30	להשתמש	השתמש	HITPAEL	Inf				לְהִשְׁתַמֵּשׁ	הִשְׁתַמֵּשׁ	84
1	החרו	החר	HIFIL		3	Plur	Masc	הֶחֱרוּ	הַחַר	1
1	מלאות	מלאות	PAAL	Part	3	Plur	Fem	מְלֵאוֹת	מְלֵאוֹת	1
6	כתב	כתב	PAAL		3	Sing	Masc	כָּתַב	כָּתַב	69
17	ראיתי	ראה	PAAL		1	Sing	Masc	רָאִיתִי	רָאָה	268
4	הוסיף	הוסיף	HIFIL		3	Sing	Masc	הוֹסִיף	הוֹסִיף	23
1	חסרה	חסר	PAAL	Part	3	Sing	Fem	חֲסֵרָה	חָסֵר	5
3	התייחסו	התייחס	HITPAEL		3	Plur	Masc	הִתְיַיחֲסוּ	הִתְיַיחֵס	32
1	התלהבה	התלהב	HITPAEL		3	Sing	Fem	הִתְלַהֲבָה	הִתְלַהֵב	8
2	העלתה	העלה	HIFIL		3	Sing	Fem	הֶעֶלְתָה	הֶעֱלָה	27
1	מציגה	הציג	HIFIL	Part	1,2,3	Sing	Fem	מַצִּיגָה	הִצִּיג	9
12	מסתכל	הסתכל	HITPAEL	Part	3	Sing	Masc	מִסְתַּכֵּל	הִסְתַּכֵּל	61
19	אוהבת	אהב	PAAL	Part	1	Sing	Fem	אוֹהֶבֶת	אָהַב	164
8	גורמת	גרם	PAAL	Part	3	Sing	Fem	גּוֹרֶמֶת	גָּרַם	107
6	לברוח	ברח	NIFAL	Inf				לִבְרוֹחַ	בָּרַח	17
7	חוצה	חצה	PAAL	Part	1,2,3	Sing	Masc	חוּצָה	חָצָה	8
2	מודדת	הודד	PAAL	Part	3	Sing	Fem	מוֹדֶדֶת	הוֹדֵד	3
1	מתברר	התברר	HITPAEL	Part	1,2,3	Sing	Masc	מִתְבָּרֵר	הִתְבָּרֵר	5
1	נאלצת	נאלץ	NIFAL	Part	3	Sing	Fem	נֶאֱלֶצֶת	נֶאֱלַץ	5
1	לקווץ	קיווץ	PAAL	Inf				לְקַוּוֹץ	קִיוְוץ	1
5	מצליחה	הצליח	HIFIL	Part	1,2,3	Sing	Fem	מַצְלִיחָה	הִצְלִיחַ	128
5	מופיע	הופיע	HIFIL	Part	3	Sing	Masc	מוֹפִּיעַ	הוֹפִּיעַ	26
1	מאיר	האיר	PAAL	Part	3	Sing	Masc	מֵאִיר	הֵאִיר	5
1	להעיר	העיר	HIFIL	Inf				לְהָעִיר	הָעִיר	4
1	חוסם	חסם	PAAL	Part	3	Sing	Masc	חוֹסֵם	חֶסֶם	2
2	חובבת	חבב	PAAL	Part	1	Sing	Fem	חוֹבֶבֶת	חָבָב	2
38	קשור	קשר	PAAL	Part	1,2,3	Sing	Masc	קָּשׁוּר	קֶשֶׁר	92
1	מתעלמת	התעלם	HITPAEL	Part	1,2,3	Sing	Fem	מִתְעַלֶּמֶת	הִתְעַלֵּם	9
5	מסבירה	הסביר	HIFIL	Part	1	Sing	Fem	מַסְבִּירָה	הִסְבִּיר	51
1	מסובבת	מסובב	HIFIL	Part	1,2,3	Sing	Fem	מְסוֹבֶבֶת	מְסוֹבֵּב	1
7	מחליט	החליט	HIFIL	Part	1,2,3	Sing	Masc	מַחֲלִיט	הֶחֱלִיט	164
5	בודקת	בדק	PAAL	Part	1,2,3	Sing	Fem	בּוֹדֶקֶת	בָּדַק	52
11	נראים	נראה	NIFAL	Part	3	Plur	Masc	נִרְאִים	נִרְאֶה	83
1	מאוהבת	אוהב	HITPAEL	Part	1,2,3	Sing	Fem	מְאוֹהֶבֶת	אוֹהֵב	1
1	אזלו	אזל	PAAL		3	Plur	Masc	אָזְלוּ	אָזַל	1
14	יקרה	קרה	PAAL		3	Sing	Masc	יִקְרֶה	קָּרָה	230
6	אסביר	הסביר	HIFIL		1	Sing	Masc	אַסְבִּיר	הִסְבִּיר	51
1	סגור	סגור	PAAL	Part	2	Sing	Masc	סָּגוּר	סָּגוּר	1
1	להתלבש	התלבש	HITPAEL	Inf				לְהִתְלַבֵּשׁ	הִתְלַבֵּשׁ	3
1	יתאים	התאים	HIFIL		3	Sing	Masc	יַתְּאִים	הִתְאִים	34
12	מתחילה	התחיל	HIFIL	Part	1,2,3	Sing	Fem	מַתְחִילָה	הִתְחִיל	351
3	יוצאת	יצא	PAAL	Part	1,2,3	Sing	Fem	יוֹצֵאת	יָצָא	241
8	מת	מת	PAAL		3	Sing	Masc	מֵת	מֵת	22
23	להוריד	הוריד	HIFIL	Inf				לְהוֹרִיד	הוֹרִיד	44
2	הבאת	הבאה	PAAL		3	Sing	Fem	הֲבָאַת	הַבָּאָה	2
1	תיראו	תירא	PAAL		1	Plur	Masc	תֵּיִרְאוּ	תִּירָא	1
3	לשפוט	שפט	PAAL	Inf				לִשְׁפּוֹט	שֶׁפֶט	3
1	מסאירה	הסאיר	PIEL	Part	3	Sing	Fem	מַסְאִירָה	הִסְאִיר	2
3	נגנבו	נגנב	NIFAL		3	Plur	Fem	נִגְנְבוּ	נִגְנַב	3
2	מספק	סיפק	PIEL	Part	1	Sing	Masc	מְסַפֵּק	סִּיפֵּק	9
3	נעשתה	נעשה	NIFAL		3	Sing	Fem	נֶעֶשְׂתָה	נַעֲשָׂה	23
1	עוקץ	עוקץ	PAAL	Part	3	Sing	Masc	עוֹקֶץ	עוֹקֶץ	1
1	גנבו	גנב	PAAL		3	Plur	Masc	גָּנְבוּ	גַּנָּב	4
1	מתחזק	התחזק	HITPAEL	Part	1,2,3	Sing	Masc	מִתְחַזֵּק	הִתְחַזֵּק	4
1	מתפתח	התפתח	HITPAEL	Part	1,2,3	Sing	Masc	מִתְפַתֵּחַ	הִתְפַתֵּחַ	7
1	מתיישנת	התיישן	HITPAEL	Part	1,2,3	Sing	Fem	מִתְיַישֶּׁנֶת	הִתְיַישֵּׁן	2
1	מפתחת	פיתח	HIFIL	Part	1,2,3	Sing	Fem	מַפְתַּחַת	פִּיתֵּחַ	11
1	נמסה	נמס	NIFAL	Part	3	Sing	Fem	נְמַסָּה	נָמֵס	2
1	כששמים	כששם	PAAL	Part	3	Plur	Masc	כְּשֶׁשָׁמַיִם	כְּשֶׁשָּׁם	1
1	מתפוררת	התפורר	HITPAEL	Part	1,2,3	Sing	Fem	מִתְפּוֹרֶרֶת	הִתְפּוֹרֵר	1
20	נקראת	נקרא	NIFAL	Part	3	Sing	Fem	נִקְרֵאת	נִקְרָא	101
1	נשמרת	נשמר	NIFAL	Part	3	Sing	Fem	נִשְׁמֶרֶת	נִשְׁמַר	2
1	מעניק	העניק	HIFIL	Part	3	Sing	Masc	מַעֲנִיק	הֶעֱנִיק	2
1	נגניבו	הגניב	PAAL		3	Plur	Fem,Masc	נַגְּנִיבוֹ	הַגָּנִיב	1
1	שטופות	שטף	PAAL	Part	3	Plur	Fem	שְׁטוּפוֹת	שֶׁטֶף	7
3	עולות	עלה	PAAL	Part	3	Plur	Fem	עוֹלוֹת	עָלָה	147
1	נשמר	נשמר	NIFAL		3	Sing	Masc	נִשְׁמַר	נִשְׁמַר	2
18	רצתה	רצה	PAAL		3	Sing	Fem	רָצְתָה	רָצָה	467
16	לפגוע	פגע	PAAL	Inf				לִפְגּוֹעַ	פָּגַע	36
12	יצאה	יצא	PAAL		3	Sing	Fem	יָצְאָה	יָצָא	241
3	לתפוס	תפס	PAAL	Inf				לִתְפּוֹס	תָּפַס	17
1	מעורב	עורב	PUAL	Part	1,2,3	Sing	Masc	מְעוֹרָב	עוֹרֵב	1
6	מסתבר	הסתבר	HITPAEL	Part	1,2,3	Sing	Masc	מִסְתַבֵּר	הִסְתַבֵּר	6
1	התחז	התחז	HIFIL		3	Sing	Masc	הִתְחַז	הִתְחַז	1
5	לשכנע	שכנע	PIEL	Inf				לְשְַׁכְנֵעַ	שִׁכְנֵעַ	6
15	לשלוח	שלח	PAAL	Inf				לִשְׁלוֹחַ	שָׁלַח	47
3	נעלמו	נעלם	NIFAL		3	Plur	Masc	נֶעֶלְמוּ	נֶעֱלַם	11
11	הבינו	הבין	HIFIL		3	Plur	Masc	הֵבִינוּ	הֵבִין	159
15	זוכרים	זכר	PAAL	Part	3	Plur	Masc	זוֹכְרִים	זֵכֶר	66
10	נכנסת	נכנס	NIFAL	Part	3	Sing	Fem	נִכְנֶסֶת	נִכְנַס	148
10	מייצרים	ייצר	PIEL	Part	1,2,3	Plur	Masc	מְיַיצְּרִים	יִיצֵּר	33
1	שעומדות	שעמות	PAAL	Part	3	Plur	Fem	שֶׁעוֹמְדוֹת	שְׁעָמוֹת	1
3	התייחס	התייחס	HITPAEL		3	Sing	Masc	הִתְיַיחֵס	הִתְיַיחֵס	32
1	התחייבה	התחייב	HITPAEL		3	Sing	Fem	הִתְחַיְּיבָה	הִתְחַיֵּיב	1
3	שילמה	שילם	PIEL		3	Sing	Fem	שִׁילְּמָה	שִׁילֵּם	54
8	פונה	פנה	PAAL	Part	1,2,3	Sing	Masc	פּוֹנֶה	פָּנָה	16
3	מבקשת	ביקש	PIEL	Part	1	Sing	Fem	מְבַקֶּשֶׁת	בִּיקֵּשׁ	78
2	לדווח	דיווח	PIEL	Inf				לְדַוֵּוחַ	דִּיוּוּחַ	3
1	כוללות	כלל	PAAL	Part	3	Plur	Fem	כּוֹלְלוֹת	כְּלָל	20
1	טופות	טפה	PAAL	Part	3	Plur	Fem	טוּפוֹת	טָּפָה	3
2	נמכרות	נמכר	NIFAL	Part	3	Plur	Fem	נִמְכָּרוֹת	נִמְכַּר	15
6	הצטרף	הצטרף	HITPAEL		3	Sing	Masc	הִצְטָרֵף	הִצְטָרֵף	26
1	הזהיר	הזהיר	HIFIL		3	Sing	Masc	הִזְהִיר	הִזְהִיר	6
3	נמשכת	נמשך	NIFAL	Part	3	Sing	Fem	נִמְשֶׁכֶת	נִמְשָׁךְ	17
1	נותרת	נתר	NIFAL	Part	3	Sing	Fem	נוֹתֶרֶת	נֶּתֶּר	1
5	נתקלים	נתקל	NIFAL	Part	3	Plur	Masc	נִתְקָלִים	נִתְקַל	8
1	הזהרו	הזהר	HIFIL		1	Plur	Masc	הִזְהֲרוּ	הַזָּהָר	1
1	שולח	שלח	PAAL	Part	3	Sing	Masc	שׁוֹלֵחַ	שָׁלַח	47
42	מכירים	הכיר	HIFIL	Part	1	Plur	Masc	מַכִּירִים	הִכִּיר	141
2	מטרידות	הטריד	HIFIL	Part	1,2,3	Plur	Fem	מַטְרִידוֹת	הִטְרִיד	7
15	להחזיר	החזיר	HIFIL	Inf				לְהַחֲזִיר	הֶחֱזִיר	29
2	שולחות	שלח	PAAL	Part	3	Plur	Fem	שׁוֹלְחוֹת	שָׁלַח	47
3	פורסמה	פורסם	PUAL		3	Sing	Fem	פּוּרְסְמָה	פּוּרְסַם	8
1	ריאינו	ריא	PAAL		3	Sing	Masc	רֵיאֵינוּ	רַיא	1
3	משתמשת	השתמש	HITPAEL	Part	1,2,3	Sing	Fem	מִשְׁתַּמֶּשֶׁת	הִשְׁתַמֵּשׁ	84
2	מטרידים	הטריד	HIFIL	Part	1,2,3	Plur	Masc	מַטְרִידִים	הִטְרִיד	7
2	מרשים	הרשה	PAAL	Part	1,2,3	Sing	Masc	מַרְשִׁים	הִרְשָׁה	6
1	מגנה	גינה	PIEL	Part	3	Sing	Fem	מְגַּנָּה	גִּינָּה	1
1	הופץ	הופץ	HUFAL		3	Sing	Masc	הוּפַּץ	הוּפַּץ	1
4	הזכרנו	הזכיר	HIFIL		1	Plur	Masc	הִזְכַּרְנוּ	הִזְכִּיר	55
6	החלה	החל	HIFIL		3	Sing	Fem	הֵחֵלָּה	הֵחֵל	14
34	החליטה	החליט	HIFIL		3	Sing	Fem	הֶחֱלִיטָה	הֶחֱלִיט	164
7	להקליט	הקליט	HIFIL	Inf				לְהַקְלִיט	הַקְּלִיט	9
1	יטפל	טיפל	PAAL		3	Sing	Masc	יְטַפֵּל	טִיפֵּל	13
2	ימשכו	משך			3	Plur	Fem,Masc	יִמְשְׁכוּ	מֶשֶׁךְ	22
2	מחליטות	החליט	HIFIL	Part	1,2,3	Plur	Fem	מַחֲלִיטוֹת	הֶחֱלִיט	164
1	להדכן	הדכן	PIEL	Inf				לְהַדְכֵּן	הַדְכָּן	1
2	להטריד	הטריד	HIFIL	Inf				לְהַטְרִיד	הִטְרִיד	7
3	פניתי	פנה	PAAL		1	Sing	Masc	פָּנִיתִי	פָּנָה	16
2	הטריד	הטרידו	HIFIL		3	Sing	Masc	הִטְרִיד	הִטְרִידוּ	2
12	סיפרה	סיפר	PIEL		3	Sing	Fem	סִּיפְּרָה	סִּיפֵּר	121
1	הוזכרה	הוזכר	HUFAL		3	Sing	Fem	הוּזְכְּרָה	הוּזְכַּר	3
7	צילם	צילם	PIEL		3	Sing	Masc	צִּילָּם	צִּילָּם	17
1	לחתי	לחת	PAAL		1	Sing	Masc	לַחְתִּי	לַחַת	1
1	גיבה	גיבה	PIEL		3	Sing	Fem	גִּיבָה	גִּיבָה	1
1	טשתי	טש	PAAL		1	Sing	Masc	טַשְׁתִּי	טַשׁ	1
41	אמרה	אמר	PAAL		3	Sing	Fem	אָמְרָה	אָמַר	997
3	תדבר	דיבר	PAAL		3	Sing	Fem	תְּדַבֵּר	דִּיבֵּר	359
1	מוזכרים	הוזכר	HUFAL	Part	3	Plur	Masc	מוּזְכָּרִים	הוּזְכַּר	3
1	מסתרים	הסתר	PIEL	Part	3	Plur	Masc	מִסְתָּרִים	הֶסְתֵּר	1
7	נותנת	נתן	PAAL	Part	3	Sing	Fem	נוֹתֶנֶת	נָתָן	147
1	אשע	אשע	PAAL		1	Sing	Masc	אֶשַּׁע	אֶשַּׁע	1
1	אראה	ארא	PAAL		1	Sing	Masc	אַרְאֶה	אַרְא	1
1	אקלל	קלל	PAAL		3	Sing	Masc	אֲקַלֵּל	קָלָל	1
2	אגלה	אגל	PAAL		1	Sing	Masc	אֲגַלֶּה	אֵגֶל	2
3	נכנסנו	נכנס	NIFAL		1	Plur	Masc	נִכְנַסְנוּ	נִכְנַס	148
6	ארגיש	הרגיש	HIFIL		1	Sing	Masc	אַרְגִּישׁ	הִרְגִּישׁ	148
2	תזכה	זכה	PAAL		3	Sing	Fem	תִּזְכֶּה	זָּכָה	38
1	מוטרדים	מוטרד	PUAL	Part	3	Plur	Masc	מוּטְרָדִים	מוּטְרָד	1
1	להתבייש	התבייש	HITPAEL	Inf				לְהִתְבַּיֵּישׁ	הִתְבַּיֵּישׁ	6
3	לחסוף	חסף	PAAL	Inf				לַחֲסוֹף	חָסָף	4
3	נסו	נסה	PAAL		1	Plur	Masc	נָסוּ	נִסָּה	4
1	נחשוב	חשב	HIFIL		1	Plur	Masc	נַחֲשׁוֹב	חָשַׁב	318
2	להעליב	העליב	HIFIL	Inf				לְהַעֲלִיב	הֶעֱלִיב	2
2	נשאל	נשאל	NIFAL		3	Sing	Masc	נִשְׁאַל	נִשְׁאַל	4
5	מתנהגים	התנהג	HITPAEL	Part	3	Plur	Masc	מִתְנַהֲגִים	הִתְנַהֵג	14
7	הזכרתי	הזכיר	HIFIL		1	Sing	Masc	הִזְכַּרְתִּי	הִזְכִּיר	55
1	אכניס	הכניס	HIFIL		1	Sing	Masc	אַכְנִיס	הִכְּנִיס	40
2	קורעת	קרע	PAAL	Part	3	Sing	Fem	קוֹרַעַת	קֶרַע	2
2	נבין	נבין	HIFIL		1	Plur	Masc	נָבִין	נָבִין	2
1	יברר	בירר	HIFIL		3	Sing	Masc	יְבָרֵר	בֵּיְרֵר	4
9	לקחו	לקח	PAAL		3	Plur	Masc	לָקְחוּ	לֶקַח	156
4	אנסה	אנס	HIFIL		1	Sing	Masc	אֲנַסֶּה	אַנָּס	4
2	מחלקת	חילק	PIEL	Part	1	Sing	Fem	מַחְלֶקֶת	חִילֵּק	17
5	שוחררו	שוחרר	PUAL		3	Plur	Masc	שׁוּחְרְרוּ	שׁוּחְרַר	5
31	לשלם	שילם	PIEL	Inf				לְשְַׁלֵם	שִׁילֵּם	54
4	משלמת	שילם	PIEL	Part	1,2,3	Sing	Fem	מְשְַׁלֶמֶת	שִׁילֵּם	54
14	תדעו	ידע	PAAL		1	Plur	Masc	תֵּדְעוּ	יֶדַע	335
1	נכל	נכל	PAAL		1	Plur	Masc	נָכָל	נָכָל	1
17	להזכיר	הזכיר	HIFIL	Inf				לְהַזְכִּיר	הִזְכִּיר	55
3	הוביל	הוביל	HIFIL		3	Sing	Masc	הוֹבִיל	הוֹבִיל	12
1	השתתפו	השתתף	HITPAEL		3	Plur	Fem,Masc	הִשְׁתַּתְּפוּ	הִשְׁתַתֵּף	27
35	התחילה	התחיל	HITPAEL		3	Sing	Fem	הִתְחִילָה	הִתְחִיל	351
22	הצליחו	הצליח	HIFIL		3	Plur	Masc	הִצְלִיחוּ	הִצְלִיחַ	128
8	להרוג	הרג	PAAL	Inf				לַהֲרוֹג	הָרַג	15
2	אכנס	נכנס	PAAL		1	Sing	Masc	אֶכָּנֵס	נִכְנַס	148
7	נרצחו	נרצח	NIFAL		3	Plur	Masc	נִרְצְחוּ	נִרְצַח	8
2	נפצאו	נפצא	NIFAL		3	Plur	Masc	נִפְצְאוּ	נִפְצָא	2
3	לחטוף	חטף	PAAL	Inf				לַחֲטוֹף	חָטַף	6
9	נחטפו	נחטף	NIFAL		3	Plur	Masc	נֶחְטְפוּ	נֶחֱטַף	13
2	גורמות	גרם	PAAL	Part	3	Plur	Fem	גּוֹרְמוֹת	גָּרַם	107
3	נקראות	נקרא	NIFAL	Part	3	Plur	Fem	נִקְרָאוֹת	נִקְרָא	101
2	קרתה	קרה	PAAL		3	Sing	Fem	קָּרְתָה	קָּרָה	230
1	להפציץ	הפציץ	HIFIL	Inf				לְהַפְצִיץ	הִפְצִיץ	1
10	נכנסה	נכנס	NIFAL		3	Sing	Fem	נִכְנְסָה	נִכְנַס	148
2	השתתף	השתתף	HITPAEL		3	Sing	Masc	הִשְׁתַתֵּף	הִשְׁתַתֵּף	27
11	להחזיק	החזיק	HIFIL	Inf				לְהַחֲזִיק	הֶחֱזִיק	30
3	חמס	חמס	PAAL		3	Sing	Masc	חַמָּס	חַמָּס	3
6	עזרו	עזר	PAAL		3	Plur	Masc	עֶזְרוֹ	עֵזֶר	160
1	הסתימה	הסתים	HITPAEL		3	Sing	Fem	הַסְּתִימָה	הִסְתִּים	1
2	כלל	כלל	PAAL		3	Sing	Masc	כְּלָל	כְּלָל	20
3	חררה	חרר	PAAL		3	Sing	Fem	חָרְרָה	חָרֵר	6
1	משיבה	השיב	HIFIL	Part	1,2,3	Sing	Fem	מְשִׁיבָה	הֵשִׁיב	3
2	להילחם	נלחם	NIFAL	Inf				לְהִילָּחֵם	נִלְחַם	8
1	שחרר	שחרר	PIEL		3	Sing	Masc	שִׁחְרֵר	שִׁחְרֵר	11
19	נוסף	נוסף	NIFAL	Part	3	Sing	Masc	נוֹסָף	נוֹסָף	19
27	להביא	הביא	HIFIL	Inf				לְהָבִיא	הֵבִיא	77
8	הביאו	הביא	HIFIL		3	Plur	Masc	הֵבִיאוּ	הֵבִיא	77
5	למד	למד	PAAL		3	Sing	Masc	לָמַד	לָמַד	143
1	העביר	העביר	HIFIL		3	Sing	Masc	הֶעֱבִיר	הֶעֱבִיר	40
1	הגביר	הגביר	HIFIL		3	Sing	Masc	הִגְבִּיר	הִגְבִּיר	17
3	ינסו	ניסה	PIEL		3	Plur	Masc	יְנַסּוּ	נִיסָּה	85
1	יצליחו	הצליח	HIFIL		3	Plur	Masc	יַצְלִיחוּ	הִצְלִיחַ	128
5	החזיקו	החזיק	HIFIL		3	Plur	Fem,Masc	הֶחֱזִיקוּ	הֶחֱזִיק	30
17	חשבו	חשב	PAAL		3	Plur	Masc	חָשְׁבוּ	חָשַׁב	318
5	ירו	ירה	PAAL		3	Plur	Masc	יָרוּ	יָרָה	6
4	הרגו	הרג	PAAL		3	Plur	Fem,Masc	הָרְגוּ	הָרַג	15
2	התעסקו	התעסק	HITPAEL		3	Plur	Fem,Masc	הִתְעַסְּקוּ	הִתְעַסֵּק	20
7	לחגוג	חגג	PIEL	Inf				לַחְגּוֹג	חָגָג	18
3	לשמוח	שמח	PAAL	Inf				לִשְׂמוֹחַ	שָׂמֵחַ	52
1	שחררו	שיחרר	PAAL		3	Plur	Masc	שִׁחְרְרוּ	שִׁיחְרֵר	1
2	בוטלו	בוטל	PUAL		3	Plur	Masc	בּוּטְּלוּ	בּוּטַּל	3
3	תפס	תפס	PAAL		3	Sing	Masc	תָּפַס	תָּפַס	17
2	תכף	תכף	PAAL		3	Sing	Masc	תֶּכֶף	תֶּכֶף	2
1	חרר	חרר	PAAL		3	Sing	Masc	חָרֵר	חָרֵר	6
10	לשחרר	שחרר	PIEL	Inf				לְשַׁחְרֵר	שִׁחְרֵר	11
12	הסכימה	הסכים	HIFIL		3	Sing	Fem	הִסְכִּימָה	הִסְכִּים	71
2	ללחץ	ליחץ	PAAL	Inf				לְלַחַץ	לִיחֵץ	3
2	תמכו	תמך	PAAL		3	Plur	Masc	תָּמְכוּ	תָּמֵךְ	33
3	להגיב	הגיב	HIFIL	Inf				לְהָגִיב	הֵגִיב	6
1	לתקוף	תקף	PAAL	Inf				לִתְקוֹף	תֶּקֶף	9
7	להשתנות	השתנה	HITPAEL	Inf				לְהִשְׁתַּנּוֹת	הִשְׁתַּנָה	40
7	ניסו	ניסה	PIEL		3	Plur	Masc	נִיסּוּ	נִיסָּה	85
8	להפעיל	הפעיל	HIFIL	Inf				לְהַפְעִיל	הִפְעִיל	15
2	תפסיק	הפסיק	HIFIL		2	Sing	Masc	תַּפְסִיק	הִפְסִיק	42
2	חושבות	חשב	PAAL	Part	3	Plur	Fem	חוֹשְׁבוֹת	חָשַׁב	318
1	אשמה	אשמה	PAAL		3	Sing	Fem	אַשְׁמָה	אַשְׁמָה	1
6	לטבוע	טבע	PAAL	Inf				לִטְבּוֹעַ	טֶּבַע	8
1	התערכה	התערך	HITPAEL		3	Sing	Fem	הִתְעָרְכָה	הִתְעָרֵךְ	4
9	עלתה	עלה	PAAL		3	Sing	Fem	עָלְתָה	עָלָה	147
1	פגעה	פגע	PAAL		3	Sing	Fem	פָּגְעָה	פָּגַע	36
2	להשתחרר	השתחרר	HITPAEL	Inf				לְהִשְׁתַחְרֵר	הִשְׁתַחְרֵר	9
4	דרשה	דרש	PAAL		3	Sing	Fem	דָּרְשָׁה	דָּרַשׁ	24
4	להסכים	הסכים	HIFIL	Inf				לְהַסְכִּים	הִסְכִּים	71
1	יסכימו	הסכים	HIFIL		3	Plur	Masc	יַסְכִּימוּ	הִסְכִּים	71
3	מנצל	ניצל	PIEL	Part	1,2,3	Sing	Masc	מְנַצֵּל	נִיצֵּל	16
2	מודיע	הודיע	HIFIL	Part	1	Sing	Masc	מוֹדִיעַ	הוֹדִיעַ	6
4	למות	מת	PAAL	Inf				לָמוּת	מֵת	22
1	מפרסם	פרסם	PIEL	Part	1,2,3	Sing	Masc	מְפַרְסֵם	פִּרְסֵם	25
17	להראות	הראה	HIFIL	Inf				לְהַרְאוֹת	הֶרְאָה	38
12	משפיע	השפיע	HIFIL	Part	3	Sing	Masc	מַשְׁפִּיעַ	הִשְׁפִּיעַ	22
1	דוחפת	דחף	PAAL	Part	3	Sing	Fem	דּוֹחֶפֶת	דַּחַף	12
2	עוצרת	עצר	PAAL	Part	3	Sing	Fem	עוֹצֶרֶת	עָצַר	29
1	מסכימות	הסכים	HIFIL	Part	3	Plur	Fem	מַסְכִּימוֹת	הִסְכִּים	71
1	להסתיים	הסתיים	HITPAEL	Inf				לְהִסְתַיֵּים	הִסְתַיֵּים	14
5	לחלק	חילק	PIEL	Inf				לְחַלֵּק	חִילֵּק	17
7	מתים	מת	PAAL	Part	3	Plur	Masc	מֵתִים	מֵת	22
1	הוזרו	הוזר	HUFAL		3	Plur	Masc	הוּזְּרוּ	הוּזַּר	1
1	הוחזרו	הוחזר	HUFAL		3	Plur	Fem,Masc	הוּחְזְרוּ	הוּחְזַר	2
1	נרצח	נרצח	NIFAL		3	Sing	Masc	נִרְצַח	נִרְצַח	8
2	הוציע	הוציע	HUFAL		3	Sing	Fem	הוֹצִיעַ	הוֹצִיעַ	2
1	ביצאו	ביצא	PIEL		3	Plur	Masc	בִּיצְּאוּ	בֵּיָצָא	1
1	נדפסו	נדפס	NIFAL		3	Plur	Masc	נִדְפְּסוּ	נִדְפָּס	7
1	מוחזקים	הוחזק	PUAL	Part	3	Plur	Masc	מוּחְזָקִים	הוּחְזַק	2
3	מתנגד	התנגד	HITPAEL	Part	1,2,3	Sing	Masc	מִתְנַגֵּד	הִתְנַגֵּד	8
1	חרור	חרר	PAAL		3	Sing	Masc	חָרוּר	חָרֵר	6
1	יפגע	פגע	NIFAL		3	Sing	Masc	יִפְגַּע	פָּגַע	36
2	יחזק	חיזק	PAAL		3	Sing	Masc	יְחַזֵּק	חִיזֵּק	15
1	יודד	ידד	PIEL		3	Sing	Masc	יוֹדֵד	יָדָד	1
2	החזירה	החזיר	HIFIL		3	Sing	Fem	הֶחֱזִירָה	הֶחֱזִיר	29
1	לטרור	טרר	PAAL	Inf				לִטְרוֹר	טֵּרֵר	1
2	מתנגדים	התנגד	HITPAEL	Part	1,2,3	Plur	Masc	מִתְנַגְּדִים	הִתְנַגֵּד	8
1	מחזירה	החזיר	HIFIL	Part	3	Sing	Fem	מַחֲזִירָה	הֶחֱזִיר	29
1	מחלישה	החליש	HIFIL	Part	1,2,3	Sing	Fem	מַחֲלִישָׁה	הֶחָלִישׁ	3
2	תהפוך	הפך	PAAL		3	Sing	Masc	תַּהֲפוֹךְ	הָפַךְ	96
5	יראה	ראה	PAAL		3	Sing	Masc	יִרְאֶה	רָאָה	268
2	תחזק	חיזק	HIFIL		3	Sing	Fem	תַּחְזָק	חִיזֵּק	15
2	ירגיש	הרגיש	HIFIL		3	Sing	Masc	יַרְגִּישׁ	הִרְגִּישׁ	148
5	תסכים	הסכים	HIFIL		2	Sing	Masc	תַּסְכִּים	הִסְכִּים	71
1	לחמס	חימס	PIEL	Inf				לַחְמָס	חִימָּס	1
3	יחשבו	נחשב	HITPAEL		3	Plur	Fem,Masc	יַחְשְׁבוּ	נֶחֱשָׁב	40
6	מסכימה	הסכים	HIFIL	Part	1	Sing	Fem	מַסְכִּימָה	הִסְכִּים	71
3	מפעילים	הפעיל	PIEL	Part	3	Plur	Masc	מַפְעִילִים	הִפְעִיל	15
5	יעצור	עצר	PAAL		3	Sing	Masc	יַעֲצוֹר	עָצַר	29
1	יפסיק	הפסיק	HIFIL		3	Sing	Masc	יַפְסִיק	הִפְסִיק	42
1	תגרום	גרם	PAAL		3	Sing	Fem	תִּגְרוֹם	גָּרַם	107
3	לחדש	חידש	PIEL	Inf				לְחַדָּשׁ	חִידֵּשׁ	3
3	תחזור	חזר	PAAL		3	Sing	Fem	תַּחֲזוֹר	חָזַר	175
1	תעיצר	עיצר	HIFIL		3	Sing	Fem	תְּעִיצֵּר	עִיצֵּר	1
1	הבטיך	הבטיך	HIFIL		1	Sing	Masc	הִבְטִיךְ	הִבְטִיךְ	1
1	תפסיד	הפסיד	HIFIL		3	Sing	Fem	תַּפְסִיד	הִפְסִיד	8
2	ינצח	ניצח	HIFIL		3	Sing	Masc	יְנַצֵּחַ	נִיצֵּחַ	11
3	שולט	שלט	PAAL	Part	3	Sing	Masc	שׁוֹלֵט	שֶׁלֶט	9
4	הראה	הראה	HIFIL		3	Sing	Masc	הֶרְאָה	הֶרְאָה	38
3	שמענו	שמע	PAAL		1	Plur	Masc	שָׁמַעְנוּ	שָׁמַע	173
54	נשמע	נשמע	NIFAL	Part	3	Sing	Masc	נִשְׁמָע	נִשְׁמָע	64
2	נסביר	הסביר	HIFIL		1	Plur	Masc	נַסְבִּיר	הִסְבִּיר	51
3	מתייחסת	התייחס	HITPAEL	Part	1,2,3	Sing	Fem	מִתְיַיחֶסֶת	הִתְיַיחֵס	32
1	נתפסו	נתפס	NIFAL		3	Plur	Masc	נִתְפְּסוּ	נִתְפַּס	1
1	חופשים	חפש	PAAL	Part	3	Plur	Masc	חוֹפָשִׁים	חִפֵּשׂ	1
16	נחשב	נחשב	NIFAL	Part	3	Sing	Masc	נֶחֱשָׁב	נֶחֱשָׁב	40
1	נלקחו	נלקח	NIFAL		3	Plur	Masc	נִלְקְחוּ	נִלְקַח	1
1	כתובה	כתוב	PUAL	Part	3	Sing	Fem	כְּתוּבָה	כָּתוּב	1
1	נכשלה	נכשל	NIFAL		3	Sing	Fem	נִכְשְׁלָה	נִכְשָׁל	2
9	לתקן	תיקן	PIEL	Inf				לְתַקֵּן	תִּיקֵּן	12
2	תחזיר	החזיר	HIFIL		2	Sing	Masc	תַּחֲזִיר	הֶחֱזִיר	29
5	להאמין	האמין	HIFIL	Inf				לְהַאֲמִין	הֶאֱמִין	26
3	מצאה	מצא	PAAL		3	Sing	Fem	מָצְאָה	מָצָא	125
1	מתעללים	התעלל	HITPAEL	Part	3	Plur	Masc	מִתְעַלְּלִים	הִתְעַלֵּל	1
5	פוגעים	פגע	PAAL	Part	3	Plur	Masc	פּוֹגְעִים	פָּגַע	36
29	נותנים	נתן	PAAL	Part	3	Plur	Masc	נוֹתְנִים	נָתָן	147
2	ישארו	שאר			3	Plur	Fem,Masc	יִשָּׁאֲרוּ	שְׁאָר	2
6	להציל	הציל	HIFIL	Inf				לְהַצִּיל	הִצִּיל	9
1	כנסתי	כנס	PAAL		1	Sing	Masc	כָּנַסְתִּי	כֶּנֶס	12
4	האשימו	האשים	HIFIL		3	Plur	Masc	הֶאֱשִׁימוּ	הֶאֱשִׁים	7
1	להעשים	העשים	HIFIL	Inf				לְהַעֲשִׂים	הֶעָשִׁים	1
2	התמודדה	התמודד	HITPAEL		3	Sing	Fem	הִתְמוֹדְדָה	הִתְמוֹדֵד	20
2	להאשים	האשים	HIFIL	Inf				לְהַאֲשִׁים	הֶאֱשִׁים	7
4	פועל	פעל	PAAL	Part	3	Sing	Masc	פּוֹעֵל	פָּעַל	29
9	למשוך	משך	PAAL	Inf				לִמְשׁוֹךְ	מֶשֶׁךְ	22
4	מתנהל	התנהל	HITPAEL	Part	1,2,3	Sing	Masc	מִתְנַהֵל	הִתְנַהֵל	12
1	מגבירה	הגביר	HIFIL	Part	3	Sing	Fem	מַגְבִּירָה	הִגְבִּיר	17
6	לפעול	פעל	PAAL	Inf				לִפְעוֹל	פָּעַל	29
2	מלא	מלא	PAAL	Part	1	Sing	Masc	מָלֵא	מָלֵא	2
5	תצטרך	הצטרך	HIFIL		3	Sing	Fem	תִּצְטָרֵךְ	הִצְטָרֵךְ	8
13	שמח	שמח	PAAL	Part	1	Sing	Masc	שָׂמֵחַ	שָׂמֵחַ	52
5	שב	שב	PAAL		2	Sing	Masc	שָׁב	שָׁב	17
8	להקים	הקים	HIFIL	Inf				לְהָקִים	הֵקִים	21
1	הגשים	הגשים	HIFIL		3	Sing	Masc	הַגָּשִׁים	הַגָּשִׁים	2
2	לשפץ	שיפץ	PIEL	Inf				לְשְַׁפֵּץ	שִׁיפֵּץ	4
9	כנסו	כנס	PAAL		1	Plur	Masc	כָּנְסוּ	כֶּנֶס	12
1	חיגרו	חיגר	PIEL		1	Plur	Masc	חִיגְּרוּ	חִיגֵּר	1
1	פיתחו	פיתח	PIEL		3	Plur	Masc	פִּיתְּחוּ	פִּיתֵּחַ	11
3	תיכנס	נכנס	HIFIL		3	Sing	Fem	תִּיכָּנֵס	נִכְנַס	148
5	הוקמה	הוקם	HUFAL		3	Sing	Fem	הוּקְּמָה	הוּקַם	5
2	ברח	ברח	PAAL		3	Sing	Masc	בָּרַח	בָּרַח	17
1	הפליג	הפליג	HIFIL		3	Sing	Masc	הִפְלִיג	הִפְלִיג	1
1	שירט	שירט	PIEL		3	Sing	Masc	שֶׁיָּרַט	שֶׁיָּרַט	7
2	יצר	יצר	PAAL		3	Sing	Masc	יָצַר	יָצַר	53
2	שיתפה	שיתף	PIEL		3	Sing	Fem	שִׁיתְּפָה	שִׁיתֵּף	18
8	זכה	זכה	PAAL		3	Sing	Masc	זָּכָה	זָּכָה	38
1	התפרנס	התפרנס	HITPAEL		3	Sing	Masc	הִתְפַרְנֵס	הִתְפַרְנֵס	3
6	מייצר	ייצר	PIEL	Part	2	Sing	Masc	מְיַיצֵּר	יִיצֵּר	33
1	תלט	הלט	PAAL		3	Sing	Masc	תָּלַט	הֶלֶט	2
11	מוכר	מכר	PAAL	Part	1,2,3	Sing	Masc	מוּכָּר	מַכָּר	43
1	צמחה	צמח	PAAL		3	Sing	Fem	צָּמְחָה	צֶּמַח	4
7	נתן	נתן	PAAL		3	Sing	Masc	נָתָן	נָתָן	147
2	לזהות	זיהה	PIEL	Inf				לְזַהוֹת	זִיהָה	3
3	להרכיב	הרכיב	HIFIL	Inf				לְהַרְכִּיב	הָרְכִּיב	5
12	להרים	הרים	PAAL	Inf				לְהָרִים	הָרִים	26
1	בזבזו	בזבז	PAAL		3	Plur	Masc	בִּזְבְּזוּ	בִּזְבֵּז	3
5	נסע	נסע	PAAL		3	Sing	Masc	נָסַע	נָסַע	41
5	הביאה	הביא	HIFIL		3	Sing	Fem	הֵבִיאָה	הֵבִיא	77
2	נשלחו	נשלח	NIFAL		3	Plur	Masc	נִשְׁלְחוּ	נִשְׁלַח	4
1	מאשימים	האשים	HIFIL	Part	3	Plur	Masc	מַאֲשִׁימִים	הֶאֱשִׁים	7
3	קבלו	קבלו	PAAL		1	Plur	Masc	קַבְּלוּ	קַבְּלוּ	3
1	בעה	בעה	PAAL		3	Sing	Masc	בָּעָה	בָּעָה	1
1	הציאו	הציא	HIFIL		3	Plur	Masc	הֵצִיאוּ	הֵצִיא	6
2	לעצב	עיצב	PAAL	Inf				לְעַצֵּב	עִיצֵּב	5
1	להתגבר	התגבר	HITPAEL	Inf				לְהִתְגַּבֵּר	הִתְגַּבֵּר	5
1	מגן	הגן	HIFIL	Part	3	Sing	Masc	מָגֵן	הַגַּן	7
2	מכסה	כיסה	PIEL	Part	1,2,3	Sing	Fem	מְכַסָּה	כִּיסָה	9
1	מחליד	החליד	HIFIL	Part	1,2,3	Sing	Masc	מַחֲלִיד	הֶחֱלִיד	1
1	נטחה	נטח	PAAL		3	Sing	Fem	נָּטְחָה	נֶטַח	1
4	מחזיק	החזיק	HIFIL	Part	3	Sing	Masc	מַחֲזִיק	הֶחֱזִיק	30
5	קנו	קנה	PAAL		3	Plur	Masc	קָּנוּ	קָּנָה	98
4	נמכרה	נמכר	NIFAL		3	Sing	Fem	נִמְכְּרָה	נִמְכַּר	15
4	ניסתה	ניסה	PIEL		3	Sing	Fem	נִיסְּתָה	נִיסָּה	85
15	להפוך	הפך	PAAL	Inf				לַהֲפוֹךְ	הָפַךְ	96
6	נראו	נראה	NIFAL		3	Plur	Masc	נִרְאוּ	נִרְאֶה	83
1	נראתה	נראה	NIFAL		3	Sing	Fem	נִרְאֲתָה	נִרְאֶה	83
1	השתתפה	השתתף	HITPAEL		3	Sing	Fem	הִשְׁתַתְּפָה	הִשְׁתַתֵּף	27
29	לשנות	שינה	PIEL	Inf				לְשְַׁנוֹת	שֵׁינָה	70
12	נוגע	נגע	PAAL	Part	3	Sing	Masc	נוֹגֵעַ	נָגַע	24
1	נחשבה	נחשב	NIFAL		3	Sing	Fem	נֶחְשְׁבָה	נֶחֱשָׁב	40
2	להתרגל	התרגל	HITPAEL	Inf				לְהִתְרַגֵּל	הִתְרַגֵּל	11
6	נדפס	נדפס	NIFAL	Part	3	Sing	Masc	נִדְפָּס	נִדְפָּס	7
7	למשהו	למש	PAAL	Inf				לְמַשֶּׁהוּ	לְמָשׁ	7
6	ירדו	ירד	PAAL		3	Plur	Masc	יָרְדוּ	יָרַד	48
1	הופסק	הופסק	HUFAL		3	Sing	Masc	הוּפְסַק	הוּפְסַק	1
1	מציא	הציא	PIEL	Part	1,2,3	Sing	Masc	מֵצִיא	הֵצִיא	6
3	נהרג	נהרג	NIFAL		3	Sing	Masc	נֶהֱרַג	נֶהֱרַג	5
3	עזרה	עזרה	PAAL		3	Sing	Fem	עֶזְרָה	עֶזְרָה	3
1	עף	עף	PAAL		3	Sing	Masc	עַף	עַף	5
1	הסתיים	הסתיים	HITPAEL		3	Sing	Masc	הִסְתַיֵּים	הִסְתַיֵּים	14
1	נעלמה	נעלם	NIFAL		3	Sing	Fem	נֶעֶלְמָה	נֶעֱלַם	11
4	הופיע	הופיע	HIFIL		3	Sing	Masc	הוֹפִּיעַ	הוֹפִּיעַ	26
2	ערכתי	ערך	PAAL		1	Sing	Masc	עָרַכְתִּי	עֵרֶךְ	7
18	אהבתם	אהב	PAAL		1	Plur	Masc	אַהֲבָתָם	אָהַב	164
9	תדרגו	דדרג	HIFIL		1	Plur	Masc	תַּדְרְגוּ	דַּדְרַג	9
12	לקדם	קידם	PIEL	Inf				לְקַדֵּם	קִידָּם	14
1	מרעיין	רעיין	PIEL	Part	1	Sing	Masc	מְרַעְיֵין	רַעְיָין	1
1	שקנה	שקן	PIEL		3	Sing	Masc	שֶׁקָּנָה	שָׁקֵן	5
1	תיקן	נקן	PAAL		3	Sing	Masc	תִּיקֵּן	נָקֵן	1
1	להיעזר	נעזר	NIFAL	Inf				לְהֵיעָזֵר	נֶעֱזַר	3
1	מחיפה	החיף	PIEL	Part	1	Sing	Masc	מְחִיפָּה	הַחַיָּף	3
7	נשוי	נשוי	NIFAL	Part	3	Sing	Masc	נָּשׂוּי	נָּשׂוּי	8
1	רכש	רכש	PAAL		3	Sing	Masc	רָכַשׁ	רָכַשׁ	4
10	ניסה	ניסה	PIEL		3	Sing	Masc	נִיסָּה	נִיסָּה	85
2	נדבקתי	נדבק	NIFAL		1	Sing	Masc	נִדְבַּקְתִּי	נִדְבָּק	4
2	נהגתי	נהג	PAAL		1	Sing	Masc	נָהַגְתִּי	נַהָג	16
1	נהגו	נהג	NIFAL		3	Plur	Fem,Masc	נָהֲגוּ	נַהָג	16
10	יעשה	עשה	PAAL		3	Sing	Masc	יַעֲשֶׂה	עָשָׂה	760
1	צה	צה	PAAL		3	Sing	Masc	צֶּה	צֶּה	1
1	הדריך	הדריך	PIEL		3	Sing	Masc	הִדְרִיךְ	הִדְרִיךְ	3
5	לגעת	נגע	PAAL	Inf				לָגַעַת	נָגַע	24
2	משיבות	השיב	PAAL	Part	3	Plur	Fem	מְשִׁיבוֹת	הֵשִׁיב	3
8	שאלתי	שאל	PAAL		1	Sing	Masc	שָׁאַלְתִּי	שָׁאַל	111
1	התחשק	התחשק	HIFIL		3	Sing	Masc	הִתְחַשֵּׁק	הִתְחַשֵּׁק	1
1	תונך	תונך	PAAL		3	Sing	Masc	תָּוֹנֵךְ	תָּוֹנֵךְ	1
1	מתסכל	תסכל	HITPAEL	Part	1,2,3	Sing	Masc	מְתַסְכֵּל	תִּסְכֵּל	1
13	שרוצים	שרץ	HIFIL	Part	3	Plur	Masc	שֶׁרוֹצִים	שֶׁרֶץ	18
7	מחזיקים	החזיק	HIFIL	Part	3	Plur	Masc	מַחֲזִיקִים	הֶחֱזִיק	30
20	נותן	נתן	PAAL	Part	1,2,3	Sing	Masc	נוֹתֵן	נָתָן	147
1	לאגו	לאג	PAAL					לָאגוֹ	לָאג	1
1	הסיע	הסיע	HIFIL		3	Sing	Masc	הִסִּיעַ	הִסִּיעַ	1
1	תוצר	תוצר	PAAL	Part	3	Sing	Masc	תּוֹצָר	תּוֹצָר	1
2	לנהוג	נהג	PAAL	Inf				לִנְהוֹג	נַהָג	16
1	שיפצתי	שיפץ	PAAL		1	Sing	Masc	שִׁיפַּצְתִּי	שִׁיפֵּץ	4
9	הרגיש	הרגיש	HIFIL		3	Sing	Masc	הִרְגִּישׁ	הִרְגִּישׁ	148
3	מחזיר	החזיר	HIFIL	Part	3	Sing	Masc	מַחֲזִיר	הֶחֱזִיר	29
1	נסאת	נסא	PAAL		1	Sing	Masc	נָסֵאת	נִסָּא	2
1	לנצוע	נצע	PAAL	Inf				לִנְצוֹעַ	נֶצַע	1
1	לאנשים	אינש	PAAL	Inf				לַאֲנָשִׁים	אִינְּשׁ	1
1	מתלהבים	התלהב	HITPAEL	Part	3	Plur	Masc	מִתְלַהֲבִים	הִתְלַהֵב	8
1	ציפה	ציפה	PIEL		3	Sing	Masc	צִּיפָּה	צִּיפָּה	10
1	התלהב	התלהב	HITPAEL		3	Sing	Masc	הִתְלַהֵב	הִתְלַהֵב	8
5	עשי	עשי	PAAL		1	Sing	Masc	עָשִׁי	עָשִׁי	5
1	שיפץ	שיפץ	PIEL		3	Sing	Masc	שִׁיפֵּץ	שִׁיפֵּץ	4
1	גליתי	גלה	PAAL		1	Sing	Masc	גָּלִיתִי	גִּלָּה	2
2	מאתגר	האתגר	PUAL	Part	3	Sing	Masc	מְאַתְגֵּר	הָאֶתְגָּר	3
40	לעבור	עבר	PAAL	Inf				לַעֲבוֹר	עָבַר	261
8	נשארים	נשאר	NIFAL	Part	3	Plur	Masc	נִשְׁאָרִים	נִשְׁאַר	101
3	מתקשרים	תקשר	HITPAEL	Part	3	Plur	Masc	מְתַקְשְׁרִים	תְּקַשֵּׁר	6
1	לחליל	הליל	PAAL	Inf				לֶחָלִיל	הַלַּיִל	1
3	תשכחו	שכח	HIFIL		1	Plur	Masc	תִּשְׁכְּחוּ	שָׁכַח	17
13	הסכים	הסכים	HIFIL		3	Sing	Masc	הִסְכִּים	הִסְכִּים	71
2	שלומכם	שומכם	PAAL		2	Plur	Masc	שְׁלוֹמְכֶם	שׁוֹמְכֶם	2
9	מצוין	צוין	PUAL	Part	1,2,3	Sing	Masc	מְצוּיָּן	צוּיַּן	9
3	תחשבו	חשב	PAAL		1	Plur	Masc	תַּחְשְׁבוּ	חָשַׁב	318
3	תגלו	תגל	PAAL		2	Plur	Masc	תְּגַלּוּ	תַּגֵּל	3
13	תשמעו	שמע	PAAL		2	Plur	Masc	תִּשְׁמְעוּ	שָׁמַע	173
8	מביא	הביא	HIFIL	Part	3	Sing	Masc	מֵבִיא	הֵבִיא	77
1	לנפוץ	נפץ	NIFAL	Inf				לִנְפוֹץ	נֶפֶץ	1
8	מוכרת	הוכר	PAAL	Part	1,2,3	Sing	Fem	מוּכֶּרֶת	הוּכַּר	8
1	תוכנה	תוכנה	PAAL	Part	3	Sing	Fem	תָּכְנָה	תָּכְנָה	1
7	פועלת	פעל	PAAL	Part	3	Sing	Fem	פּוֹעֶלֶת	פָּעַל	29
36	עובדת	עבד	PAAL	Part	1	Sing	Fem	עוֹבֶדֶת	עָבַד	226
13	בוחר	בחר	PAAL	Part	1,2,3	Sing	Masc	בּוֹחֵר	בָּחַר	64
3	צחקה	צחקה	PAAL		3	Sing	Fem	צָּחֲקָה	צָּחֲקָה	3
1	להרגיז	הרגיז	HIFIL	Inf				לְהַרְגִּיז	הִרְגִּיז	6
2	תזמין	הזמין	HIFIL		3	Sing	Fem	תַּזְמִין	הִזְמִין	43
3	תדע	ידע	PAAL		2	Sing	Masc	תֵּדַע	יֶדַע	335
1	תאהב	אהב	HIFIL		3	Sing	Masc	תֹֹאהַב	אָהַב	164
1	צוחק	צחק	PAAL	Part	1,2,3	Sing	Masc	צוֹחֵק	צָּחַק	15
5	חולים	חלה	PAAL	Part	1,2,3	Plur	Masc	חוֹלִים	חָלָה	7
2	מבולבלים	מבולבל	HITPAEL	Part	1,2,3	Plur	Masc	מְבוּלְבָּלִים	מְבוּלְבָּל	2
17	תקשיבו	הקשיב	HIFIL		1	Plur	Masc	תַּקְשִׁיבוּ	הִקְשִׁיב	50
1	הגב	הגב	HIFIL		3	Sing	Masc	הַגַּב	הַגַּב	1
2	צלצל	צלצל	PAAL		3	Sing	Masc	צִּלְצֵל	צִּלְצֵל	5
1	רץ	רץ	PAAL		3	Sing	Masc	רָץ	רָץ	10
1	תתיישב	התיישב	HITPAEL		3	Sing	Masc	תִּתְיַישֵּׁב	הִתְיַישֵּׁב	8
12	ראה	ראה	PAAL		3	Sing	Masc	רָאָה	רָאָה	268
24	יודעת	ידע	PAAL	Part	1,2,3	Sing	Fem	יוֹדַעַת	יֶדַע	335
7	שמעתי	שמע	PAAL		1	Sing	Masc	שָׁמַעְתִּי	שָׁמַע	173
2	נפרדו	נפרד	NIFAL		3	Plur	Masc	נִפְרְדוּ	נִפְרָד	10
2	הסתכלה	הסתכל	HITPAEL		3	Sing	Fem	הִסְתַכְּלָה	הִסְתַּכֵּל	61
5	הבין	הבין	HIFIL		3	Sing	Masc	הֵבִין	הֵבִין	159
24	ממשיכים	המשיך	HIFIL	Part	1	Plur	Masc	מַמְשִׁיכִים	הִמְשִׁיךְ	113
8	לעדכן	עדכן	PIEL	Inf				לְעַדְכֵּן	עִדְכָּן	8
30	לתמוך	תמך	PAAL	Inf				לִתְמוֹךְ	תָּמֵךְ	33
19	תזכרו	תזכר	PAAL		1	Plur	Masc	תִּזְכְּרוּ	תִּזְכֹֹר	19
5	חזרנו	חזר	PAAL		1	Plur	Masc	חָזַרְנוּ	חָזַר	175
21	מגיעה	הגיע	HIFIL	Part	1,2,3	Sing	Fem	מַגִּיעָה	הִגִּיעַ	464
4	קורא	קרא	PAAL	Part	1,2,3	Sing	Masc	קוֹרֵא	קָרָא	113
1	תעבירו	העביר	HIFIL		1	Plur	Masc	תַּעֲבִירוּ	הֶעֱבִיר	40
2	מחליפה	החליף	HIFIL	Part	1,2,3	Sing	Fem	מַחֲלִיפָה	הֶחֱלִיף	23
5	נמכר	נמכר	NIFAL		3	Sing	Masc	נִמְכַּר	נִמְכַּר	15
4	יקבל	קיבל	HIFIL		3	Sing	Masc	יְקַבֵּל	קִיבֵּל	245
12	תגידו	הגיד	PAAL		2	Plur	Masc	תַּגִּידוּ	הִגִּיד	234
2	ידעתם	ידע	PAAL		3	Plur	Masc	יְדַעְתֶּם	יֶדַע	335
7	מאמין	האמין	HIFIL	Part	1	Sing	Masc	מַאֲמִין	הֶאֱמִין	26
1	עודד	עודד	PIEL		3	Sing	Masc	עוֹדֵד	עוֹדֵד	3
2	מעביר	העביר	HIFIL	Part	1,2,3	Sing	Masc	מַעֲבִיר	הֶעֱבִיר	40
2	מצלצל	צלצל	HITPAEL	Part	3	Sing	Masc	מְצַלְצֵל	צִּלְצֵל	5
5	ראית	ראה	PAAL		1	Sing	Masc	רָאִיתָ	רָאָה	268
1	פייק	פייק	PAAL		3	Sing	Masc	פַּיְיק	פַּיְיק	1
8	נובחים	נבח	PAAL	Part	3	Plur	Masc	נוֹבְחִים	נָבַח	8
19	עוברת	עבר	PAAL	Part	3	Sing	Fem	עוֹבֶרֶת	עָבַר	261
1	מתארת	תיאר	PIEL	Part	1,2,3	Sing	Fem	מְתָאֶרֶת	תֵּיָאֵר	18
1	להרעיש	הרעיש	HIFIL	Inf				לְהַרְעִישׁ	הִרְעִישׁ	1
2	להפחיד	הפחיד	HIFIL	Inf				לְהַפְחִיד	הִפְחִיד	4
2	תמשיך	המשיך	HIFIL		3	Sing	Fem	תַּמְשִׁיךְ	הִמְשִׁיךְ	113
1	תעצור	עצר	PAAL		3	Sing	Fem	תַּעֲצוֹר	עָצַר	29
1	לכעוס	כעס	PAAL	Inf				לִכְעוֹס	כַּעַס	6
1	להתנגד	התנגד	HITPAEL	Inf				לְהִתְנַגֵּד	הִתְנַגֵּד	8
3	יקרו	קרה			3	Plur	Fem,Masc	יִקְרוּ	קָּרָה	230
2	ימשיכו	המשיך	HIFIL		3	Plur	Masc	יַמְשִׁיכוּ	הִמְשִׁיךְ	113
1	תוכנן	תוכנן	PUAL		3	Sing	Masc	תּוּכְנָן	תּוּכְנָן	1
2	התנגד	התנגד	HITPAEL		3	Sing	Masc	הִתְנַגֵּד	הִתְנַגֵּד	8
1	יחייב	חייב	HIFIL		3	Sing	Masc	יְחַיֵּיב	חַיָּיב	5
2	מצלם	צילם	PIEL	Part	1,2,3	Sing	Masc	מַצְּלֵם	צִּילָּם	17
4	פוחד	פחד	PAAL	Part	2	Sing	Masc	פּוֹחֵד	פַּחַד	16
5	תנסה	ניסה	HIFIL		2	Sing	Masc	תְּנַסֶּה	נִיסָּה	85
8	דואג	דאג	PAAL	Part	3	Sing	Masc	דּוֹאֵג	דָּאַג	41
2	פורסמת	פרסם	PUAL		3	Sing	Fem	פּוּרְסֶמֶת	פִּרְסֵם	25
1	פתחה	פתח	PAAL		3	Sing	Fem	פָּתְחָה	פֶּתַח	77
1	מגישה	הגיש	HIFIL	Part	1,2,3	Sing	Fem	מַגִּישָׁה	הִגִּישׁ	22
1	התאכזבו	התאכזב	HITPAEL		3	Plur	Fem,Masc	הִתְאַכְזְבוּ	הִתְאַכְזֵב	1
2	בחרה	בחר	PAAL		3	Sing	Fem	בָּחֲרָה	בָּחַר	64
5	כתבו	כתב	PAAL		3	Plur	Masc	כָּתְבוּ	כָּתַב	69
59	חושבת	חשב	PAAL	Part	1	Sing	Fem	חוֹשֶׁבֶת	חָשַׁב	318
2	מפסיקה	הפסיק	HIFIL	Part	3	Sing	Fem	מַפְסִיקָה	הִפְסִיק	42
2	פותחת	פתח	PAAL	Part	1,2,3	Sing	Fem	פּוֹתַחַת	פֶּתַח	77
16	הגענו	הגיע	HIFIL		1	Plur	Masc	הִגַּעְנוּ	הִגִּיעַ	464
1	מתנהגות	התנהג	HITPAEL	Part	1,2,3	Plur	Fem	מִתְנַהֲגוֹת	הִתְנַהֵג	14
2	נראות	נראה	NIFAL	Part	3	Plur	Fem	נִרְאוֹת	נִרְאֶה	83
6	להתחבר	התחבר	HITPAEL	Inf				לְהִתְחַבֵּר	הִתְחַבֵּר	24
2	מפורסם	מפורסם	PUAL	Part	1,2,3	Sing	Masc	מְפוּרְסָם	מְפוּרְסָם	2
1	מחלית	החלית	PAAL	Part	3	Sing	Fem	מַחֲלִית	הֶחֱלִית	1
5	לפרסם	פרסם	PIEL	Inf				לְפַרְסֵם	פִּרְסֵם	25
1	מלומר	לומר	PIEL	Inf				מִלּוֹמַר	לוֹמַר	1
2	להציק	הציק	HIFIL	Inf				לְהָצִיק	הֵצִיק	3
1	השתפרה	השתפר	HITPAEL		3	Sing	Fem	הִשְׁתַפְּרָה	הִשְׁתַפֵּר	10
3	להפריע	הפריע	HIFIL	Inf				לְהַפְרִיעַ	הִפְרִיעַ	13
3	נזכרה	נזכר	NIFAL		3	Sing	Fem	נִזְכְּרָה	נִזְכַּר	9
9	הבינה	הבין	HIFIL		3	Sing	Fem	הֵבִינָה	הֵבִין	159
1	להושיב	הושיב	HIFIL	Inf				לְהוֹשִׁיב	הוֹשִׁיב	1
9	מזמין	הזמין	PIEL	Part	1	Sing	Masc	מַזְמִין	הִזְמִין	43
4	מחולק	חולק	PUAL	Part	3	Sing	Masc	מְחוּלָּק	חוֹלֵק	5
1	הגבירו	הגביר	HIFIL		3	Plur	Masc	הִגְבִּירוּ	הִגְבִּיר	17
1	יצעו	יצע	PAAL		3	Plur	Masc	יָצְעוּ	יֶצַע	1
3	שוו	שווה	PAAL		3	Plur	Masc	שָׁוּוּ	שָׁוֶוה	5
3	תקפה	תקף	PAAL		3	Sing	Fem	תָּקְפָה	תֶּקֶף	9
2	מייחד	ייחד	HIFIL	Part	1,2,3	Sing	Masc	מְיַיחֵד	יִיחֵד	2
2	מכורים	כורה	PAAL	Part	3	Plur	Masc	מְכוּרִים	כּוֹרָה	2
1	מצרף	צירף	HIFIL	Part	2	Sing	Masc	מְצָרֵף	צֵּיְרֵף	3
2	בחרתי	בחר	PAAL		1	Sing	Masc	בָּחַרְתִּי	בָּחַר	64
7	שגר	שגר	PAAL	Part	3	Sing	Masc	שֶׁגָּר	שֶׁגָּר	22
13	לבנות	בנה	PAAL	Inf				לִבְנוֹת	בְּנָהּ	21
5	מכרו	מכר	PAAL		3	Plur	Fem	מָּכְרוּ	מַכָּר	43
2	ניחשתם	ניחש	PAAL		1	Plur	Masc	נִיחַשְׁתֶּם	נִיחֵשׁ	22
3	אהבו	אהב	PIEL		3	Plur	Masc	אָהֲבוּ	אָהַב	164
6	שמעו	שמע	PAAL		3	Plur	Masc	שָׁמְעוּ	שָׁמַע	173
8	הרגישו	הרגיש	HIFIL		3	Plur	Masc	הִרְגִּישׁוּ	הִרְגִּישׁ	148
5	פחדו	פחד	PAAL		3	Plur	Masc	פָּחֲדוּ	פַּחַד	16
1	יכתבו	כתב			3	Plur	Fem,Masc	יִכְתְּבוּ	כָּתַב	69
1	יתפוס	תפס	PAAL		3	Sing	Masc	יִתְפּוֹס	תָּפַס	17
2	ישים	שם	PAAL		3	Sing	Masc	יִשִׁים	שָׁם	79
3	חיפשו	חיפש	PIEL		3	Plur	Masc	חִיפְּשׂוּ	חִיפֵּשׂ	60
3	לתקשר	תקשר	HITPAEL	Inf				לְתַקְשֵׁר	תְּקַשֵּׁר	6
3	שימש	שימש	PIEL		3	Sing	Masc	שִׁימֵּשׁ	שִׁימֵּשׁ	9
6	מותר	מותר	PUAL	Part	3	Sing	Masc	מוּתָּר	מוּתָּר	6
3	בחרו	בחר	PAAL		3	Plur	Masc	בָּחֲרוּ	בָּחַר	64
3	גרס	גרס	PAAL		3	Sing	Masc	גֶּרֶס	גֶּרֶס	4
7	מראים	הראה	HIFIL	Part	3	Plur	Masc	מַרְאִים	הֶרְאָה	38
7	מחפש	חיפש	PIEL	Part	1,2,3	Sing	Masc	מְחַפֵּשׂ	חִיפֵּשׂ	60
5	סיפרו	סיפר	PIEL		3	Plur	Fem,Masc	סִּיפְּרוּ	סִּיפֵּר	121
3	רצית	רצה	PAAL		1	Sing	Masc	רָצִיתָ	רָצָה	467
1	שרצית	שרצי	PAAL		1	Sing	Fem	שֶׁרָצִיתָ	שֶׁרְצִי	1
4	אהבה	אהב	PAAL		3	Sing	Fem	אַהֲבָה	אָהַב	164
1	להקטין	הקטין	HIFIL	Inf				לְהַקְטִין	הִקְטִין	1
1	הפסיק	הפסיק	HIFIL		3	Sing	Masc	הִפְסִיק	הִפְסִיק	42
11	הגיעה	הגיע	HIFIL		3	Sing	Fem	הִגִּיעָה	הִגִּיעַ	464
3	תפוצץ	פוצץ	PAAL	Part	3	Sing	Masc	תְּפוֹצֵץ	פּוֹצֵץ	6
18	לעקוב	עקב	PAAL	Inf				לַעֲקוֹב	עֵקֶב	34
2	העבירו	העביר	HIFIL		3	Plur	Masc	הֶעֱבִירוּ	הֶעֱבִיר	40
15	דיברנו	דיבר	PIEL		1	Plur	Masc	דִּיבַּרְנוּ	דִּיבֵּר	359
5	השתמש	השתמש	HITPAEL		3	Sing	Masc	הִשְׁתַמֵּשׁ	הִשְׁתַמֵּשׁ	84
1	צולמו	צולם	PUAL		3	Plur	Fem	צוּלְּמוּ	צוֹלֵם	2
4	הורידו	הוריד	HIFIL		3	Plur	Masc	הוֹרִידוּ	הוֹרִיד	44
1	נהרגים	נהרג	NIFAL	Part	3	Plur	Masc	נֶהֱרָגִים	נֶהֱרַג	5
10	דיבר	דיבר	PIEL		3	Sing	Masc	דִּיבֵּר	דִּיבֵּר	359
1	ניצח	ניצח	PIEL		3	Sing	Masc	נִיצֵּחַ	נִיצֵּחַ	11
2	הפסידו	הפסיד	HIFIL		3	Plur	Masc	הִפְסִידוּ	הִפְסִיד	8
2	מתפרסם	התפרסם	HITPAEL	Part	3	Sing	Masc	מִתְפַּרְסֵם	הִתְפַרְסֵם	8
1	משתפות	שיתף	PIEL	Part	3	Plur	Fem	מְשְַׁתְּפוּת	שִׁיתֵּף	18
4	פגע	פגע	PAAL		3	Sing	Masc	פָּגַע	פָּגַע	36
1	השפיעו	השפיע	HIFIL		3	Plur	Masc	הִשְׁפִּיעוּ	הִשְׁפִּיעַ	22
2	להתפוצץ	התפוצץ	HITPAEL	Inf				לְהִתְפּוֹצֵץ	הִתְפּוֹצֵץ	5
1	יציל	הציל	HIFIL		3	Sing	Masc	יַצִּיל	הִצִּיל	9
1	מתעדכנת	התעדכן	HITPAEL	Part	1,2,3	Sing	Fem	מִתְעַדְכֶּנֶת	הִתְעַדְכֵּן	1
28	לוקחים	לקח	PAAL	Part	3	Plur	Masc	לוֹקְחִים	לֶקַח	156
17	דיברתי	דיבר	PIEL		1	Sing	Masc	דִּיבַּרְתִּי	דִּיבֵּר	359
6	משתמש	השתמש	HITPAEL	Part	1	Sing	Masc	מִשְׁתַמֵּשׁ	הִשְׁתַמֵּשׁ	84
1	מקשר	קישר	PIEL	Part	3	Sing	Masc	מְקַשֵּׁר	קִישֵּׁר	1
2	שמוכרים	שמכר	PAAL	Part	3	Plur	Masc	שֶׁמּוּכָּרִים	שֶׁמַּכָּר	2
2	ניסיתי	ניסה	PIEL		1	Sing	Masc	נִיסִּיתִי	נִיסָּה	85
1	מחקתי	מחק	PIEL		1	Sing	Masc	מָחַקְתִּי	מָחַק	3
1	החזרתי	החזיר	HIFIL		1	Sing	Masc	הֶחֱזַרְתִּי	הֶחֱזִיר	29
2	מעריך	העריך	HIFIL	Part	3	Sing	Masc	מַעֲרִיךְ	הֶעֱרִיךְ	7
2	נחספתי	נחסף	HITPAEL		1	Sing	Masc	נֶחְסַפְתִּי	נֶחֱסַף	6
3	זזו	זזה	PAAL		3	Plur	Fem,Masc	זָּזוּ	זָּזָה	4
1	פרסמו	פרסם	PIEL		3	Plur	Masc	פִּרְסְמוּ	פִּרְסֵם	25
2	סיננו	סינן	PIEL		1	Plur	Masc	סִּינְּנוּ	סִּינָּן	2
2	מתמודד	התמודד	HITPAEL	Part	1,2,3	Sing	Masc	מִתְמוֹדֵד	הִתְמוֹדֵד	20
1	לחסף	חיסף	PIEL	Inf				לַחְסֹף	חִיסָּף	1
2	סתובב	סתבב	PAAL	Part	3	Sing	Masc	סְתוֹבֵב	סִתְבַּב	3
1	חספתי	חסף	PIEL		1	Sing	Masc	חָסַפְתִּי	חָסָף	4
4	הרגשתי	הרגיש	HIFIL		1	Sing	Masc	הִרְגַּשְׁתִּי	הִרְגִּישׁ	148
1	פוץ	פוץ	PAAL		3	Sing	Masc	פּוּץ	פּוּץ	1
2	מסתירים	הסתיר	HIFIL	Part	3	Plur	Masc	מַסְתִּירִים	הִסְתִּיר	8
1	מזבזה	הזבז	PIEL	Part	1,2,3	Sing	Masc	מַזְבְּזָה	הִזְבֵּז	1
1	מסתובב	הסתובב	HITPAEL	Part	3	Sing	Masc	מִסְתּוֹבֵב	הִסְתּוֹבֵב	16
5	אתן	נתן	PAAL		1	Sing	Masc	אַתֶּן	נָתָן	147
1	צרחתי	צרח	PAAL		1	Sing	Masc	צָּרַחְתִּי	צָּרַח	1
1	שידרו	שידר	PIEL		3	Plur	Masc	שִׁידְּרוּ	שִׁידֵּר	11
1	תאר	תאר	PAAL		1	Sing	Masc	תָּאֵר	תָּאֵר	1
8	נהניתי	נהנה	NIFAL		1	Sing	Masc	נֶהֱנֵיתִי	נֶהֱנֶה	32
1	חינו	חינה	PAAL		3	Plur	Masc	חִינּוֹ	חִינָּה	1
6	יחזרו	חזר			3	Plur	Fem,Masc	יַחְזְרוּ	חָזַר	175
3	עוקבים	עקב	PAAL	Part	3	Plur	Masc	עוֹקְבִים	עֵקֶב	34
1	גירד	גירד	PAAL		3	Sing	Masc	גֵּיְרֵד	גֵּיְרֵד	1
1	צלצלו	צלצל	PUAL		3	Plur	Masc	צִּלְצְלוּ	צִּלְצֵל	5
1	התרגשנו	התרגש	HITPAEL		1	Plur	Fem,Masc	הִתְרַגַּשְׁנוּ	הִתְרַגֵּשׁ	18
4	תיגמר	נגמר	NIFAL		3	Sing	Fem	תִּיגָּמֵר	נִגְמַר	42
2	סגרו	סגר	PAAL		3	Plur	Masc	סָּגְרוּ	סֶּגֶּר	20
3	יפסיקו	הפסיק	HIFIL		3	Plur	Masc	יַפְסִיקוּ	הִפְסִיק	42
1	יעזבו	עזב	PAAL		3	Plur	Fem,Masc	יַעַזְבוּ	עָזַב	32
2	יעברו	עבר	PAAL		3	Plur	Masc	יַעַבְּרוּ	עָבַר	261
8	להתראיין	התראיין	HITPAEL	Inf				לְהִתְרַאֲיֵין	הַתְּרַאֲיָין	8
1	שעוקבים	שעק	PAAL	Part	3	Plur	Masc	שֶׁעוֹקְבִים	שָׁעַק	1
3	תוכלו	תוכל	HIFIL		1	Plur	Masc	תּוּכְלוּ	תּוּכַל	3
3	להיפרד	נפרד	HITPAEL	Inf				לְהִיפָּרֵד	נִפְרָד	10
4	צאו	צאה	PAAL		2	Plur	Masc	צָּאוּ	צָּאָה	4
8	חוגגים	חגג	PAAL	Part	3	Plur	Masc	חוֹגְגִים	חָגָג	18
1	חגגו	חגג	PAAL		3	Plur	Masc	חָגְגוּ	חָגָג	18
1	נחגים	נחג	PAAL	Part	3	Plur	Masc	נְחָגִים	נַחַג	2
1	להודיע	הודיע	HIFIL	Inf				לְהוֹדִיעַ	הוֹדִיעַ	6
2	לרכוב	רכב	PAAL	Inf				לִרְכּוֹב	רֶכֶב	2
1	יתעקבו	התעקב	HITPAEL		3	Plur	Fem,Masc	יִתְעַקְּבוּ	הִתְעַקֵּב	1
1	יספיקו	הספיק	HIFIL		3	Plur	Fem,Masc	יַסְפִּיקוּ	הִסְפִּיק	21
2	הוחלט	הוחלט	HUFAL		3	Sing	Masc	הוּחְלַט	הוּחְלַט	2
1	יוסיפו	הוסיף	HIFIL		3	Plur	Fem,Masc	יוֹסִיפוּ	הוֹסִיף	23
3	לחג	לחג	PAAL	Inf				לְחַג	לְחַג	3
8	לנקות	ניקה	PIEL	Inf				לְנַקּוֹת	נִיקָה	12
3	טועים	טעה	PAAL	Part	2	Plur	Masc	טוֹעִים	טָעָה	8
3	מקפידים	הקפיד	HIFIL	Part	3	Plur	Masc	מַקְפִּידִים	הִקְפִּיד	4
3	מוציאים	הוציא	HIFIL	Part	3	Plur	Masc	מוֹצִיאִים	הוֹצִיא	62
6	כתוב	כתב	PUAL	Part	3	Sing	Masc	כָּתוּב	כָּתַב	69
3	לפסח	פיסח	PAAL	Inf				לְפֶּסַח	פִּיסֵּחַ	3
2	נשאיר	השאיר	HIFIL		1	Plur	Masc	נַשְׁאִיר	הִשְׁאִיר	19
1	זרקנו	זרק	PAAL		1	Plur	Masc	זָּרַקְנוּ	זָּרַק	16
1	נפלו	נפל	PAAL		3	Plur	Masc	נָפְלוּ	נָפַל	20
2	שומרות	שמר	PAAL	Part	3	Plur	Fem	שׁוֹמְרוֹת	שָׁמַר	52
1	דואגות	דאג	PAAL	Part	3	Plur	Fem	דּוֹאֲגוֹת	דָּאַג	41
1	מחביא	החביא	PIEL	Part	1,2,3	Sing	Masc	מַחְבִּיא	הֶחְבִּיא	1
1	נראית	נראה	NIFAL	Part	3	Sing	Fem	נִרְאֵית	נִרְאֶה	83
1	אוכלות	אכל	PAAL	Part	3	Plur	Fem	אוֹכְלוֹת	אָכַל	97
2	זורקים	זרק	PAAL	Part	3	Plur	Masc	זוֹרְקִים	זָּרַק	16
1	מתאימות	מתאים	PUAL	Part	3	Plur	Fem	מַתְאִימוֹת	מַתְאִים	1
2	סוגר	סגר	PAAL	Part	3	Sing	Masc	סוֹגֵּר	סֶּגֶּר	20
1	להשתלם	השתלם	HITPAEL	Inf				לְהִשְׁתַלֵּם	הִשְׁתַלֵם	2
2	להכל	הכל	PIEL	Inf				לְהַכֹּל	הַכֹּל	3
1	מותרים	הותר	PUAL	Part	3	Plur	Masc	מוּתָּרִים	הוּתַּר	2
1	מקמחים	קימח	HIFIL	Part	1,2,3	Plur	Masc	מְקַמְּחִים	קִימַּח	1
1	מרשות	רישה	PAAL	Part	3	Plur	Fem	מַרְשׁוּת	רִישָׁה	1
24	לעלות	עלה	PAAL	Inf				לַעֲלוֹת	עָלָה	147
1	מרוויחות	הרוויח	PIEL	Part	3	Plur	Fem	מַרְוִויחוֹת	הִרְוִויחַ	22
3	מתקרבים	התקרב	HITPAEL	Part	3	Plur	Masc	מִתְקָרְבִים	הִתְקָרֵב	17
1	אוספים	אסף	PAAL	Part	3	Plur	Masc	אוֹסָפִים	אָסָף	3
2	מתגלגל	התגלגל	HITPAEL	Part	1,2,3	Sing	Masc	מִתְגַּלְגֵּל	הִתְגַּלְגֵּל	9
7	מרוויחים	הרוויח	HIFIL	Part	1	Plur	Masc	מַרְוִויחִים	הִרְוִויחַ	22
2	נמכרים	נמכר	NIFAL	Part	3	Plur	Masc	נִמְכָּרִים	נִמְכַּר	15
5	דורשת	דרש	PAAL	Part	3	Sing	Fem	דּוֹרֶשֶׁת	דָּרַשׁ	24
2	משלם	שילם	PIEL	Part	1,2,3	Sing	Masc	מְשְַׁלֵם	שִׁילֵּם	54
2	חותם	חתם	PAAL	Part	3	Sing	Masc	חוֹתָם	חָתָם	16
5	באה	בא	PAAL	Part	3	Sing	Fem	בָּאָה	בָּא	264
3	יחליט	החליט	HIFIL		3	Sing	Masc	יַחֲלִיט	הֶחֱלִיט	164
1	ניכינו	היכין	PAAL		1	Plur	Masc	נִיכִּינוּ	הֵיכִין	1
4	קנינו	קנה	PAAL		1	Plur	Masc	קָּנִינוּ	קָּנָה	98
1	הכנו	הכין	HIFIL		1	Plur	Masc	הַכְּנוּ	הֵכִין	59
4	לשיר	שר	PIEL	Inf				לָשִׁיר	שַּׂר	8
10	שותים	שת	PAAL	Part	3	Plur	Masc	שׁוֹתִים	שַּׁת	11
1	תטעו	טעה	PAAL		1	Plur	Masc	תִּטְעוּ	טָעָה	8
1	לסמן	סימן	PIEL	Inf				לְסַמֵּן	סִּימָן	3
18	לשתות	לשתות	PAAL	Inf				לִשְׁתוֹת	לִשְׁתוֹת	18
4	קוראת	קרא	PAAL	Part	3	Sing	Fem	קוֹרֵאת	קָרָא	113
1	מצוירות	צויר	PUAL	Part	3	Plur	Fem	מְצוּיָּרוֹת	צוּיַּר	1
1	מצווה	ציווה	PIEL	Part	1,2,3	Sing	Fem	מִצְוָוה	צִּיוָוה	1
9	מקשיבים	הקשיב	HITPAEL	Part	3	Plur	Masc	מַקְשִׁיבִים	הִקְשִׁיב	50
5	משתתפים	השתתף	HITPAEL	Part	1	Plur	Masc	מִשְׁתַּתְּפִים	הִשְׁתַתֵּף	27
10	מביאים	הביא	HIFIL	Part	3	Plur	Masc	מְבִיאִים	הֵבִיא	77
3	שותה	שתה	PAAL	Part	3	Sing	Masc	שׁוֹתֶה	שָׁתָה	4
2	מסמלת	סימל	PIEL	Part	1,2,3	Sing	Fem	מְסַמֶּלֶת	סִּימֵל	6
12	מסיימים	סיים	PIEL	Part	3	Plur	Masc	מְסַיְּימִים	סִּייֵּם	69
2	מוזגים	הוזג	HIFIL	Part	3	Plur	Masc	מוֹזְגִים	הוּזַּג	2
2	מניחים	הניח	HIFIL	Part	3	Plur	Masc	מַנִּיחִים	הִנִּיחַ	22
5	להתארח	התארח	HITPAEL	Inf				לְהִתְאָרֵחַ	הִתְאָרֵחַ	7
1	מציינים	ציין	PIEL	Part	3	Plur	Masc	מְצַיְּינִים	צִּייֵּן	6
7	מזמינים	הזמין	PIEL	Part	1,2,3	Plur	Masc	מַזְמִינִים	הִזְמִין	43
7	נשארה	נשאר	NIFAL		3	Sing	Fem	נִשְׁאֲרָה	נִשְׁאַר	101
1	יפתור	פתר	HIFIL		3	Sing	Masc	יִפְתּוֹר	פֶּתֶר	7
2	מחביעים	החביע	HIFIL	Part	3	Plur	Masc	מַחְבִּיעִים	הֶחְבִּיעַ	2
13	להשתתף	השתתף	HITPAEL	Inf				לְהִשְׁתַתֵּף	הִשְׁתַתֵּף	27
10	מוצאים	מצא	PAAL	Part	3	Plur	Masc	מוֹצְאִים	מָצָא	125
30	מקבלים	קיבל	PIEL	Part	1,2,3	Plur	Masc	מְקַבְּלִים	קִיבֵּל	245
4	מסתיים	הסתיים	HITPAEL	Part	3	Sing	Masc	מִסְתַיֵּים	הִסְתַיֵּים	14
1	נוהגים	נהג	PAAL	Part	3	Plur	Masc	נוֹהֲגִים	נַהָג	16
3	נהוג	נהג	PAAL	Part	3	Sing	Masc	נָהוּג	נַהָג	16
2	לנוח	נח	PAAL	Inf				לָנוּחַ	נֹחַ	4
1	להשכיב	השכיב	HIFIL	Inf				לְהַשְׁכִּיב	הִשְׁכִּיב	1
1	השתחררנו	השתחרר	HITPAEL		1	Plur	Masc	הִשְׁתַּחְרַרְנוּ	הִשְׁתַחְרֵר	9
5	תספר	סיפר	PAAL		2	Sing	Masc	תְּסַפֵּר	סִּיפֵּר	121
1	שלמדת	שלמד	PAAL		1	Sing	Masc	שִׁלְמַדְתָּ	שֶׁלְמַד	3
20	מאחל	איחל	PIEL	Part	1	Sing	Masc	מַאֲחֵל	אִיחֵל	28
2	מערכים	עירך	PIEL	Part	1,2,3	Plur	Masc	מַעֲרָכִים	עִירְךָ	2
1	נקבל	קיבל	HIFIL		1	Plur	Masc	נְקַבֵּל	קִיבֵּל	245
4	ליפול	נפל	PAAL	Inf				לִיפּוֹל	נָפַל	20
2	משמיעה	השמיע	HIFIL	Part	1,2,3	Sing	Fem	מַשְׁמִיעָה	הִשְׁמִיעַ	8
20	גרה	גרה	PAAL	Part	1	Sing	Fem	גָּרָה	גָּרָה	21
3	נפגע	נפגע	NIFAL		3	Sing	Masc	נִפְגַּע	נִפְגַּע	9
1	מתכוננים	התכונן	HITPAEL	Part	3	Plur	Masc	מִתְכּוֹנְנִים	הִתְכּוֹנֵן	5
2	מחשבים	מחשב	PIEL	Part	3	Plur	Masc	מַחְשְׁבִים	מַחְשֵׁב	2
2	נישאר	נשאר	HIFIL		1	Plur	Masc	נִישָּׁאֵר	נִשְׁאַר	101
2	לצבוע	צבע	PAAL	Inf				לִצְבּוֹעַ	צֶּבַע	2
7	בודק	בדק	PAAL	Part	3	Sing	Masc	בּוֹדֵק	בָּדַק	52
1	וודא	ודא	PAAL		1	Sing	Masc	וַודַּא	וַדַּא	1
1	לחשב	חישב	PIEL	Inf				לַחְשֹׁב	חִישֵּׁב	1
1	נקנה	נקנה	PAAL		1	Plur	Masc	נִקְנֶה	נִקְנֶה	1
5	לסדר	סידר	PIEL	Inf				לְסַדֵּר	סִּידֵּר	6
1	לבשנו	לבש	PAAL		1	Plur	Masc	לָבַשְׁנוּ	לָבַשׁ	9
1	לבשתי	לבשתי	PAAL		1	Sing	Masc	לָבַשְׁתִּי	לָבַשְׁתִּי	1
2	מנקים	ניקה	PIEL	Part	3	Plur	Masc	מְנַקִּים	נִיקָה	12
8	מספרת	סיפר	PIEL	Part	1,2,3	Sing	Fem	מְסַפֶּרֶת	סִּיפֵּר	121
1	מנצלת	ניצל	PIEL	Part	1,2,3	Sing	Fem	מְנַצֶּלֶת	נִיצֵּל	16
6	לזרוק	זרק	PAAL	Inf				לִזְרוֹק	זָּרַק	16
1	עמוס	עמוס	PAAL	Part	3	Sing	Masc	עָמוֹס	עָמוֹס	1
3	משתדלת	השתדל	HITPAEL	Part	1	Sing	Fem	מִשְׁתַּדֶּלֶת	הִשְׁתַדֵּל	11
4	להשאיר	השאיר	HIFIL	Inf				לְהַשְׁאִיר	הִשְׁאִיר	19
1	להיפטר	נפטר	NIFAL	Inf				לְהִיפָּטֵר	נִפְטַר	3
3	לחבר	חיבר	PIEL	Inf				לְחַבֵּר	חִיבֵּר	13
2	מוסר	מסר	PAAL	Part	3	Sing	Masc	מוּסָר	מֶסֶר	6
1	מסוחכים	סוחך	PUAL	Part	1	Plur	Masc	מְסוּחָכִים	סוֹחֵךְ	1
5	נאכל	נאכל	NIFAL		1	Plur	Masc	נֹאכַל	נֹאכַל	6
2	ניקיתי	ניקה	PAAL		1	Sing	Masc	נִיקִּיתִי	נִיקָה	12
1	התכופפתי	התכופף	HITPAEL		1	Sing	Masc	הִתְכּוֹפַפְתִּי	הִתְכּוֹפֵּף	2
1	להרתיח	הרתיח	HIFIL	Inf				לְהַרְתִּיחַ	הִרְתִּיחַ	1
6	מחובר	חובר	PUAL	Part	3	Sing	Masc	מְחוּבָּר	חוֹבֵּר	13
2	מבשל	בישל	PAAL	Part	3	Sing	Masc	מְבַשֵּׁל	בִּישֵּׁל	18
10	קשורות	קשר	PAAL	Part	3	Plur	Fem	קְשׁוּרוֹת	קֶשֶׁר	92
2	מתערכים	התערך	HITPAEL	Part	3	Plur	Masc	מִתְעָרְכִים	הִתְעָרֵךְ	4
1	מצטרפים	הצטרף	HITPAEL	Part	3	Plur	Masc	מִצְטָרְפִים	הִצְטָרֵף	26
1	כבש	כבש	PAAL		3	Sing	Masc	כֶּבֶשׂ	כֶּבֶשׂ	2
1	מתקתק	התקתק	HITPAEL	Part	1,2,3	Sing	Masc	מְתַקְתֵּק	הִתְקַתֵּק	1
1	הכאילו	הכאיל	HIFIL		3	Plur	Masc	הַכְּאִילוּ	הִכְאִיל	1
3	לנו	לן	PAAL		1	Plur	Masc	לָנוּ	לֶן	3
2	תאכל	אכל	PAAL		3	Sing	Masc	תֹֹאכַל	אָכַל	97
1	חלה	חל	PAAL		3	Sing	Fem	חָלָה	חָל	5
1	יאכלו	אכל			3	Plur	Fem,Masc	יֹאכְלוּ	אָכַל	97
2	נשבע	נשבע	PAAL	Part	1	Sing	Masc	נִשְׁבַע	נִשְׁבַע	2
4	בחרנו	בחר	PAAL		1	Plur	Masc	בָּחַרְנוּ	בָּחַר	64
2	רושמת	רשם	PAAL	Part	1	Sing	Fem	רוֹשֶׁמֶת	רָשַׁם	6
1	נגזרת	נגזר	NIFAL	Part	3	Sing	Fem	נִגְזֶרֶת	נִגְזַר	1
1	מוחקת	הוחק	HITPAEL	Part	1,2,3	Sing	Fem	מוֹחֶקֶת	הוּחַק	1
1	רכשתי	רכש	PAAL		1	Sing	Masc	רָכַשְׁתִּי	רָכַשׁ	4
3	מודה	הודה	HIFIL	Part	1	Sing	Masc	מוֹדֶה	הוֹדָה	32
1	מעריכה	העריך	HIFIL	Part	1,2,3	Sing	Fem	מַעֲרִיכָה	הֶעֱרִיךְ	7
2	לשכוח	שכח	PAAL	Inf				לִשְׁכּוֹחַ	שָׁכַח	17
2	מתעצם	התעצם	HITPAEL	Part	3	Sing	Masc	מִתְעַצֵּם	הִתְעַצֵּם	3
1	נגמרית	נגמר	NIFAL	Part	3	Sing	Fem	נִגְמָרִית	נִגְמַר	42
1	מתפוצצים	התפוצץ	HITPAEL	Part	3	Plur	Masc	מִתְפּוֹצְצִים	הִתְפּוֹצֵץ	5
1	מארגן	אירגן	PIEL	Part	1,2,3	Sing	Masc	מְאַרְגֵּן	אִירְגֶּן	1
2	מוגבלים	מוגבל	PUAL	Part	3	Plur	Masc	מוּגְבָּלִים	מוּגְבָּל	2
3	אה	אה	PAAL		1	Sing	Masc	אָה	אָה	3
1	תידוף	נדף	PAAL		2	Sing	Masc	תִּידּוּף	נָדַף	1
1	אדחה	אדח	PAAL		1	Sing	Masc	אַדְחָה	אֶדַח	1
1	אקום	אקם	PAAL		1	Sing	Masc	אָקוּם	אָקָם	1
1	בח	בח	PAAL		2	Sing	Masc	בַּח	בַּח	1
1	ינוח	נח	PAAL		1	Sing	Masc	יָנוּחַ	נֹחַ	4
7	מרגישה	הרגיש	HIFIL	Part	1,2,3	Sing	Fem	מַרְגִּישָׁה	הִרְגִּישׁ	148
1	עייפה	עייף	PAAL	Part	1	Sing	Masc	עֲיֵיפָה	עָיֵיף	3
2	להרח	הרח	HIFIL	Inf				לְהֶרַח	הָרַח	2
8	להנות	הנה	PAAL	Inf				לֵהָנוֹת	הִנֵּה	9
4	רגילים	רגיל	PAAL	Part	2	Plur	Masc	רְגִּילִים	רָגִיל	4
2	משמח	שימח	PIEL	Part	1,2,3	Sing	Masc	מִשְׂמַח	שְִׂיַמֵּחַ	4
2	מצחיק	מצחיק	PAAL	Part	1,2,3	Sing	Masc	מַצְחִיק	מַצְחִיק	2
7	זוכרת	זכר	PAAL	Part	1	Sing	Masc	זוֹכֶרֶת	זֵכֶר	66
4	מסתדרים	הסתדר	HITPAEL	Part	1	Plur	Masc	מִסְתַדְּרִים	הִסְתַדֵּר	21
8	מצאת	מצא	PAAL		2	Sing	Masc	מָצָאתָ	מָצָא	125
1	פוסח	פסח	PAAL	Part	3	Sing	Masc	פּוּסַּח	פֶּסַח	1
1	פוסים	פסה	PAAL	Part	3	Plur	Masc	פּוּסִים	פַּסָּה	1
1	קלקל	קלקל	PAAL	Part	3	Sing	Masc	קַלְקַל	קַלְקַל	2
2	מארח	מארח	PIEL	Part	3	Sing	Masc	מְאָרֵחַ	מְאָרֵחַ	2
1	תכוונה	כוון	PAAL		3	Sing	Fem	תִּכְוְונָה	כִּוּוּן	1
1	לארח	אירח	PIEL	Inf				לְאָרֵחַ	אֵירֵחַ	1
5	לההנות	הנן	HITPAEL	Inf				לְהֵהָנוֹת	הִנֵּן	5
5	נופלים	נפל	PAAL	Part	3	Plur	Masc	נוֹפְלִים	נָפַל	20
3	ניקח	לקח	HIFIL		1	Plur	Masc	נִיקַּח	לֶקַח	156
2	עפו	עפה	PAAL		3	Plur	Fem,Masc	עָפוּ	עָפָה	4
1	הוצאנו	הוציא	PAAL		1	Plur	Masc	הוֹצֵאנוּ	הוֹצִיא	62
2	נתחן	נתחן	PAAL		3	Sing	Masc	נַתְחָן	נַתְחָן	2
1	תחנו	תחן	PAAL		1	Plur	Masc	תַּחֲנוּ	תָּחָן	1
1	נשפוך	שפך	PAAL		1	Plur	Masc	נִשְׁפוֹךְ	שֶׁפֶךְ	2
1	נטבל	טיבל	PAAL		1	Plur	Masc	נִטְבָּל	טִּיבֵּל	1
1	נערבב	נערבב	HIFIL		1	Plur	Masc	נְעַרְבֵּב	נְעַרְבֵּב	1
2	נשים	שם	PAAL	Part	1	Plur	Masc	נָשִׁים	שָׁם	79
1	נוריד	הוריד	HIFIL		1	Plur	Masc	נוּרִיד	הוֹרִיד	44
4	מכינה	הכין	HIFIL	Part	1,2,3	Sing	Fem	מְכִינָה	הֵכִין	59
2	להחל	החל	HIFIL	Inf				לְהָחֵל	הֵחֵל	14
1	אאחל	איחל	HIFIL		1	Sing	Masc	אַאֲחָל	אִיחֵל	28
1	מסובים	סובה	PAAL	Part	3	Plur	Masc	מְסוּבִּים	סוֹבָה	1
1	תאחדו	תאחד	PAAL		3	Plur	Fem,Masc	תֹּאחֲדוּ	תְּאַחֵד	1
1	הצלחתם	הצליח	HIFIL		1	Plur	Masc	הַצְלָחָתָם	הִצְלִיחַ	128
10	נמשיך	המשיך	HIFIL		1	Plur	Masc	נַמְשִׁיךְ	הִמְשִׁיךְ	113
6	עוסקות	עסק	PAAL	Part	3	Plur	Fem	עוֹסְקוֹת	עֵסֶק	36
1	ששט	ששט	PAAL		3	Sing	Masc	שֶׁשֶׁט	שֶׁשֶׁט	1
1	עוסקת	עסק	PAAL	Part	3	Sing	Fem	עוֹסֶקֶת	עֵסֶק	36
2	ונסיים	הנסי	PAAL		1	Plur	Masc	וְנִסְיָים	הַנְּסִי	2
1	שעלו	שעל	PAAL		3	Plur	Masc	שֶׁעָלוּ	שֶׁעַל	5
18	יאללה	אלל	PAAL		1	Sing	Masc	יַאלְלָה	אֱלֶל	18
11	שחיים	שחיים	PAAL	Part	3	Plur	Masc	שֶׁחַיִים	שֶׁחַיִים	11
1	מקיימים	קיים	PIEL	Part	3	Plur	Masc	מְקַיְּימִים	קַיָּים	9
3	תקפו	תקף	PAAL		3	Plur	Masc	תָּקְפוּ	תֶּקֶף	9
6	להתקרב	התקרב	HITPAEL	Inf				לְהִתְקָרֵב	הִתְקָרֵב	17
1	לעסור	עסר	PAAL	Inf				לַעֲסוֹר	עָסָר	1
6	להגן	הגן	HIFIL	Inf				לְהָגֵן	הַגַּן	7
1	מבודד	מבודד	PUAL	Part	1,2,3	Sing	Masc	מְבוּדָּד	מְבוּדָּד	1
2	שמקבלים	שמבל	PAAL	Part	3	Plur	Masc	שֶׁמְקַבְּלִים	שֶׁמְבֵּל	2
2	נסחפה	נסחף	NIFAL		3	Sing	Fem	נִסְחֲפָה	נִסְחָף	2
1	מסכנים	סיכן	PIEL	Part	1,2,3	Plur	Masc	מִסְכֵּנִים	סִּיכָּן	3
2	קשרו	קשר	PIEL		3	Plur	Masc	קִשְׁרוֹ	קֶשֶׁר	92
2	ירא	ירא	PAAL	Part	3	Sing	Masc	יִרָא	יִרָא	2
2	נאלץ	נאלץ	NIFAL	Part	3	Sing	Masc	נֶאֱלַץ	נֶאֱלַץ	5
1	לשוב	שב	PAAL	Inf				לָשׁוּב	שָׁב	17
1	שרצה	שרץ	PIEL		3	Sing	Masc	שֶׁרָצָה	שֶׁרֶץ	18
2	קברו	קבר	PAAL		3	Plur	Masc	קִבְרוֹ	קֶבֶר	2
1	תתקרבו	התקרב	HITPAEL		3	Plur	Masc	תִּתְקָרְבוּ	הִתְקָרֵב	17
1	לראפטינג	רפטינג	PAAL	Inf				לְרַאפְטִינְג	רֶפְּטִינְג	1
1	לטפס	טיפס	PAAL	Inf				לְטַפֵּס	טִיפֵּס	2
1	חיפש	חיפש	PIEL		3	Sing	Masc	חִיפֵּשׂ	חִיפֵּשׂ	60
3	הרג	הרג	PAAL		3	Sing	Masc	הָרַג	הָרַג	15
1	הרז	הרז	PAAL		3	Sing	Masc	הָרָז	הָרָז	4
3	ביקר	ביקר	PIEL		3	Sing	Masc	בִּיקֵּר	בִּיקֵּר	33
1	אסף	אסף	PAAL		3	Sing	Masc	אָסָף	אָסָף	3
5	יכל	יכל	PAAL		3	Sing	Masc	יָכֹל	יָכֹל	9
1	ירע	ירע	PAAL		3	Sing	Masc	יֶרַע	יֶרַע	1
2	בישלו	בישל	PIEL		3	Plur	Masc	בִּישְּׁלוּ	בִּישֵּׁל	18
2	יביא	הביא	HIFIL		3	Sing	Masc	יָבִיא	הֵבִיא	77
1	יצלם	צילם	HIFIL		3	Sing	Masc	יְצַלֵּם	צִּילָּם	17
1	יאמין	האמין	HIFIL		3	Sing	Masc	יַאֲמִין	הֶאֱמִין	26
2	מסכן	סיכן	PIEL	Part	1,2,3	Sing	Masc	מְסַכֵּן	סִּיכָּן	3
1	השאיר	השאיר	HIFIL		3	Sing	Masc	הִשְׁאִיר	הִשְׁאִיר	19
11	ראו	ראה	PAAL		3	Plur	Masc	רָאוּ	רָאָה	268
4	עצרה	עצר	PAAL		3	Sing	Fem	עָצְרָה	עָצַר	29
2	מעודדים	עודד	PIEL	Part	3	Plur	Masc	מְעוֹדְדִים	עוֹדֵד	3
1	להעז	העז	HIFIL	Inf				לְהָעֵז	הָעַז	3
3	להתחשב	התחשב	HITPAEL	Inf				לְהִתְחַשֵּׁב	הִתְחַשֵּׁב	7
7	תגיע	הגיע	HIFIL		3	Sing	Fem	תַּגִּיעַ	הִגִּיעַ	464
2	יחזיק	החזיק	HIFIL		3	Sing	Masc	יַחֲזִיק	הֶחֱזִיק	30
1	יבקש	ביקש	HIFIL		3	Sing	Masc	יְבַקֵּשׁ	בִּיקֵּשׁ	78
2	מנומסים	נומס	PUAL	Part	3	Plur	Masc	מְנוּמָּסִים	נוֹמְס	2
3	פונים	פנה	PAAL	Part	3	Plur	Masc	פּוֹנִים	פָּנָה	16
1	שבה	שב	PAAL		3	Sing	Fem	שֶׁבָּהּ	שָׁב	17
2	התכוונת	התכוונת	HIFIL		1	Sing	Masc	הִתְכַּוַּונְתָּ	הִתְכַּוַּונְתָּ	2
1	נשרפת	נשרף	NIFAL	Part	3	Sing	Fem	נִשְׂרֶפֶת	נִשְׂרַף	1
2	הודע	הודע	HIFIL		3	Sing	Masc	הוֹדָע	הוֹדָע	2
2	מנוצל	נוצל	PUAL	Part	3	Sing	Masc	מְנוּצָּל	נוֹצְל	2
1	מקלידים	הקליד	HIFIL	Part	1	Plur	Masc	מַקְלִידִים	הַקְּלִיד	1
1	לצ'אט	צ'אט	PAAL	Inf				לְצָ'אט	צָ'אט	1
1	מריצים	הריץ	PIEL	Part	3	Plur	Masc	מְרִיצִים	הֵרִיץ	2
7	גורמים	גרם	PAAL	Part	3	Plur	Masc	גּוֹרְמִים	גָּרַם	107
1	לצרוך	צרך	PAAL	Inf				לִצְרוֹךְ	צֶֹרֶךְ	2
5	מביאה	הביא	HIFIL	Part	3	Sing	Fem	מְבִיאָה	הֵבִיא	77
1	מכבדות	כבד	HIFIL	Part	1,2,3	Plur	Fem	מְכַבְּדוֹת	כָּבֵד	1
1	מובילות	הוביל	HIFIL	Part	1,2,3	Plur	Fem	מוֹבִילוֹת	הוֹבִיל	12
5	מחתי	מחת	PAAL		1	Sing	Masc	מַחְתִּי	מָחַת	5
5	תרצה	רצה	PAAL		3	Sing	Fem	תִּרְצֶה	רָצָה	467
2	עייף	עייף	PAAL	Part	1,2,3	Sing	Masc	עָיֵיף	עָיֵיף	3
6	להתראות	התראה	PAAL	Inf				לְהִתְרָאוֹת	הַתְּרָאָה	46
1	משפר	שיפר	PIEL	Part	3	Sing	Masc	מְשְַׁפֵּר	שִׁיפָּר	15
6	קיבלת	קיבל	PAAL		1	Sing	Masc	קִיבַּלְתָּ	קִיבֵּל	245
2	מצטברת	מצטבר	HITPAEL	Part	1,2,3	Sing	Fem	מִצְטַבֶּרֶת	מִצְטַבֵּר	2
1	נודע	נודע	NIFAL		1	Sing	Masc	נוֹדַע	נוֹדַע	1
1	יוריד	הוריד	HIFIL		3	Sing	Masc	יוֹרִיד	הוֹרִיד	44
1	נפסיק	הפסיק	HIFIL		1	Plur	Masc	נַפְסִיק	הִפְסִיק	42
2	להתלהב	התלהב	HITPAEL	Inf				לְהִתְלַהֵב	הִתְלַהֵב	8
5	דורשים	דרש	PAAL	Part	3	Plur	Masc	דּוֹרְשִׁים	דָּרַשׁ	24
1	נשלם	נשלם	HIFIL		1	Plur	Masc	נְשְַׁלֵם	נְשְַׁלֵם	1
1	צורכים	צרך	PAAL	Part	3	Plur	Masc	צוֹרְכִים	צֶֹרֶךְ	2
1	ניגשה	ניגש	NIFAL		3	Sing	Fem	נִיגְּשָׁה	נִיגַּשׁ	7
1	הולכות	הלך	PAAL	Part	3	Plur	Fem	הוֹלְכוֹת	הָלַךְ	266
1	חיקתה	חיקה	PIEL		3	Sing	Fem	חִיקָּתָהּ	חֵיקָה	6
3	הוסיפה	הוסיף	HIFIL		3	Sing	Fem	הוֹסִיפָה	הוֹסִיף	23
1	מרגיזים	הרגיז	HIFIL	Part	3	Plur	Masc	מַרְגִּיזִים	הִרְגִּיז	6
2	דופקים	דפק	PAAL	Part	3	Plur	Masc	דּוֹפְקִים	דָּפַק	5
1	להפעם	הפעם	PAAL	Inf				לְהַפַּעַם	הַפַּעַם	1
3	תנו	נתן	PAAL		2	Plur	Masc	תְּנוּ	נָתָן	147
1	מציין	ציין	PIEL	Part	1,2,3	Sing	Masc	מְצַיֵּין	צִּייֵּן	6
1	תשח	ישח	PAAL		3	Sing	Masc	תֵּשַּׁחַ	יֶשַׁח	1
1	חופפים	חפף	PAAL	Part	3	Plur	Masc	חוֹפְפִים	חָפָף	1
1	נחג	נחג	PAAL		3	Sing	Masc	נַחַג	נַחַג	2
3	יתחילו	התחיל	HITPAEL		3	Plur	Fem,Masc	יַתְחִילוּ	הִתְחִיל	351
4	נופל	נפל	PAAL	Part	3	Sing	Masc	נוֹפֵּל	נָפַל	20
6	לזכור	זכר	PAAL	Inf				לִזְכּוֹר	זֵכֶר	66
2	נשמעת	נשמע	NIFAL	Part	3	Sing	Fem	נִשְׁמַעַת	נִשְׁמָע	64
1	ישכח	שכח	PAAL		3	Sing	Masc	יִשְׁכַח	שָׁכַח	17
7	משלמים	שילם	PIEL	Part	3	Plur	Masc	מְשְַׁלְמִים	שִׁילֵּם	54
3	מדליקים	הדליק	HIFIL	Part	3	Plur	Masc	מַדְלִיקִים	הִדְלִיק	7
3	מסמל	סימל	PIEL	Part	1,2,3	Sing	Masc	מְסַמֵּל	סִּימֵל	6
2	נבחרים	נבחר	NIFAL	Part	3	Plur	Masc	נִבְחָרִים	נִבְחַר	6
1	ידליקו	הדליק	PAAL		3	Plur	Fem,Masc	יַדְלִיקוּ	הִדְלִיק	7
1	נבחרו	נבחר	NIFAL		3	Plur	Masc	נִבְחֲרוּ	נִבְחַר	6
4	עוזרים	עוזר	PIEL	Part	3	Plur	Masc	עוֹזְרִים	עוֹזֵר	4
2	איבד	איבד	PIEL		3	Sing	Masc	אִיבֵּד	אִיבֵּד	12
1	ילמו	ילם	PAAL		3	Plur	Masc	יָלְמוּ	יֵלֵם	2
1	תדליק	הדליק	HIFIL		3	Sing	Fem	תַּדְלִיק	הִדְלִיק	7
1	נחטפה	נחטף	NIFAL		3	Sing	Fem	נֶחְטְפָה	נֶחֱטַף	13
1	נורתה	נורה	PUAL		3	Sing	Fem	נוּרְתָּהּ	נוּרָה	1
2	לאבד	איבד	PIEL	Inf				לְאַבֵּד	אִיבֵּד	12
1	הוחזקה	הוחזק	HUFAL		3	Sing	Fem	הוּחְזְקָה	הוּחְזַק	2
1	שוחרה	שוחר	PAAL		3	Sing	Fem	שׁוֹחֲרָה	שׁוֹחֵר	3
10	עוסק	עסק	PAAL	Part	3	Sing	Masc	עוֹסֵק	עֵסֶק	36
9	חזרה	חזר	PAAL		3	Sing	Fem	חָזְרָה	חָזַר	175
1	נחה	נח	PAAL		3	Sing	Fem	נָחָה	נֹחַ	4
5	עמדה	עמד	PAAL		3	Sing	Fem	עֶמְדָּה	עָמַד	86
1	התנהגה	התנהג	HITPAEL		3	Sing	Fem	הִתְנַהֲגָה	הִתְנַהֵג	14
1	לסמל	סימל	PAAL	Inf				לְסֵמֶל	סִּימֵל	6
2	יופיעו	הופיע	HITPAEL		3	Plur	Fem,Masc	יוֹפִּיעוּ	הוֹפִּיעַ	26
1	מתקיימים	התקיים	HITPAEL	Part	3	Plur	Masc	מִתְקַיְּימִים	הִתְקַיֵּים	12
3	להופיע	הופיע	HIFIL	Inf				לְהוֹפִיעַ	הוֹפִּיעַ	26
3	פורסם	פורסם	PUAL		3	Sing	Masc	פּוּרְסַם	פּוּרְסַם	8
2	חכו	חכה	PAAL		1	Plur	Masc	חַכּוּ	חַכָּה	3
6	מקבלת	קיבל	PIEL	Part	1,2,3	Sing	Fem	מְקַבֶּלֶת	קִיבֵּל	245
1	יהיהם	היה	PAAL		3	Plur	Masc	יִהְיֶהֶם	הָיָה	350
1	לנוע	נע	PAAL	Inf				לָנוּעַ	נָע	3
3	להניח	הניח	HIFIL	Inf				לְהַנִּיחַ	הִנִּיחַ	22
2	תיקח	לקח	PAAL		2	Sing	Masc	תִּיקַּח	לֶקַח	156
1	הורדנו	הורדן	HIFIL		1	Plur	Masc	הוֹרַדְנוּ	הוֹרְדָּן	1
1	הערים	הערים	HIFIL		3	Plur	Masc	הֶעָרִים	הֶעָרִים	2
1	מעוררים	עורר	PIEL	Part	3	Plur	Masc	מְעוֹרְרִים	עוֹרֵר	9
2	תוציא	הוציא	HIFIL		3	Sing	Fem	תּוֹצִיא	הוֹצִיא	62
2	מתלוננים	התלונן	HITPAEL	Part	3	Plur	Masc	מִתְלוֹנְנִים	הִתְלוֹנֵן	5
7	מפריע	הפריע	HIFIL	Part	3	Sing	Masc	מַפְרִיעַ	הִפְרִיעַ	13
17	תראו	ראה	PAAL		2	Plur	Masc	תִּרְאוּ	רָאָה	268
6	הזמנו	הזמים	HIFIL		1	Plur	Masc	הִזְמַנּוּ	הַזָּמִים	6
4	החלטנו	החליט	HIFIL		1	Plur	Masc	הֶחְלַטְנוּ	הֶחֱלִיט	164
8	לנצל	ניצל	PIEL	Inf				לְנַצֵּל	נִיצֵּל	16
2	משקיע	השקיע	HIFIL	Part	1,2,3	Sing	Masc	מַשְׁקִיעַ	הִשְׁקִיעַ	8
4	להפחיט	הפחיט	HIFIL	Inf				לְהַפְחִיט	הַפְּחִיט	5
9	עושות	עשה	PAAL	Part	3	Plur	Fem	עוֹשׂוֹת	עָשָׂה	760
1	מתפוצצות	התפוצץ	HITPAEL	Part	1,2,3	Plur	Fem	מִתְפּוֹצְצוֹת	הִתְפּוֹצֵץ	5
4	לעוף	עף	PAAL	Inf				לָעוּף	עַף	5
5	לבטל	ביטל	PIEL	Inf				לְבַטֵּל	בִּיטֵל	9
1	לפרוס	פרס	PAAL	Inf				לִפְרוֹס	פְּרָס	1
2	להדליק	הדליק	HIFIL	Inf				לְהַדְלִיק	הִדְלִיק	7
1	נקנקיות	נקנקי	PAAL	Part	3	Plur	Fem	נַקְנַקִיּוֹת	נַקְנְקִי	1
1	עסק	עסק	PAAL		3	Sing	Masc	עֵסֶק	עֵסֶק	36
4	ממליץ	המליץ	HIFIL	Part	1	Sing	Masc	מַמְלִיץ	הִמְלִיץ	10
1	מעצבת	עיצב	PAAL	Part	1,2,3	Sing	Fem	מְעַצֶּבֶת	עִיצֵּב	5
3	טולים	טלה	PAAL	Part	3	Plur	Masc	טוּלִים	טָּלָה	3
3	להיתקע	נתקע	NIFAL	Inf				לְהִיתָּקַע	נִתְקַע	11
1	גיע	גיע	PAAL		3	Sing	Masc	גִּיעַ	גִּיעַ	1
1	להפין	הפין	HIFIL	Inf				לְהָפִין	הַפִּין	1
1	מתעכבים	התעכב	HITPAEL	Part	3	Plur	Masc	מִתְעַכְּבִים	הִתְעַכֵּב	2
1	התממש	התממש	HITPAEL		3	Sing	Masc	הִתְמַמֵּשׁ	הִתְמַמֵּשׁ	3
1	תמכור	מכר	HIFIL		3	Sing	Fem	תִּמְכּוֹר	מַכָּר	43
2	הסתדרו	הסתדר	HITPAEL		3	Plur	Masc	הִסְתַדְּרוּ	הִסְתַדֵּר	21
5	פרצה	פרץ	PAAL		3	Sing	Fem	פָּרְצָה	פֶּרֶץ	6
4	חשבנו	חשב	PAAL		1	Plur	Masc	חָשְַׁנוּ	חָשַׁב	318
1	פרסמתי	פרסם	PIEL		1	Sing	Masc	פִּרְסַמְתִּי	פִּרְסֵם	25
1	אסכם	סכם	PIEL		1	Sing	Masc	אַסְכֵּם	סֶּכֶם	1
6	המשיכו	המשיך	HIFIL		3	Plur	Masc	הִמְשִׁיכוּ	הִמְשִׁיךְ	113
2	נתקע	נתקע	NIFAL	Part	3	Sing	Masc	נִתְקַע	נִתְקַע	11
3	מכר	מכר	PAAL		3	Sing	Masc	מַכָּר	מַכָּר	43
3	נחטף	נחטף	NIFAL		3	Sing	Masc	נֶחֱטַף	נֶחֱטַף	13
11	להתחתן	התחתן	HITPAEL	Inf				לְהִתְחַתֵּן	הִתְחַתֵּן	18
3	ישאר	שיאר	NIFAL		3	Sing	Masc	יִשָּׁאֵר	שִׁיאֵר	3
3	הפטיע	הפטיע	HIFIL		3	Sing	Masc	הִפְטִיעַ	הִפְטִיעַ	3
2	עשיתם	עשה	PAAL		1	Plur	Masc	עֲשִׂיתֶם	עָשָׂה	760
1	אמרתם	אמר	PAAL		1	Plur	Masc	אֲמַרְתֶּם	אָמַר	997
4	נביא	נביא	PAAL		1	Sing	Masc	נָבִיא	נָבִיא	4
3	קופצים	קופץ	PAAL	Part	3	Plur	Masc	קוֹפְצִים	קוֹפֵּץ	3
2	קראת	קרא	PAAL		2	Sing	Masc	קָרָאתָ	קָרָא	113
3	לקחנו	לקח	PAAL		1	Plur	Masc	לָקַחְנוּ	לֶקַח	156
4	מחלק	חילק	PIEL	Part	1,2,3	Sing	Masc	מְחַלֵק	חִילֵּק	17
3	מחלקים	חילק	PIEL	Part	3	Plur	Masc	מַחְלְקִים	חִילֵּק	17
1	להתרים	התרים	HIFIL	Inf				לְהַתְּרִים	הַתָּרִים	1
1	שדואגת	שדא	PAAL	Part	3	Sing	Fem	שֶׁדּוֹאֶגֶת	שְַׁדֹּא	1
4	שקונים	שקן	PAAL	Part	3	Plur	Masc	שְׁקוֹנִים	שָׁקֵן	5
1	אתלה	אתל	PAAL		1	Sing	Masc	אַתְּלֶה	אַתֵּל	1
1	שירו	שירה	PAAL		3	Plur	Masc	שִׁירוּ	שִׁירָה	2
1	מג	מג	PAAL		3	Sing	Masc	מַג	מַג	1
17	גורם	גרם	PAAL	Part	3	Sing	Masc	גּוֹרֵם	גָּרַם	107
6	להגיש	הגיש	HIFIL	Inf				לְהַגִּישׁ	הִגִּישׁ	22
4	מכניס	הכניס	HIFIL	Part	3	Sing	Masc	מַכְנִיס	הִכְּנִיס	40
1	חיבר	חיבר	PIEL		3	Sing	Masc	חִיבֵּר	חִיבֵּר	13
3	נלחמו	נלחם	NIFAL		3	Plur	Masc	נִלְחֲמוּ	נִלְחַם	8
1	נרגו	נרג	PAAL		3	Plur	Masc	נָּרְגוּ	נֵרְג	1
1	הריינתי	הריין	HIFIL		1	Sing	Masc	הִרְיַינְתִּי	הֶרְיָין	1
5	מחבר	חיבר	PIEL	Part	3	Sing	Masc	מְחַבֵּר	חִיבֵּר	13
1	נאלגו	נאלג	NIFAL		3	Plur	Masc	נֶאֶלְגוּ	נֶאֱלַג	1
6	לאחל	איחל	PIEL	Inf				לְאַחֵל	אִיחֵל	28
1	תתעסק	התעסק	HITPAEL		3	Sing	Fem	תִּתְעַסֵּק	הִתְעַסֵּק	20
1	יהלונו	הלון	PAAL		3	Plur	Masc	יַהֲלוֹנוּ	הָלוֹן	1
2	יגמר	גימר	HIFIL		3	Sing	Masc	יִגְמַר	גִּימֵר	5
2	מעורבב	מעורבב	HITPAEL	Part	3	Sing	Masc	מְעוּרְבָּב	מְעוּרְבָּב	2
1	מקווים	קיווה	PIEL	Part	1,2,3	Plur	Masc	מְקַוִּוים	קִיוָוה	78
1	לאתר	איתר	PAAL	Inf				לַאֲתָר	אִיתֵּר	1
2	שיביאו	שביא	HIFIL		3	Plur	Masc	שֶׁיָבִיאוּ	שָׁבִיא	2
1	תביאו	הביא	PAAL		3	Plur	Masc	תָּבִיאוּ	הֵבִיא	77
1	נמס	נמס	NIFAL		3	Sing	Masc	נָמֵס	נָמֵס	2
1	לפיצה	לפיצה	PAAL	Inf				לְפִיצָה	לְפִיצָה	1
2	התרגלנו	התרגל	HITPAEL		1	Plur	Fem,Masc	הִתְרַגַּלְנוּ	הִתְרַגֵּל	11
5	שמחים	שמח	PAAL	Part	3	Plur	Masc	שְׂמֵחִים	שָׂמֵחַ	52
2	חוטפים	חוטף	PAAL	Part	3	Plur	Masc	חוֹטְפִים	חוֹטֵף	2
1	מציאו	הציא	PAAL		3	Plur	Masc	מְצִיאוּ	הֵצִיא	6
2	מצופים	צופה	PUAL	Part	3	Plur	Masc	מְצוּפִּים	צוֹפֶּה	3
1	כועס	כעס	PAAL	Part	3	Sing	Masc	כּוֹעֵס	כַּעַס	6
3	מצטער	הצטער	HIFIL	Part	1,2,3	Sing	Masc	מִצְטַעֵר	הִצְטַעֵר	5
1	יזכו	זכ			3	Plur	Masc	יִזְכּוּ	זָּכ	1
2	לחטיף	החיף	PAAL	Inf				לַחֲטִיף	הַחַיָּף	3
3	להגדיל	הגדיל	HIFIL	Inf				לְהַגְּדִיל	הִגְדִּיל	3
9	לפתח	פיתח	PIEL	Inf				לְפַתֵּחַ	פִּיתֵּחַ	11
2	נבחר	נבחר	NIFAL		3	Sing	Masc	נִבְחַר	נִבְחַר	6
5	יצרה	יצר	PAAL		3	Sing	Fem	יָצְרָה	יָצַר	53
4	התחברו	התחבר	HITPAEL		3	Plur	Fem,Masc	הִתְחַבְּרוּ	הִתְחַבֵּר	24
2	האמינו	האמין	HIFIL		3	Plur	Masc	הַאֲמִינוּ	הֶאֱמִין	26
4	לשווק	שיווק	PIEL	Inf				לַשַּׁוֹוֶק	שִׁיוּוּק	4
1	נטחן	נטחן	NIFAL		3	Sing	Masc	נִטְחָן	נִטְחָן	1
1	מחממת	חימם	HIFIL	Part	3	Sing	Fem	מְחַמֶּמֶת	חִימָּם	1
1	חותחים	חתח	PAAL	Part	3	Plur	Masc	חוֹתְחִים	חָתַח	1
1	הופה	הופה	PAAL		3	Sing	Masc	הוֹפֶּה	הוֹפֶּה	1
1	טוף	טף	PAAL		3	Sing	Masc	טוּף	טַף	1
2	מסתובבת	הסתובב	PAAL	Part	3	Sing	Fem	מִסְתּוֹבֶבֶת	הִסְתּוֹבֵב	16
1	נדבקת	נדבק	NIFAL	Part	3	Sing	Fem	נִדְבֶּקֶת	נִדְבָּק	4
1	מתקררת	התקרר	HITPAEL	Part	1,2,3	Sing	Fem	מִתְקָרֶרֶת	הִתְקָרֵר	4
3	להרוז	הרז	PAAL	Inf				לַהֲרוֹז	הָרָז	4
1	מוציאה	הוציא	HIFIL	Part	3	Sing	Fem	מוֹצִיאָה	הוֹצִיא	62
5	הופיעו	הופיע	HIFIL		3	Plur	Masc	הוֹפִיעוּ	הוֹפִּיעַ	26
1	קפועה	קפע	PAAL		3	Sing	Fem	קְפוּעָה	קֶפַע	2
1	רדו	רדה	PAAL		3	Plur	Masc	רָדוֹ	רָּדָה	1
1	לפרוץ	פרץ	PAAL	Inf				לִפְרוֹץ	פֶּרֶץ	6
3	גדלו	גדל	PAAL		3	Plur	Masc	גָּדְלוּ	גָּדֵל	40
1	מתוגנים	תוגן	PAAL	Part	3	Plur	Masc	מְתוּגָּנִים	תּוֹגֵן	2
3	ילכו	הלך	PAAL		3	Plur	Fem,Masc	יֵלְכוּ	הָלַךְ	266
1	כשיו	כשה	PAAL		3	Sing	Masc	כְּשָׁיו	כָּשָׁה	1
2	משפיעה	השפיע	HIFIL	Part	1,2,3	Sing	Fem	מַשְׁפִּיעָה	הִשְׁפִּיעַ	22
2	גדלים	גדל	PAAL	Part	3	Plur	Masc	גְּדָלִים	גָּדֵל	40
4	חפרתי	חפר	PAAL		1	Sing	Masc	חָפַרְתִּי	חֵפֶר	7
1	בלקחת	בלקח	PAAL	Inf				בִּלְקַחַת	בְּלֶקַח	1
1	להפיץ	הפיץ	HIFIL	Inf				לְהָפִיץ	הֵפִיץ	2
2	משוגעים	שוגע	PIEL	Part	1,2,3	Plur	Masc	מְשׁוּגָּעִים	שׁוֹגֵעַ	3
2	תרשו	ירש	PAAL		2	Plur	Masc	תַּרְשׁוּ	יָרְשׁ	2
2	ניחש	ניחש	PIEL		3	Sing	Masc	נִיחֵשׁ	נִיחֵשׁ	22
2	נזהרים	נזהר	NIFAL	Part	3	Plur	Masc	נִזְהָרִים	נִזְהַר	10
1	מבוגר	מבוגר	PAAL	Part	1,2,3	Sing	Masc	מְבוּגָּר	מְבוּגָּר	1
1	תקנה	קנה	PAAL		3	Sing	Fem	תַּקָּנָה	קָּנָה	98
2	ממליצים	ממליץ	HIFIL	Part	1,2,3	Plur	Masc	מַמְלִיצִים	מַמְלִיץ	2
10	למנוע	מנע	PAAL	Inf				לִמְנוֹעַ	מָנַע	13
6	גילו	גילה	PIEL		3	Plur	Masc	גִּילוֹ	גִּילָה	37
3	מפתיע	מפתיע	HITPAEL	Part	3	Sing	Masc	מַפְתִּיעַ	מַפְתִּיעַ	3
1	מפחיטה	הפחיט	HIFIL	Part	1,2,3	Sing	Fem	מַפְחִיטָה	הַפְּחִיט	5
2	התפרסם	התפרסם	HITPAEL		3	Sing	Masc	הִתְפַרְסֵם	הִתְפַרְסֵם	8
3	להמליץ	המליץ	HIFIL	Inf				לְהַמְלִיץ	הִמְלִיץ	10
5	לדחוף	דחף	PAAL	Inf				לִדְחוֹף	דַּחַף	12
1	נמכרת	נמכר	NIFAL	Part	3	Sing	Fem	נִמְכֶּרֶת	נִמְכַּר	15
1	עופים	עפה	PAAL	Part	3	Plur	Masc	עוֹפִים	עָפָה	4
2	קנתה	קנה	PAAL		3	Sing	Fem	קָּנְתָה	קָּנָה	98
1	להשוויצרית	השוויצית	PIEL	Inf				לְהַשְׁוִויצָרִית	הַשְּׁוִויצִית	1
1	שקרוב	שקב	PAAL	Part	3	Sing	Masc	שֶׁקָּרוֹב	שָׁקַב	1
9	מתאר	תיאר	PIEL	Part	3	Sing	Masc	מְתָאֵר	תֵּיָאֵר	18
4	שבאים	שבא	PAAL	Part	3	Plur	Masc	שֶׁבָּאִים	שֶׁבָּא	4
1	נוצץ	נוצץ	PAAL	Part	3	Sing	Masc	נוֹצֵץ	נוֹצֵץ	1
18	לרקוד	רקד	PAAL	Inf				לִרְקוֹד	רָקַד	27
3	קולטים	קלט	PAAL	Part	2	Plur	Masc	קוֹלְטִים	קֶלֶט	11
1	תזיזו	הזיז	HIFIL		1	Plur	Masc	תָּזִיזוּ	הֵזִיז	5
10	תרימו	הרים	HIFIL		1	Plur	Masc	תָּרִימוּ	הָרִים	26
1	מעודקן	עודקן	PIEL	Part	3	Sing	Masc	מְעוּדְקָן	עוֹדְקָן	1
1	תתקיים	התקיים	HITPAEL		3	Sing	Fem	תִּתְקַיֵּים	הִתְקַיֵּים	12
4	יתחיל	התחיל	HIFIL		3	Sing	Masc	יַתְחִיל	הִתְחִיל	351
3	התקיים	התקיים	HITPAEL		3	Sing	Masc	הִתְקַיֵּים	הִתְקַיֵּים	12
1	יתקיים	התקיים	NIFAL		3	Sing	Masc	יִתְקַיֵּים	הִתְקַיֵּים	12
1	לפספס	פספס	HIFIL	Inf				לְפַסְפֵּס	פַּסְפָּס	6
2	יצרו	יצר	PAAL		3	Plur	Masc	יָצְרוּ	יָצַר	53
1	לאחד	איחד	PIEL	Inf				לְאֶחָד	אִיחֵד	2
2	שרים	שר	PAAL	Part	3	Plur	Masc	שָׂרִים	שַּׂר	8
3	משתתפות	השתתף	HITPAEL	Part	1,2,3	Plur	Fem	מִשְׁתַּתְּפוֹת	הִשְׁתַתֵּף	27
1	מצביעות	הצביע	PIEL	Part	1,2,3	Plur	Fem	מַצְבִּיעוֹת	הִצְבִּיעַ	20
1	מסתבך	הסתבך	HITPAEL	Part	1,2,3	Sing	Masc	מִסְתַבֵּךְ	הִסְתַבֵּךְ	2
1	משתתפת	השתתף	HITPAEL	Part	1,2,3	Sing	Fem	מִשְׁתַּתֶּפֶת	הִשְׁתַתֵּף	27
2	מערכת	מערכת	PAAL	Part	3	Sing	Fem	מַעֲרֶכֶת	מַעֲרֶכֶת	2
1	מדלגות	דילג	HITPAEL	Part	1,2,3	Plur	Fem	מַדְלְגוֹת	דִּילֵג	1
6	מתחרות	התחרה	PIEL	Part	3	Plur	Fem	מִתְחָרוֹת	הִתְחָרָה	15
2	תורמות	תרם	PAAL	Part	3	Plur	Fem	תּוֹרְמוֹת	תָּרַם	26
1	מביאות	הביא	HIFIL	Part	3	Plur	Fem	מְבִּיאוֹת	הֵבִיא	77
1	מבצע	ביצע	PIEL	Part	3	Sing	Masc	מִבְצָע	בִּיצֵּעַ	6
1	צפו	צפה	PAAL		3	Plur	Masc	צָּפוּ	צָּפָה	6
2	מתחלקת	התחלק	HITPAEL	Part	1,2,3	Sing	Fem	מִתְחַלֶּקֶת	הִתְחַלֵּק	5
3	מדרגים	דירג	PIEL	Part	3	Plur	Masc	מַדְרֵגִים	דִּירְג	12
2	צופים	צפה	PAAL	Part	2	Plur	Masc	צוֹפִים	צָּפָה	6
6	להצביע	הצביע	HIFIL	Inf				לְהַצְבִּיעַ	הִצְבִּיעַ	20
1	מחושבת	חושב	PUAL	Part	3	Sing	Fem	מְחוּשֶּׁבֶת	חוֹשֵׁב	2
4	תסביר	הסביר	HIFIL		2	Sing	Masc	תַּסְבִּיר	הִסְבִּיר	51
2	הצביעו	הצביע	HIFIL		3	Plur	Masc	הִצְבִּיעוּ	הִצְבִּיעַ	20
3	מצביע	הצביע	HIFIL	Part	3	Sing	Masc	מַצְבִּיעַ	הִצְבִּיעַ	20
2	להעתיק	העתיק	HIFIL	Inf				לְהַעְתִּיק	הָעַתִּיק	3
3	יעבור	עבר	PAAL		3	Sing	Masc	יַעֲבוֹר	עָבַר	261
1	תתעסקו	התעסק	HITPAEL		3	Plur	Masc	תִּתְעַסְּקוּ	הִתְעַסֵּק	20
2	תארו	תיאר	PAAL		3	Plur	Masc	תָּאֲרוּ	תֵּיָאֵר	18
1	להגביל	הגביל	HIFIL	Inf				לְהַגְּבִיל	הִגְּבִיל	2
1	מוקלטים	מוקלט	PUAL	Part	3	Plur	Masc	מוּקְלָטִים	מוּקְלָט	1
4	עומדות	עמד	PAAL	Part	3	Plur	Fem	עוֹמְדוֹת	עָמַד	86
1	הושאת	הושאת	HUFAL		3	Sing	Fem	הוֹשָׂאַת	הוֹשָׂאַת	1
5	שלחה	שלח	PAAL		3	Sing	Fem	שָׁלְחָה	שָׁלַח	47
6	הכניס	הכניס	HIFIL		3	Sing	Masc	הִכְּנִיס	הִכְּנִיס	40
1	נפסלה	נפסל	NIFAL		3	Sing	Fem	נִפְסְלָה	נִפְסַל	2
1	הצטרפה	הצטרף	HITPAEL		3	Sing	Fem	הִצְטָרְפָה	הִצְטָרֵף	26
7	זכתה	זכה	PAAL		3	Sing	Fem	זָּכְתָה	זָּכָה	38
1	התענינו	התענה	HITPAEL		3	Plur	Masc	הִתְעַנְּיְנוּ	הִתְעַנָּה	1
1	איבב	איבב	PAAL		3	Sing	Masc	אִיבָּב	אִיבָּב	1
1	יושמעו	הושמע	NIFAL		3	Plur	Fem,Masc	יוּשְׁמְעוּ	הוּשְׁמַע	1
4	לשחק	שיחק	PIEL	Inf				לְשְַׂחֵק	שִִׂיחֵק	12
3	להפסיד	הפסיד	HIFIL	Inf				לְהַפְּסִיד	הִפְסִיד	8
1	הפסדת	הפסיד	HIFIL		1	Sing	Masc	הַפְּסָדַת	הִפְסִיד	8
3	מסכימים	הסכים	HIFIL	Part	1,2,3	Plur	Masc	מַסְכִּימִים	הִסְכִּים	71
4	תשאלו	שאל	HIFIL		3	Plur	Masc	תִּשְׁאֲלוּ	שָׁאַל	111
13	מבטיח	הבטיח	HIFIL	Part	1	Sing	Masc	מַבְטִיחַ	הִבְטִיחַ	18
3	ישמע	שמע	PAAL		3	Sing	Masc	יִשְׁמַע	שָׁמַע	173
1	יברח	בירח	PAAL		3	Sing	Masc	יִבְרַח	בַּיָּרֵחַ	1
2	צופה	צפה	PAAL	Part	2	Sing	Masc	צוֹפֶּה	צָּפָה	6
2	קפצו	קפץ	PAAL		3	Plur	Masc	קָּפְצוּ	קָפַץ	28
1	דברו	דבר	PAAL		1	Plur	Masc	דְּבָרוֹ	דָּבָר	10
1	בילה	בילה	PIEL		3	Sing	Masc	בִּילָה	בִּילָה	3
1	שרה	שר	PAAL		3	Sing	Fem	שָׂרָה	שַּׂר	8
2	יחשוב	חשב	PAAL		3	Sing	Masc	יַחֲשׁוֹב	חָשַׁב	318
1	לקלקל	קלקל	PIEL	Inf				לְקַלְקֵל	קַלְקַל	2
10	לצפות	לצפות		Inf				לְצַפּוֹת	לְצַפּוֹת	10
1	מתביישים	התבייש	HITPAEL	Part	3	Plur	Masc	מִתְבַיְּישִׁים	הִתְבַּיֵּישׁ	6
4	תעלה	עלה	PAAL		3	Sing	Fem	תַּעֲלֶה	עָלָה	147
1	נובר	נובר	PAAL	Part	3	Sing	Masc	נוֹבֶּר	נוֹבֶּר	1
1	נשאבתי	נשאב	NIFAL		1	Sing	Masc	נִשְׁאַבְתִּי	נִשְׁאַב	1
2	להתעניין	התעניין	HITPAEL	Inf				לְהִתְעַנְיֵין	הִתְעַנְיֵין	10
4	להשלים	השלים	HIFIL	Inf				לְהַשְׁלִים	הִשְׁלִים	7
5	מתחרים	התחרה	PIEL	Part	1,2,3	Plur	Masc	מִתְחָרִים	הִתְחָרָה	15
1	דיווחתי	דיווח	PIEL		1	Sing	Masc	דִּיוַּוחְתִּי	דִּיוּוּחַ	3
1	ניצחנו	ניצח	PIEL		1	Plur	Masc	נִיצַּחְנוּ	נִיצֵּחַ	11
2	מזוהה	זוהה	PUAL	Part	3	Sing	Masc	מְזוֹהֶה	זוֹהֶה	2
3	מושך	משך	PAAL	Part	3	Sing	Masc	מוֹשֵׁךְ	מֶשֶׁךְ	22
1	נמשכתי	נמשך	NIFAL		1	Sing	Masc	נִמְשְַׁכָתִי	נִמְשָׁךְ	17
1	מתמקדת	התמקד	HITPAEL	Part	1,2,3	Sing	Fem	מִתְמַקֶּדֶת	הִתְמַקֵּד	5
6	נהנה	נהנה	NIFAL	Part	1	Sing	Masc	נֶהֱנֶה	נֶהֱנֶה	32
3	נחסף	נחסף	NIFAL	Part	3	Sing	Masc	נֶחֱסַף	נֶחֱסַף	6
1	נתחרים	נתחר	NIFAL	Part	3	Plur	Masc	נִתְחָרִים	נִתְחַר	1
1	אורכות	אורך	PAAL	Part	3	Plur	Fem	אוֹרְכוֹת	אוֹרֶךְ	1
1	מכונות	מכונה	PAAL	Part	3	Plur	Fem	מְכוֹנוֹת	מְכוּנֶּה	1
2	מתמקדות	התמקד	HITPAEL	Part	1,2,3	Plur	Fem	מִתְמַקְּדוֹת	הִתְמַקֵּד	5
2	שעושות	שעש	PAAL	Part	3	Plur	Fem	שֶׁעוֹשׂוֹת	שַׁעַשׁ	5
3	סיפרת	סיפר	PAAL		1	Sing	Masc	סִּיפַּרְתָּ	סִּיפֵּר	121
3	מתקבל	התקבל	HITPAEL	Part	1,2,3	Sing	Masc	מִתְקַבֵּל	הִתְקַבֵּל	10
3	נבנת	נבנה	PAAL		1	Sing	Masc	נִבְנַת	נִבְנָה	5
2	מתרחש	התרחש	HITPAEL	Part	1,2,3	Sing	Masc	מִתְרַחֵשׁ	הִתְרַחֵשׁ	6
4	משקיעים	משקיע	PIEL	Part	3	Plur	Masc	מַשְׁקִיעִים	מַשְׁקִיעַ	4
1	תענוג	תענוג	PAAL		3	Sing	Masc	תַּעֲנוּג	תַּעֲנוּג	1
2	לגמר	גימר	PAAL	Inf				לִגְמַר	גִּימֵר	5
2	שונאים	שנא	PAAL	Part	3	Plur	Masc	שׂוֹנְאִים	שַּׂנָּא	2
1	יצביעו	הצביע	HIFIL		3	Plur	Masc	יַצְבִּיעוּ	הִצְבִּיעַ	20
2	נזכה	זכה	HIFIL		1	Plur	Masc	נִזְכֶּה	זָּכָה	38
1	הבאנו	הביא	HIFIL		1	Plur	Masc	הֵבֵאנוּ	הֵבִיא	77
2	להזיז	הזיז	HIFIL	Inf				לְהָזִיז	הֵזִיז	5
1	מתנגן	התנגן	HITPAEL	Part	3	Sing	Masc	מִתְנַגֵּן	הִתְנַגֵּן	3
1	מפים	הפה	PAAL		3	Plur	Masc	מַפִּים	הַפֶּה	1
1	סימנה	סימן	PIEL		3	Sing	Fem	סִּימְּנָה	סִּימָן	3
6	זכינו	זכה	PAAL		1	Plur	Masc	זָּכִינוּ	זָּכָה	38
2	לנצח	ניצח	PIEL	Inf				לְנַצֵּחַ	נִיצֵּחַ	11
2	הצביע	הצביע	HIFIL		3	Sing	Masc	הִצְבִּיעַ	הִצְבִּיעַ	20
1	מתרעיינת	התרעיין	HITPAEL	Part	1,2,3	Sing	Fem	מִתְרַעֲיֶינֶת	הַתַּרְעַיְין	2
2	שורדת	שרד	PAAL	Part	3	Sing	Fem	שָׂוֹרֶדֶת	שֶׂרֶד	3
1	להינצל	ננצל	NIFAL	Inf				לְהִינָּצֵל	נִנְצַל	1
3	שקרה	שקרה	PAAL		3	Sing	Masc	שֶׁקָּרָה	שֶׁקָּרָה	3
1	נהרגה	נהרג	NIFAL		3	Sing	Fem	נֶהֶרְגָה	נֶהֱרַג	5
1	מתעניינת	התעניין	HITPAEL	Part	1,2,3	Sing	Fem	מִתְעַנְיֶינֶת	הִתְעַנְיֵין	10
8	יעזור	עזר	HIFIL		3	Sing	Masc	יַעֲזוֹר	עֵזֶר	160
4	תעבור	עבר	PAAL		3	Sing	Fem	תַּעֲבוֹר	עָבַר	261
1	תסיים	סיים	HIFIL		3	Sing	Fem	תְּסַיֵּים	סִּייֵּם	69
2	מצביעים	הצביע	HIFIL	Part	3	Plur	Masc	מַצְבִּיעִים	הִצְבִּיעַ	20
6	לנתק	לנתק	PAAL	Inf				לְנַתֵּק	לְנַתֵּק	6
1	תצביע	הצביע	HIFIL		3	Sing	Fem	תַּצְבִּיעַ	הִצְבִּיעַ	20
1	דירגו	דירג	PIEL		3	Plur	Masc	דִּירְּגוּ	דִּירְג	12
1	נותנו	נותן	NIFAL		3	Plur	Masc	נוֹתְּנוּ	נוֹתֵן	1
1	מצאר	ציאר	PAAL		3	Sing	Masc	מָצָאר	צַּיָּאר	1
2	מוכיחים	הוכיח	HIFIL	Part	3	Plur	Masc	מוֹכִיחִים	הוֹכִיחַ	13
1	חתמו	חתם	PAAL		3	Plur	Masc	חָתְמוּ	חָתָם	16
2	מסתובבים	הסתובב	HITPAEL	Part	3	Plur	Masc	מִסְתּוֹבְבִים	הִסְתּוֹבֵב	16
7	נחשבים	נחשב	NIFAL	Part	3	Plur	Masc	נֶחֱשָׁבִים	נֶחֱשָׁב	40
1	מסוכסכים	סוכסך	PUAL	Part	3	Plur	Masc	מְסוּכְסָכִים	סוּכְסָךְ	1
2	מנצחת	מנצחת	PIEL	Part	1,2,3	Sing	Fem	מְנַצַּחַת	מְנַצַּחַת	2
7	קיבלה	קיבל	PIEL		3	Sing	Fem	קִיבְּלָה	קִיבֵּל	245
2	מתבקשת	התבקש	HITPAEL	Part	1,2,3	Sing	Fem	מִתְבַקֶּשֶׁת	הִתְבַקֵּשׁ	2
1	אתמור	תמר	PAAL		1	Sing	Masc	אֶתְמוֹר	תָּמָר	1
1	יעידו	העיד	HIFIL		3	Plur	Masc	יָעִידוּ	הֵעִיד	9
1	השתרש	השתרש	HITPAEL		3	Sing	Masc	הִשְׂתָּרֵשׁ	הִשְׂתָּרֵשׁ	1
2	שאלת	שאלה	PAAL		2	Sing	Fem	שָׁאַלְתָּ	שְׁאֵלָה	2
4	לייצג	ייצג	PIEL	Inf				לְיַיצֵּג	יִיצֵּג	5
1	מליצג	ליצג	PIEL	Part	3	Sing	Masc	מְלִיצְּג	לִיצָּג	1
1	להגשים	הגשים	HIFIL	Inf				לְהַגְּשִׁים	הַגָּשִׁים	2
3	זוכים	זכה	PAAL	Part	1,2,3	Plur	Masc	זוֹכִים	זָּכָה	38
2	התעורר	התעורר	HITPAEL		3	Sing	Masc	הִתְעוֹרֵר	הִתְעוֹרֵר	11
1	תנצח	ניצח	HIFIL		3	Sing	Fem	תְּנַצֵּחַ	נִיצֵּחַ	11
1	ינצחו	ניצח	HIFIL		3	Plur	Masc	יְנַצְּחוּ	נִיצֵּחַ	11
1	להחרים	החרים	HIFIL	Inf				לְהַחֲרִים	הֶחָרִים	1
1	ינצו	ניצה	PAAL		3	Plur	Masc	יִנְּצוּ	נִיצָּה	1
1	נדלקת	נדלק	PAAL	Part	3	Sing	Fem	נִדְלֶקֶת	נִדְלַק	3
2	תלו	הלה	PAAL		3	Plur	Masc	תָּלוּ	הַלָּה	3
1	תלויה	תלה	PAAL	Part	3	Sing	Fem	תְּלוּיָה	תָּלָה	2
1	להתחרפן	התחרפן	HITPAEL	Inf				לְהִתְחַרְפֵּן	הִתְחַרְפֵּן	1
3	להשתגע	השתגע	HITPAEL	Inf				לְהִשְׁתַגֵּעַ	הִשְׁתַגֵּעַ	5
1	מרגשת	ריגש	HIFIL	Part	1,2,3	Sing	Fem	מְרַגֶּשֶׁת	רִּיגֵּשׁ	3
1	תכניס	הכניס	HIFIL		2	Sing	Masc	תַּכְנִיס	הִכְּנִיס	40
2	נערך	נערך	NIFAL		3	Sing	Masc	נֶעֱרַךְ	נֶעֱרַךְ	10
1	משומע	שומע	PIEL	Part	3	Sing	Masc	מְשׁוּמָּע	שׁוֹמֵעַ	1
1	צונאים	צנא	PAAL	Part	3	Plur	Masc	צוֹנְאִים	צִּנֵא	1
1	משדרת	שידר	HIFIL	Part	1,2,3	Sing	Fem	מְשְַׁדֶּרֶת	שִׁידֵּר	11
2	הצלחנו	הצליח	HIFIL		1	Plur	Masc	הִצְלַחְנוּ	הִצְלִיחַ	128
7	להצליח	הצליח	HITPAEL	Inf				לְהַצְלִיחַ	הִצְלִיחַ	128
4	להשפיע	השפיע	HIFIL	Inf				לְהַשְׁפִּיעַ	הִשְׁפִּיעַ	22
1	זכרו	זכר	PAAL		1	Plur	Masc	זִכְרוֹ	זֵכֶר	66
1	ידחוף	דחף	PAAL		3	Sing	Masc	יִדְחוֹף	דַּחַף	12
5	אספר	אספר	PAAL	Part	1	Sing	Masc	אֲסַפֵּר	אֲסַפֵּר	5
2	נלמד	נלמד	NIFAL		1	Sing	Masc	נִלְמַד	נִלְמַד	2
8	תגבירו	הגביר	HIFIL		1	Plur	Masc	תַּגְבִּירוּ	הִגְבִּיר	17
3	מתכוונים	התכוון	HITPAEL	Part	3	Plur	Masc	מִתְכַוְּונִים	הִתְכַוֵּון	26
1	לדפוק	דפק	PAAL	Inf				לִדְפּוֹק	דָּפַק	5
2	נשבר	נשבר	NIFAL		3	Sing	Masc	נִשְׁבַּר	נִשְׁבַּר	2
13	לקפוץ	קפץ	PAAL	Inf				לִקְפּוֹץ	קָפַץ	28
1	תשברו	שבר	PAAL		2	Plur	Masc	תִּשְׁבְּרוּ	שֶׁבֶר	16
1	להירדם	נרדם	HITPAEL	Inf				לְהֵירָדֵם	נִרְדַּם	3
2	מרוויח	הרוויח	HITPAEL	Part	1,2,3	Sing	Masc	מַרְוִויחַ	הִרְוִויחַ	22
4	מסתדר	הסתדר	HITPAEL	Part	3	Sing	Masc	מִסְתַדֵּר	הִסְתַדֵּר	21
1	חושש	חשש	PAAL	Part	1,2,3	Sing	Masc	חוֹשֵׁשׁ	חֲשָׁשׁ	4
5	תתחיל	התחיל	HIFIL		3	Sing	Fem	תַּתְחִיל	הִתְחִיל	351
2	יעלו	יעל			3	Plur	Fem,Masc	יַעֲלוּ	יָעֵל	2
1	שובר	שבר	PAAL	Part	3	Sing	Masc	שׁוֹבֵּר	שֶׁבֶר	16
2	מתוסכל	מתוסכל	PUAL	Part	1,2,3	Sing	Masc	מְתוּסְכָּל	מְתוּסְכָּל	2
8	מספיק	הספיק	HIFIL	Part	3	Sing	Masc	מַסְפִּיק	הִסְפִּיק	21
2	חייכה	חייך	PAAL		1	Sing	Fem	חִייְּכָה	חִייֵּךְ	10
1	נפגשה	נפגש	NIFAL		3	Sing	Fem	נִפְגְּשָׁה	נִפְגַּשׁ	31
2	פוחדת	פחד	PAAL	Part	1	Sing	Fem	פּוֹחֶדֶת	פַּחַד	16
1	תפספס	פספס	PAAL		3	Sing	Fem	תְּפַסְפֵּס	פַּסְפָּס	6
4	תצליח	הצליח	HIFIL		3	Sing	Fem	תַּצְלִיחַ	הִצְלִיחַ	128
1	לחנות	לחנות	PAAL	Inf				לַחֲנוּת	לַחֲנוּת	1
1	תלחץ	ליחץ	PAAL		3	Sing	Masc	תִּלְחַץ	לִיחֵץ	3
1	להכשיל	הכשיל	HIFIL	Inf				לְהַכְשִׁיל	הִכְשִׁיל	1
1	תזכרי	זכר	HIFIL		1	Sing	Masc	תִּזְכְּרִי	זֵכֶר	66
6	מכירה	הכיר	HIFIL	Part	1	Sing	Fem	מַכִּירָה	הִכִּיר	141
1	נוהגת	נהג	PAAL	Part	1,2,3	Sing	Fem	נוֹהֶגֶת	נַהָג	16
2	תבואי	בא	PAAL		1	Plur	Masc	תָּבוֹאִי	בָּא	264
4	תראי	רא	PAAL		2	Sing	Masc	תִּרְאִי	רָא	4
1	יוזם	הוזם	PAAL	Part	3	Sing	Masc	יוֹזֵם	הוּזַּם	1
3	מצפים	ציפה	PIEL	Part	1,2,3	Plur	Masc	מְצַפִּים	צִּיפָּה	10
3	זז	זז	PAAL		3	Sing	Masc	זָז	זָז	9
2	משחקים	שיחק	PIEL	Part	3	Plur	Masc	מִשְׂחָקִים	שִִׂיחֵק	12
1	הרגיזו	הרגיז	HIFIL		3	Plur	Masc	הִרְגִּיזוּ	הִרְגִּיז	6
1	מקדיש	הקדיש	PIEL	Part	1,2,3	Sing	Masc	מַקְדִּישׁ	הִקְדִּישׁ	4
1	תעסק	עסק	PAAL		3	Sing	Masc	תַּעֲסֹק	עֵסֶק	36
1	לתור	תר	PAAL	Inf				לָתוּר	תָּר	1
1	יחכו	חכ	PAAL		3	Plur	Masc	יְחַכּוּ	חַכְ	1
4	קרא	קרא	PAAL		3	Sing	Masc	קָרָא	קָרָא	113
1	להחמיא	החמיא	HIFIL	Inf				לְהַחֲמִיא	הֶחֱמִיא	1
1	כעס	כעס	PAAL		3	Sing	Masc	כַּעַס	כַּעַס	6
2	מבזבז	הבזבז	HIFIL	Part	1,2,3	Sing	Masc	מְבַזְבֵּז	הִבְזְבֵּז	2
7	לטפל	טיפל	PIEL	Inf				לְטַפֵּל	טִיפֵּל	13
10	ליהנות	נהנה	NIFAL	Inf				לֵיהָנוֹת	נֶהֱנֶה	32
1	התפנתה	התפנה	HITPAEL		3	Sing	Fem	הִתְפַנְּתָה	הִתְפַּנָּה	1
2	מתעניין	התעניין	HITPAEL	Part	1,2,3	Sing	Masc	מִתְעַנְיֵין	הִתְעַנְיֵין	10
2	תמשיכו	המשיך	HIFIL		1	Plur	Masc	תַּמְשִׁיכוּ	הִמְשִׁיךְ	113
3	תמצאו	מצצא	PAAL		3	Plur	Masc	תִּמְצְאוּ	מִצְּצָא	4
4	לאהוב	אהב	PIEL	Inf				לֶאֱהוֹב	אָהַב	164
1	ממהר	מיהר	PIEL	Part	1,2,3	Sing	Masc	מְמַהֵר	מִיהֵר	4
1	נע	נע	PAAL		3	Sing	Masc	נָע	נָע	3
2	מתאמן	התאמן	PIEL	Part	1,2,3	Sing	Masc	מִתְאַמֵּן	הִתְאַמֵּן	9
4	יורדת	ירד	PAAL	Part	3	Sing	Fem	יוֹרֶדֶת	יָרַד	48
6	תיזהר	נזהר	HIFIL		3	Sing	Masc	תִּיזָּהֵר	נִזְהַר	10
3	להתערב	התערב	HITPAEL	Inf				לְהִתְעָרֵב	הִתְעָרֵב	6
5	נשמעה	נשמע	NIFAL		3	Sing	Fem	נִשְׁמְעָה	נִשְׁמָע	64
1	לוחשת	לחש	PAAL	Part	3	Sing	Fem	לוֹחֶשֶׁת	לָחַשׁ	1
4	התקרב	התקרב	HITPAEL		3	Sing	Masc	הִתְקָרֵב	הִתְקָרֵב	17
1	הצמיד	הצמיד	HIFIL		3	Sing	Masc	הִצְמִיד	הִצְמִיד	2
1	הדלת	הדל	PAAL		3	Sing	Fem	הַדֶּלֶת	הַדַּל	1
4	נפתחה	נפתח	NIFAL		3	Sing	Fem	נִפְתְּחָה	נִפְתַּחַ	17
1	נבהל	נבהל	NIFAL		3	Sing	Masc	נִבְהַל	נִבְהַל	2
1	בחס	בחס	PAAL		3	Sing	Masc	בְּחָס	בְּחָס	1
1	ניסית	ניסי	HIFIL		1	Sing	Masc	נִיסִּית	נִיסִי	1
1	למלמל	מלמל	PIEL	Inf				לְמַלְמֵל	מִלְמֵל	1
1	צעקה	צעק	PAAL		3	Sing	Fem	צְּעָקָה	צָּעַק	3
1	תרקה	הרקה	PAAL		3	Sing	Fem	תָּרְקָה	הָרַקָּה	1
3	סגרה	סגר	PAAL		3	Sing	Fem	סָּגְרָה	סֶּגֶּר	20
1	להסתבך	הסתבך	HITPAEL	Inf				לְהִסְתַבֵּךְ	הִסְתַבֵּךְ	2
1	מעצבנים	עצבן	PIEL	Part	3	Plur	Masc	מְעַצְבְּנִים	עַצְבָּן	2
2	שותק	שתק	PAAL	Part	3	Sing	Masc	שׁוֹתֵק	שָׁתַק	4
1	שתסביר	שתסיר	HIFIL	Inf				שֶׁתַסְבִּיר	שַׁתָּסִיר	1
2	להאיר	האיר	HIFIL	Inf				לְהָאִיר	הֵאִיר	5
3	לעשן	עישן	PAAL	Inf				לְעַשֵּׁן	עִישָּׁן	3
2	סגר	סגר	PAAL		3	Sing	Masc	סֶּגֶּר	סֶּגֶּר	20
1	להיזהר	נזהר	NIFAL	Inf				לְהִיזָּהֵר	נִזְהַר	10
3	להשמיע	השמיע	HIFIL	Inf				לְהַשְׁמִיעַ	הִשְׁמִיעַ	8
2	דופק	דופק	PAAL	Part	3	Sing	Masc	דּוֹפֵק	דּוֹפֵק	2
1	מתחשבים	התחשב	HITPAEL	Part	3	Plur	Masc	מִתְחַשְׁבִים	הִתְחַשֵּׁב	7
5	מפסיקים	הפסיק	HIFIL	Part	3	Plur	Masc	מַפְסִיקִים	הִפְסִיק	42
2	נפסקה	נפסק	NIFAL		3	Sing	Fem	נִפְסְקָה	נִפְסַק	2
2	עצר	עצר	PAAL		3	Sing	Masc	עָצַר	עָצַר	29
1	לריב	רב	PAAL	Inf				לָרִיב	רַב	2
1	לחנך	חינך	PIEL	Inf				לְחַנֵּךְ	חִינְּךְ	4
2	שמרתי	שמר	PAAL		1	Sing	Masc	שָׁמַרְתִּי	שָׁמַר	52
4	בחרת	בחר	PAAL		2	Sing	Fem	בָּחַרְתָּ	בָּחַר	64
1	מבטאים	מבטא	PIEL	Part	3	Plur	Masc	מְבַטְּאִים	מְבַטֵּא	1
1	תתחת	תחח	PAAL		3	Sing	Masc	תִּתַחַת	תָּחַח	1
2	תעזור	עזר	HIFIL		3	Sing	Fem	תַּעֲזוֹר	עֵזֶר	160
3	סובלת	סבל	PAAL	Part	3	Sing	Fem	סוֹבֶלֶת	סֵּבֶל	10
7	חשבה	חשב	PAAL		3	Sing	Fem	חָשְׁבָה	חָשַׁב	318
7	להציע	הציע	HIFIL	Inf				לְהַצִּיעַ	הִצִּיעַ	33
2	התקשרה	התקשר	HITPAEL		3	Sing	Fem	הִתְקַשְּׁרָה	הִתְקַשֵּׁר	26
3	שמחה	שמחה	PAAL		3	Sing	Fem	שְִׂמֵחָה	שְִׂמֵחָה	3
3	הציעה	הציע	HIFIL		3	Sing	Fem	הִצִּיעָה	הִצִּיעַ	33
2	מתכננות	התכנן	HIFIL	Part	1,2,3	Plur	Fem	מְתַכְנְנוֹת	הִתְכַנֵּן	2
1	תעצבנה	עצב	PAAL		3	Sing	Fem	תְּעַצְבְּנָה	עֶצֶב	2
1	שמעה	שמע	PAAL		3	Sing	Fem	שָׁמְעָה	שָׁמַע	173
1	נעלבה	נעלב	NIFAL		3	Sing	Fem	נֶעֶלְבָה	נֶעֱלַב	1
1	התחרתה	התחרה	HITPAEL		3	Sing	Fem	הִתְחָרְתָה	הִתְחָרָה	15
8	דיברה	דיבר	PIEL		3	Sing	Fem	דִּיבְּרָה	דִּיבֵּר	359
1	מתה	מת	PAAL		3	Sing	Fem	מֵתָה	מֵת	22
4	ידעה	ידע	PAAL		3	Sing	Fem	יָדְעָה	יֶדַע	335
5	ביקשה	ביקש	PIEL		3	Sing	Fem	בִּיקְּשָׁה	בִּיקֵּשׁ	78
1	ילמדו	למד			3	Plur	Fem,Masc	יִלְמְדוּ	לָמַד	143
2	יראו	ראה	PAAL		3	Plur	Masc	יִרְאוּ	רָאָה	268
1	דחף	דחף	PAAL		3	Sing	Masc	דַּחַף	דַּחַף	12
7	לדרג	דירג	PIEL	Inf				לְדֶּרֶג	דִּירְג	12
2	שקורה	שקר	PAAL	Part	3	Sing	Masc	שֶׁקוֹרֶה	שֶׁקֶר	5
1	תצמיד	הצמיד	HIFIL		3	Sing	Masc	תַּצְמִיד	הִצְמִיד	2
4	שלוקחים	שלק	PAAL	Part	3	Plur	Masc	שֶׁלּוֹקְחִים	שֶׁלֶק	5
6	להתגייס	התגייס	HITPAEL	Inf				לְהִתְגַּיֵּיס	הִתְגַּיֵּיס	7
1	שרטו	שרט	PAAL		3	Plur	Masc	שָׂרְטוֹ	שֶׂרֶט	1
1	לבושים	בשה	PAAL	Part	3	Plur	Masc	לְבוּשִׁים	בָּשָׁה	1
4	לובשים	לבש	PAAL	Part	3	Plur	Masc	לוֹבְשִׁים	לָבַשׁ	9
1	תרגם	רגם	PAAL		3	Sing	Masc	תַּרְגֵּם	רֶגֶם	1
1	יעדיף	העדיף	HIFIL		3	Sing	Masc	יַעֲדִיף	הֶעֱדִיף	19
2	לגייס	גייס	PIEL	Inf				לְגַּיֵּיס	גַּיְּיס	3
2	קובעת	קבע	PAAL	Part	3	Sing	Fem	קוֹבַעַת	קֶבַע	55
5	קובע	קבע	PAAL	Part	3	Sing	Masc	קוֹבֵּעַ	קֶבַע	55
1	שנמשיך	שמשיך	HIFIL		1	Plur	Masc	שֶׁנַמְשִׁיךְ	שֶׁמָשִׁיךְ	1
1	מזהיר	הזהיר	HIFIL	Part	1	Sing	Masc	מַזְהִיר	הִזְהִיר	6
5	לוקחת	לקח	PAAL	Part	1,2,3	Sing	Fem	לוֹקַחַת	לֶקַח	156
2	מתנהלת	התנהל	HITPAEL	Part	1,2,3	Sing	Fem	מִתְנַהֶלֶת	הִתְנַהֵל	12
1	מציעה	הציע	HIFIL	Part	1,2,3	Sing	Fem	מַצִּיעָה	הִצִּיעַ	33
2	יחליטו	החליט	HIFIL		3	Plur	Fem,Masc	יַחֲלִיטוּ	הֶחֱלִיט	164
2	יסכים	הסכים	HIFIL		3	Sing	Masc	יַסְכִּים	הִסְכִּים	71
1	יגידו	הגיד	HIFIL		3	Plur	Fem,Masc	יַגִּידוּ	הִגִּיד	234
1	תחכה	חכה	PAAL		3	Sing	Masc	תְּחַכֶּה	חַכָּה	3
1	להתעקש	התעקש	HITPAEL	Inf				לְהִתְעַקֵּשׁ	הִתְעַקֵּשׁ	3
1	להתאים	התאים	HIFIL	Inf				לְהַתְאִים	הִתְאִים	34
1	אתעכב	התעכב	HIFIL		1	Sing	Masc	אֶתְעַכֵּב	הִתְעַכֵּב	2
6	הופכים	הפך	PAAL	Part	3	Plur	Masc	הוֹפְכִים	הָפַךְ	96
4	לזוז	זז	PAAL	Inf				לָזוּז	זָז	9
1	מתארגנים	התארגן	HITPAEL	Part	3	Plur	Masc	מִתְאַרְגְּנִים	הִתְאַרְגֵּן	6
1	מתלבשים	התלבש	HITPAEL	Part	3	Plur	Masc	מִתְלַבְּשִׁים	הִתְלַבֵּשׁ	3
1	מצחצכים	צחצך	HIFIL	Part	3	Plur	Masc	מְצַחְצְכִים	צַּחְצְךָ	1
1	מסדרים	סידר	PIEL	Part	3	Plur	Masc	מְסַדְּרִים	סִּידֵּר	6
1	להתקלח	התקלח	HITPAEL	Inf				לְהִתְקַלֵּחַ	הִתְקַלֵּחַ	1
2	מתגעגעים	התגעגע	HITPAEL	Part	1	Plur	Masc	מִתְגַּעְגְּעִים	הִתְגְַעְגֵּעַ	7
1	התנהגו	התנהג	HITPAEL		3	Plur	Fem,Masc	הִתְנַהֲגוּ	הִתְנַהֵג	14
1	להעניש	העניש	HIFIL	Inf				לְהַעֲנִישׁ	הֶעֱנִישׁ	1
5	מלמד	לימד	PIEL	Part	1,2,3	Sing	Masc	מְלַמֵּד	לִימֵּד	29
1	הגדנה	הגדנה	PAAL		1	Sing	Masc	הַגְּדָנָה	הַגְּדָנָה	1
7	מלווה	ליווה	PAAL	Part	3	Sing	Masc	מְלַוֶּוה	לִיוָוה	7
2	מחנכים	חינך	PIEL	Part	3	Plur	Masc	מְחַנְּכִים	חִינְּךְ	4
1	שליוו	שיליוו	PIEL		3	Plur	Fem,Masc	שְׁלִיוּוּ	שִׁילִיווּ	1
1	הפריעו	הפריע	HIFIL		3	Plur	Masc	הִפְרִיעוּ	הִפְרִיעַ	13
1	למורים	מרם	PAAL			Plur	Masc	לְמוֹרִים	מֵרָם	1
1	שרצים	שרץ	PAAL	Part	3	Plur	Masc	שְׁרָצִים	שֶׁרֶץ	18
5	שעושים	שעושים	PAAL	Part	3	Plur	Masc	שֶׁעוֹשִׂים	שֶׁעוֹשִׂים	5
1	הרסה	הרסה	PIEL		3	Sing	Fem	הֲרָסָה	הֲרָסָה	1
1	מצטיין	הצטיין	HITPAEL	Part	3	Sing	Masc	מִצְטַיֵּין	הִצְטַיֵּין	1
2	מכבדים	כיבד	PIEL	Part	3	Plur	Masc	מְכַבְּדִים	כִּיבֵּד	5
1	שוברים	שבר	PAAL	Part	3	Plur	Masc	שׁוֹבְרִים	שֶׁבֶר	16
2	שמרו	שמר	PAAL		3	Plur	Masc	שָׁמְרוּ	שָׁמַר	52
3	יורדים	ירד	PAAL	Part	1	Plur	Masc	יוֹרְדִים	יָרַד	48
3	מצפה	ציפה	PIEL	Part	3	Sing	Fem	מְצַפֶּה	צִּיפָּה	10
2	להתקבל	התקבל	HITPAEL	Inf				לְהִתְקַבֵּל	הִתְקַבֵּל	10
1	לזחול	זחל	PAAL	Inf				לִזְחוֹל	זַחַל	1
2	תקבל	קיבל	PIEL		3	Sing	Masc	תְּקַבֵּל	קִיבֵּל	245
1	אצרף	אצרף	PIEL		1	Sing	Masc	אֶצְרֵף	אֶצְרֵף	1
1	לגשת	ניגש	NIFAL	Inf				לָגֶשֶׁת	נִיגַּשׁ	7
1	מתקבלת	התקבל	HITPAEL	Part	1,2,3	Sing	Fem	מִתְקַבֶּלֶת	הִתְקַבֵּל	10
1	לנער	ניער	PIEL	Inf				לְנַעַר	נִיעֵר	1
2	יכיר	הכיר	PAAL		3	Sing	Masc	יַכִּיר	הִכִּיר	141
2	הופכות	הפך	PAAL	Part	3	Plur	Fem	הוֹפְכוֹת	הָפַךְ	96
1	פרש	פרש	PAAL		3	Sing	Masc	פָּרָשׁ	פָּרָשׁ	1
7	מחליטים	החליט	HIFIL	Part	3	Plur	Masc	מַחֲלִיטִים	הֶחֱלִיט	164
1	להזניח	הזניח	HIFIL	Inf				לְהַזְנִיחַ	הִזְנִיחַ	1
7	להתקדם	התקדם	HITPAEL	Inf				לְהִתְקַדֵּם	הִתְקַדֵּם	12
1	ביקשת	ביקש	PIEL		1	Sing	Masc	בִּיקַּשְׁתָּ	בִּיקֵּשׁ	78
1	לדח	לדח	PIEL	Inf				לָדַח	לָדַח	1
2	לדחות	דחה	PAAL	Inf				לִדְחוֹת	דָּחָה	4
1	הלכת	הלכה	PAAL		3	Sing	Fem	הַלֶּכֶת	הֲלָכָה	1
1	תתגייס	התגייס	HITPAEL		3	Sing	Masc	תִּתְגַּיֵּיס	הִתְגַּיֵּיס	7
2	מפוצץ	פוצץ	PUAL	Part	1,2,3	Sing	Masc	מְפוֹצֵץ	פּוֹצֵץ	6
1	תכוננת	כונן	PAAL		3	Sing	Fem	תְּכוֹנֶנֶת	כּוֹנֵן	1
1	שראית	שראי	PIEL		1	Sing	Masc	שֶׁרָאִיתָ	שֶׁרְאִי	1
4	מפחדים	פיחד	PIEL	Part	3	Plur	Masc	מְפַחֲדִים	פִּיחֵד	10
3	חיקו	חיקה	PAAL		3	Plur	Masc	חֵיקוֹ	חֵיקָה	6
1	כיבו	כיבה	PAAL		3	Plur	Masc	כִּיבּוּ	כִּיבָה	1
1	ישחק	שיחק	PAAL		3	Sing	Masc	יְשַׂחֵק	שִִׂיחֵק	12
1	מרוכז	רוכז	PUAL	Part	1,2,3	Sing	Masc	מְרוּכָּז	רוֹכֵז	1
1	יחליף	החליף	HIFIL		3	Sing	Masc	יַחֲלִיף	הֶחֱלִיף	23
2	תזכיר	הזכיר	HIFIL		2	Sing	Masc	תַּזְכִּיר	הִזְכִּיר	55
2	קולט	קלט	PAAL	Part	2	Sing	Masc	קוֹלֵט	קֶלֶט	11
2	מפחיד	הפחיד	HIFIL	Part	3	Sing	Masc	מַפְחִיד	הִפְחִיד	4
19	הולכת	הלך	PAAL	Part	3	Sing	Fem	הוֹלֶכֶת	הָלַךְ	266
1	דוחף	דחף	PAAL	Part	3	Sing	Masc	דּוֹחֵף	דַּחַף	12
4	שומעת	שמע	PAAL	Part	1	Sing	Fem	שׁוֹמַעַת	שָׁמַע	173
1	מרוויחה	הרוויח	HIFIL	Part	3	Sing	Fem	מַרְוִויחָה	הִרְוִויחַ	22
1	התיישבתי	התיישב	HITPAEL		1	Sing	Masc	הִתְיַישַּׁבְתִּי	הִתְיַישֵּׁב	8
3	סיימה	סיים	PIEL		3	Sing	Fem	סִּייְּמָה	סִּייֵּם	69
1	משתתקות	השתתק	HITPAEL	Part	1,2,3	Plur	Fem	מִשְׁתַּתְּקוֹת	הִשְׁתַתֵּק	2
3	מפסיקות	הפסיק	HIFIL	Part	1,2,3	Plur	Fem	מַפְסִיקוֹת	הִפְסִיק	42
1	הרמתי	הרמה	HIFIL		1	Sing	Masc	הֵרַמְתִּי	הָרָמָה	1
2	מסתכלות	הסתכל	HITPAEL	Part	1,2,3	Plur	Fem	מִסְתַכְּלוֹת	הִסְתַּכֵּל	61
3	דמיין	דמיין	PAAL		3	Sing	Masc	דִּמְיֵין	דִּמְיֵין	12
1	התחתן	התחתן	HITPAEL		3	Sing	Masc	הִתְחַתֵּן	הִתְחַתֵּן	18
6	מתעסקים	התעסק	HITPAEL	Part	3	Plur	Masc	מִתְעַסְקִים	הִתְעַסֵּק	20
2	מילא	מילא	PIEL		3	Sing	Masc	מִילֵּא	מִילֵּא	5
2	שרציתי	שרצית	PAAL		1	Sing	Masc	שֶׁרָצִיתִי	שֶׁרָצִיתָ	2
3	קשורה	קשר	PAAL	Part	3	Sing	Fem	קְשׁוּרָה	קֶשֶׁר	92
2	מדברות	דיבר	PIEL	Part	3	Plur	Fem	מְדַבְּרוֹת	דִּיבֵּר	359
1	עסוקות	עסק	PAAL	Part	3	Plur	Fem	עֲסוּקוֹת	עֵסֶק	36
7	נפגשים	נפגש	NIFAL	Part	1	Plur	Masc	נִפְגָּשִׁים	נִפְגַּשׁ	31
1	משודרת	שודר	PUAL	Part	3	Sing	Fem	מְשׁוּדֶּרֶת	שׁוּדַּר	6
3	לתרגל	תרגל	PIEL	Inf				לְתַרְגֵּל	תִּרְגֵּל	3
1	איךשהו	איךש	PAAL		1	Plur	Masc	אֵיךְשֶׁהוּ	אִיךְּשׁ	1
2	לפשע	פישע	PAAL	Inf				לְפֶּשַׁע	פִּישֵּׁע	2
2	מעז	מעז	HIFIL	Part	3	Sing	Masc	מֵעֵז	מֵעֵז	2
11	נתנה	נתן	PAAL		3	Sing	Fem	נָּתְנָה	נָתָן	147
3	התחברנו	התחבר	HITPAEL		1	Plur	Masc	הִתְחַבַּרְנוּ	הִתְחַבֵּר	24
1	חוברים	חבר	PAAL	Part	3	Plur	Masc	חוֹבְרִים	חָבֵר	2
2	חותכת	חתך	PAAL	Part	1,2,3	Sing	Fem	חוֹתֶכֶת	חֲתָךְ	5
1	צילמו	צילם	PIEL		3	Plur	Fem,Masc	צִּילְּמוּ	צִּילָּם	17
2	חיות	חיה	PAAL	Part	3	Plur	Fem	חַיוֹת	חַיָּה	4
3	פוגש	פגש	PAAL	Part	2	Sing	Masc	פּוֹגֵּשׁ	פָּגַשׁ	35
5	לרצות	ריצה	PAAL	Inf				לְרַצּוֹת	רִיצָה	8
2	להתאמץ	התאמץ	HITPAEL	Inf				לְהִתְאַמֵּץ	הִתְאַמֵּץ	6
2	ישימו	שם	HIFIL		3	Plur	Fem,Masc	יָשִִׂימוּ	שָׁם	79
1	גידו	גידה	PIEL		3	Plur	Masc	גִּידוּ	גִּידָה	1
1	תזרוק	זרק	PAAL		3	Sing	Fem	תִּזְרוֹק	זָּרַק	16
8	רוקדים	רקד	PAAL	Part	3	Plur	Masc	רוֹקְדִים	רָקַד	27
1	שודר	שודר	PUAL		3	Sing	Masc	שׁוּדַּר	שׁוּדַּר	6
1	שכנעתי	שכנע	PAAL		1	Sing	Masc	שִׁכְנַעְתִּי	שִׁכְנֵעַ	6
2	מתחברים	התחבר	HITPAEL	Part	3	Plur	Masc	מִתְחַבְּרִים	הִתְחַבֵּר	24
4	תלמדו	למד	HIFIL		1	Plur	Masc	תִּלְמְדוּ	לָמַד	143
1	שקשורות	שקש	PAAL	Part	3	Plur	Fem	שִׁקְשׁוּרוֹת	שֶׁקֶשׁ	7
7	מתמודדים	מתמודד	HITPAEL	Part	3	Plur	Masc	מִתְמוֹדְדִים	מִתְמוֹדֵד	7
1	מסתיר	הסתיר	HIFIL	Part	3	Sing	Masc	מַסְתִּיר	הִסְתִּיר	8
2	מעלים	העלה	HIFIL	Part	3	Plur	Masc	מַעֲלִים	הֶעֱלָה	27
2	תאמינו	האמין	PAAL		3	Plur	Masc	תַּאֲמִינוּ	הֶאֱמִין	26
3	קמו	קם	PAAL		3	Plur	Masc	קָּמוּ	קָם	28
2	תקועה	תקוע	PAAL	Part	3	Sing	Fem	תְּקוּעָה	תָּקוּעַ	5
1	שמתאים	שמתא	PAAL	Part	3	Sing	Masc	שֶׁמַתְאִים	שֶׁמַתָּא	1
2	להשיט	השיט	HIFIL	Inf				לְהַשִּׁיט	הַשַּׁיט	2
2	נרדם	נרדם	NIFAL		3	Sing	Masc	נִרְדַּם	נִרְדַּם	3
2	טען	טען	PAAL		3	Sing	Masc	טָעַן	טָעַן	9
2	מתעוררים	התעורר	HITPAEL	Part	3	Plur	Masc	מִתְעוֹרְרִים	הִתְעוֹרֵר	11
2	התעוררו	התעורר	HITPAEL		3	Plur	Fem,Masc	הִתְעוֹרְרוּ	הִתְעוֹרֵר	11
1	שראה	שרא	PIEL		3	Sing	Masc	שֶׁרָאָה	שֶׁרָא	5
2	קמתי	קימת	PAAL		1	Sing	Masc	קַמְתִּי	קִימַת	2
2	סתכלתי	סתכל	PAAL		1	Sing	Masc	סִתְכַּלְתִּי	סִתְכַּל	2
2	הרים	הר	PAAL		3	Plur	Masc	הָרִים	הַר	2
2	יושבת	ישב	PAAL	Part	3	Sing	Fem	יוֹשֶׁבֶת	יָשְַׁב	65
1	תעורר	עורר	PAAL		3	Sing	Masc	תְּעוֹרֵר	עוֹרֵר	9
1	שתה	שת	PAAL		3	Sing	Masc	שָׁתָה	שַּׁת	11
1	בדקה	בדק	PAAL		3	Sing	Fem	בְּדַקָּה	בָּדַק	52
2	עוברות	עבר	PAAL	Part	3	Plur	Fem	עוֹבְרוֹת	עָבַר	261
1	מכריח	הכריח	HIFIL	Part	3	Sing	Masc	מַכְרִיחַ	הִכְרִיחַ	1
2	פוגעת	פגע	PAAL	Part	3	Sing	Fem	פּוֹגַעַת	פָּגַע	36
1	שוברת	שבר	PAAL	Part	3	Sing	Fem	שׁוֹבֶרֶת	שֶׁבֶר	16
1	נעצרה	נעצר	NIFAL		3	Sing	Fem	נֶעֶצְרָה	נֶעֱצַר	5
4	נפגעה	נפגע	NIFAL		3	Sing	Fem	נִפְגְּעָה	נִפְגַּע	9
1	שפכה	שפך	PAAL		3	Sing	Fem	שָׁפְכָה	שֶׁפֶךְ	2
1	נתקאו	נתקא	NIFAL		3	Plur	Masc	נִתְקְאוּ	נִתְקָא	1
1	מרוחק	מרוחק	PUAL	Part	1,2,3	Sing	Masc	מְרוּחָק	מְרוּחָק	1
1	מסקרן	מסקרן	PIEL	Part	3	Sing	Masc	מְסַקְרֵן	מְסַקְרֵן	1
1	שטה	שטה	PAAL		3	Sing	Fem	שָׁטָה	שָׁטָה	1
2	חיה	חיה	PAAL	Part	3	Sing	Fem	חַיָּה	חַיָּה	4
1	עוזרות	עזר	PAAL	Part	3	Plur	Fem	עוֹזְרוֹת	עֵזֶר	160
1	להיפתר	נפתר	NIFAL	Inf				לְהִיפָּתֵר	נִפְתַּר	2
1	להרטוס	הרטוס	PAAL	Inf				לְהִרְטוֹס	הֶרְטוּס	1
1	מותרת	הותר	PUAL	Part	3	Sing	Fem	מוּתֶּרֶת	הוּתַּר	2
2	להתפטר	התפטר	HITPAEL	Inf				לְהִתְפַטֵּר	הִתְפַטֵּר	2
2	לפתר	פיתר	PIEL	Inf				לְפַתֵּר	פִּיתֵּר	2
3	עזב	עזב	PAAL		3	Sing	Masc	עָזַב	עָזַב	32
3	ראתה	ראה	PAAL		3	Sing	Fem	רָאֲתָה	רָאָה	268
1	מתעלמים	התעלם	HITPAEL	Part	3	Plur	Masc	מִתְעַלְּמִים	הִתְעַלֵּם	9
1	להר	להר	PIEL	Inf				לְהַר	לְהַר	1
1	הביע	הביע	HIFIL		3	Sing	Masc	הִבִּיעַ	הִבִּיעַ	3
5	מנחשים	ניחש	PIEL	Part	3	Plur	Masc	מְנַחֲשִׁים	נִיחֵשׁ	22
4	הלכה	הלך	PAAL		3	Sing	Fem	הֲלָכָה	הָלַךְ	266
1	תיפתר	נפתר	NIFAL		3	Sing	Fem	תִּיפְַתֵּר	נִפְתַּר	2
1	נפטרה	נפטר	NIFAL		3	Sing	Fem	נִפְטְרָה	נִפְטַר	3
4	הספיק	הספיק	HIFIL		3	Sing	Masc	הִסְפִּיק	הִסְפִּיק	21
1	חטף	חטף	PAAL		3	Sing	Masc	חָטַף	חָטַף	6
2	עוזבים	עזב	PAAL	Part	3	Plur	Masc	עוֹזְבִים	עָזַב	32
2	להתרכז	התרכז	HITPAEL	Inf				לְהִתְרַכֵּז	הִתְרַכֵּז	2
2	יחיו	חי	PAAL		3	Plur	Masc	יִחְיוּ	חַי	62
3	ישבה	ישב	PAAL		3	Sing	Fem	יָשְׁבָה	יָשְַׁב	65
4	רוצות	רצה	PAAL	Part	3	Plur	Fem	רוֹצוֹת	רָצָה	467
4	עזבתי	עזב	PAAL		1	Sing	Masc	עָזַבְתִּי	עָזַב	32
2	המשכתי	המשיך	HIFIL		1	Sing	Masc	הִמְשְַׁכָתִי	הִמְשִׁיךְ	113
1	נמכרו	נמכר	NIFAL		3	Plur	Fem,Masc	נִמְכְּרוּ	נִמְכַּר	15
5	גרתי	גר	PAAL		1	Sing	Masc	גַּרְתִּי	גָּר	91
1	אצא	יצא	PAAL		1	Sing	Masc	אֵצֵא	יָצָא	241
1	רוקד	רקד	PAAL	Part	1	Sing	Masc	רוֹקֵד	רָקַד	27
6	להתעלם	התעלם	HITPAEL	Inf				לְהִתְעַלֵּם	הִתְעַלֵּם	9
1	מגויסים	מגויס	PUAL	Part	1,2,3	Plur	Masc	מְגוּיָּסִים	מְגוּיָּס	1
2	להרשות	הרשה	HIFIL	Inf				לְהַרְשׁוֹת	הִרְשָׁה	6
1	נכנסות	נכנס	NIFAL	Part	3	Plur	Fem	נִכְנָסוֹת	נִכְנַס	148
1	מאפשרות	איפשר	PIEL	Part	3	Plur	Fem	מְאַפְשְׁרוֹת	אִיפְשֵׁר	3
7	עברת	עברה	PAAL		1	Sing	Masc	עָבַרְתָּ	עָבְרָה	7
6	מתחבר	התחבר	HITPAEL	Part	3	Sing	Masc	מִתְחַבֵּר	הִתְחַבֵּר	24
3	גרנו	גרן	PAAL		1	Plur	Masc	גַּרְנוּ	גֶּרֶן	3
2	משכתי	שיכת	PAAL	Part	1	Sing	Masc	מָשְַׁכָתִי	שַּׂיֶכֶת	2
1	המשכנו	המשכן	HIFIL		1	Plur	Masc	הִמְשְַׁכֵנוּ	הַמִשְׁכָּן	1
1	התרחקנו	התרחק	HITPAEL		1	Plur	Fem,Masc	הִתְרַחַקְנוּ	הִתְרַחֵק	3
1	צמודה	צמוד	PUAL	Part	3	Sing	Fem	צְּמוּדָה	צָּמוּד	1
3	שנינו	שנין	PAAL		1	Plur	Masc	שְׁנֵינוּ	שָׁנִין	3
1	אזמין	הזמין	HIFIL		1	Sing	Masc	אַזְמִין	הִזְמִין	43
1	יגישו	הגיש	HIFIL		3	Plur	Masc	יַגִּישׁוּ	הִגִּישׁ	22
1	מתעסק	התעסק	HITPAEL	Part	1	Sing	Masc	מִתְעַסֵּק	הִתְעַסֵּק	20
2	תייה	תייה			3	Sing	Fem	תִּיָּיה	תִּיָּיה	2
2	החלטת	החלטה	PAAL		1	Sing	Masc	הַחְלָטַת	הַחְלָטָה	2
2	ביקרתי	ביקר	PAAL		1	Sing	Masc	בִּיקַּרְתִּי	בִּיקֵּר	33
4	הגעת	הגעה	HIFIL		3	Sing	Fem	הִגַּעְתָּ	הַגָּעָה	4
1	קסמה	קסם	PAAL		3	Sing	Fem	קִסְמָה	קֶסֶם	1
1	קנית	קנה	PAAL		3	Sing	Masc	קָּנִית	קָּנָה	98
1	נרשמתי	נרשם	NIFAL		1	Sing	Masc	נִרְשְַׁמָתִי	נִרְשָׁם	6
1	מסתגל	הסתגל	HITPAEL	Part	1	Sing	Masc	מִסְתַגֵּל	הִסְתַגֵּל	3
1	אבחן	בחן	PIEL		1	Sing	Masc	אַבְּחֵן	בָּחַן	1
1	מצוינת	מצוין	PUAL	Part	3	Sing	Fem	מְצוּיֶּנֶת	מְצוּיָּן	1
1	מביישת	מבייש	HIFIL	Part	1,2,3	Sing	Fem	מְבַיֶּישֶׁת	מְבַיֵּישׁ	1
5	גיליתי	גילה	PAAL		1	Sing	Masc	גִּילִּיתִי	גִּילָה	37
1	ימדה	מד	PAAL		3	Sing	Fem	יָמְדָה	מַד	2
4	יבין	הבין	HIFIL		3	Sing	Masc	יָבִין	הֵבִין	159
1	התמודדנו	התמודד	HITPAEL		1	Plur	Fem,Masc	הִתְמוֹדַדְנוּ	הִתְמוֹדֵד	20
1	ניסינו	ניסה	PIEL		1	Plur	Masc	נִיסִּינוּ	נִיסָּה	85
1	מתקשה	התקשה	HITPAEL	Part	1,2,3	Sing	Masc	מִתְקַשֶּׁה	הִתְקַשָּׁה	3
2	נוצרה	נוצר	NIFAL		3	Sing	Fem	נוֹצְרָה	נוֹצַר	17
1	פלו	פל	PAAL		3	Plur	Masc	פָּלוּ	פָּל	1
4	הכיר	הכיר	HIFIL		3	Sing	Masc	הִכִּיר	הִכִּיר	141
1	שעוברים	שעב	PAAL	Part	3	Plur	Masc	שֶׁעוֹבְרִים	שָׁעָב	2
5	מגלים	גילה	HIFIL	Part	3	Plur	Masc	מְגַלִּים	גִּילָה	37
1	דוחפים	דחף	PAAL	Part	3	Plur	Masc	דּוֹחֲפִים	דַּחַף	12
1	נובע	נבע	PAAL	Part	3	Sing	Masc	נוֹבֵעַ	נָבַע	2
1	ייצא	ייצא	PAAL		3	Sing	Masc	יֵיצֵא	יֵיצֵא	1
1	נפלתי	נפל	PAAL		1	Sing	Masc	נָפַלְתִּי	נָפַל	20
1	החזיר	החזיר	HIFIL		3	Sing	Masc	הֶחֱזִיר	הֶחֱזִיר	29
1	מתארח	התארח	HITPAEL	Part	1	Sing	Masc	מִתְאָרֵחַ	הִתְאָרֵחַ	7
1	מופטע	הופטע	PUAL	Part	3	Sing	Masc	מוּפְטָע	הוּפְטַע	6
1	תמקדתי	תמקד	PAAL		1	Sing	Masc	תִּמְקַדְתִּי	תִּמְקַד	1
8	נכנסתי	נכנס	NIFAL		1	Sing	Masc	נִכְנַסְתִּי	נִכְנַס	148
1	שחקה	שחק	PAAL		3	Sing	Fem	שְִׂחֲקָה	שְַׂחָק	2
1	מלדבר	לדבר	PIEL	Part	1,2,3	Sing	Masc	מִלְּדַבֵּר	לְדַבֵּר	1
1	בלמד	לימד	PIEL	Inf				בְּלָמֵד	לִימֵּד	29
2	להקיף	הקיף	HIFIL	Inf				לְהַקִּיף	הִקִּיף	2
6	לפחד	פיחד	PIEL	Inf				לְפַחֵד	פִּיחֵד	10
1	מעריכים	העריך	HIFIL	Part	3	Plur	Masc	מַעֲרִיכִים	הֶעֱרִיךְ	7
1	מתאמץ	התאמץ	HITPAEL	Part	1,2,3	Sing	Masc	מִתְאַמֵּץ	הִתְאַמֵּץ	6
1	סולח	סלח	PAAL	Part	1	Sing	Masc	סוֹלֵחַ	סְלַח	4
4	טועה	טעה	PAAL	Part	3	Sing	Masc	טוֹעֶה	טָעָה	8
1	הרגשת	הרגשה	PAAL	Part	2	Sing	Masc	הִרְגַּשְׁתָּ	הַרְגָּשָׁה	1
2	התעוררתי	התעורר	HITPAEL		1	Sing	Masc	הִתְעוֹרַרְתִּי	הִתְעוֹרֵר	11
3	חלמתי	חלם	PAAL		1	Sing	Masc	חָלַמְתִּי	חָלַם	10
1	ניהלתי	ניהל	PIEL		1	Sing	Masc	נִיהַלְתִּי	נִיהֵל	24
1	להצחיק	הצחיק	HIFIL	Inf				לְהַצְחִיק	הִצְחִיק	1
1	לקלוע	קלע	PAAL	Inf				לִקְלוֹעַ	קָלַע	1
1	מתרגם	מתרגם	PIEL	Part	1	Sing	Masc	מְתַרְגֵּם	מְתַרְגֵּם	1
1	נזהר	נזהר	NIFAL	Part	1	Sing	Masc	נִזְהַר	נִזְהַר	10
1	תרגמתי	תרגם	PAAL		1	Sing	Masc	תִּרְגַּמְתִּי	תַּרְגֵּם	1
1	זורם	זרם	PAAL	Part	3	Sing	Masc	זוֹרֵם	זֶּרֶם	3
1	תפרש	פירש	PAAL		3	Sing	Masc	תִּפָּרֵשׁ	פֵּיְרֵשׁ	4
1	להרשים	הרשים	HIFIL	Inf				לְהַרְשִׁים	הִרְשִׁים	1
1	נשארות	נשאר	NIFAL	Part	3	Plur	Fem	נִשְׁאָרוֹת	נִשְׁאַר	101
1	לשמר	שימר	PIEL	Inf				לְשְַׁמֵר	שִׁימַּר	1
4	להרחיב	הרחיב	HIFIL	Inf				לְהַרְחִיב	הִרְחִיב	4
5	דיברת	דיבר	PAAL		2	Sing	Masc	דִּיבַּרְתָּ	דִּיבֵּר	359
1	זנחתי	זנח	PAAL		1	Sing	Masc	זָּנַחְתִּי	זֶּנַח	1
1	ננהל	ננהל	HIFIL		1	Plur	Masc	נְנַהֵל	נְנַהֵל	1
4	לשמש	שימש	PIEL	Inf				לְשְַׁמֵשׁ	שִׁימֵּשׁ	9
1	תקדישו	הקדיש	HIFIL		1	Plur	Masc	תַּקְדִּישׁוּ	הִקְדִּישׁ	4
1	צפצפו	צפצף	HITPAEL		3	Plur	Masc	צַּפְצְפוּ	צִּפְצַף	1
1	לישמה	לישם	PIEL	Inf				לִישְׁמָה	לִישָׁם	1
1	מופצות	הופצה	PUAL	Part	3	Plur	Fem	מוּפָּצוֹת	הוּפְּצָה	1
1	מתרחשת	התרחש	HITPAEL	Part	1,2,3	Sing	Fem	מִתְרַחֶשֶׁת	הִתְרַחֵשׁ	6
1	נתנז	נתנז	PUAL		3	Sing	Masc	נִתְנַז	נִתְנַז	1
4	פגעו	פגע	PAAL		3	Plur	Masc	פָּגְעוּ	פָּגַע	36
1	פעלו	פעל	PAAL		3	Plur	Masc	פָּעֲלוּ	פָּעַל	29
2	הפעילו	הפעיל	HIFIL		3	Plur	Masc	הִפְעִילוּ	הִפְעִיל	15
3	נקראים	נקרא	NIFAL	Part	3	Plur	Masc	נִקְרָאִים	נִקְרָא	101
4	פתחו	פתח	PAAL		3	Plur	Masc	פָּתְחוּ	פֶּתַח	77
1	נוחטים	נחט	PAAL	Part	3	Plur	Masc	נוֹחֲטִים	נַחַט	1
2	להגביר	הגביר	HIFIL	Inf				לְהַגְּבִיר	הִגְבִּיר	17
2	מכרה	כירה	PAAL		3	Sing	Fem	מָכְרָה	כִּירָה	2
1	תתפלו	תפפל	PAAL		1	Plur	Masc	תִּתְפְּלוּ	תִּפְפֵּל	1
1	נפטר	נפטר	NIFAL		3	Sing	Masc	נִפְטַר	נִפְטַר	3
1	נשלטה	נשלט	NIFAL		3	Sing	Fem	נִשְׁלְטָה	נִשְׁלַט	1
2	מציינת	ציין	PIEL	Part	3	Sing	Fem	מְצַיֶּינֶת	צִּייֵּן	6
3	הוריד	הוריד	HIFIL		3	Sing	Masc	הוֹרִיד	הוֹרִיד	44
1	בנה	בנה	PAAL		3	Sing	Masc	בְּנָהּ	בְּנָהּ	21
1	קידם	קידם	PIEL		3	Sing	Masc	קִידָּם	קִידָּם	14
1	שלט	שלט	PAAL		3	Sing	Masc	שֶׁלֶט	שֶׁלֶט	9
1	יכלו	יכל			3	Plur	Fem,Masc	יָכְלוּ	יָכֹל	9
2	ללבוש	לבש	PAAL	Inf				לִלְבּוֹשׁ	לָבַשׁ	9
1	להיבחר	נבחר	NIFAL	Inf				לְהִיבָּחֵר	נִבְחַר	6
1	שפעלו	שפעל	PAAL		3	Plur	Masc	שֶׁפָּעֲלוּ	שֶׁפְעַל	1
1	מוקפת	הוקף	PUAL	Part	1,2,3	Sing	Fem	מוּקֶּפֶת	הוּקַּף	2
1	חיובו	חיוב	PIEL		3	Plur	Masc	חִיּוּבוֹ	חִיּוּב	1
2	פעל	פעל	PAAL		3	Sing	Masc	פָּעַל	פָּעַל	29
1	נמשכו	נמשך	NIFAL		3	Plur	Masc	נִמְשְׁכוּ	נִמְשָׁךְ	17
2	מושחט	הושחט	PUAL	Part	3	Sing	Masc	מוּשְׁחָט	הוּשְׁחַט	2
1	מחוברת	חובר	HIFIL	Part	1,2,3	Sing	Fem	מְחוּבֶּרֶת	חוֹבֵּר	13
5	להתנהל	התנהל	HITPAEL	Inf				לְהִתְנַהֵל	הִתְנַהֵל	12
3	תדאג	דאג	HIFIL		2	Sing	Masc	תִּדְאַג	דָּאַג	41
1	פחד	פחד	PAAL		3	Sing	Masc	פַּחַד	פַּחַד	16
1	לגרש	גירש	PIEL	Inf				לְגָּרֵשׁ	גֵּירֵשׁ	1
1	לחץ	לחץ	PAAL		3	Sing	Masc	לַחַץ	לַחַץ	7
1	הקליט	הקליט	HIFIL		3	Sing	Masc	הַקְּלִיט	הַקְּלִיט	9
1	שיושב	שושב	PAAL	Part	3	Sing	Masc	שֶׁיּוֹשֵׁב	שׁוֹשַׁב	1
1	חלם	חלם	PAAL		3	Sing	Masc	חָלַם	חָלַם	10
1	בוגד	בוגד	PAAL	Part	3	Sing	Masc	בּוֹגֵּד	בּוֹגֵּד	1
1	להפגין	הפגין	HIFIL	Inf				לְהַפְגִּין	הִפְגִּין	2
1	חיזק	חיזק	PIEL		3	Sing	Masc	חִיזֵּק	חִיזֵּק	15
1	מפגין	הפגין	PIEL	Part	1,2,3	Sing	Masc	מַפְגִּין	הִפְגִּין	2
1	התערבו	התערב	HITPAEL		3	Plur	Fem,Masc	הִתְעָרְבוּ	הִתְעָרֵב	6
1	נחלש	נחלש	NIFAL		3	Sing	Masc	נֶחֱלַשׁ	נֶחֱלַשׁ	1
1	התקבל	התקבל	HITPAEL		3	Sing	Masc	הִתְקַבֵּל	הִתְקַבֵּל	10
1	ועלה	ועלה	PAAL		3	Sing	Masc	וְעָלָה	וְעָלָה	1
2	להרוס	הרס	PAAL	Inf				לַהֲרוֹס	הֶרֶס	2
1	נלחמה	נלחם	NIFAL		3	Sing	Fem	נִלְחֲמָה	נִלְחַם	8
1	הקימה	הקים	HIFIL		3	Sing	Fem	הֵקִימָה	הֵקִים	21
1	ילחם	לחם	PAAL		3	Sing	Masc	יִלְחָם	לֶחֶם	2
1	תפוצצה	פוצצה	PAAL		3	Sing	Fem	תְּפוֹצְצָה	פּוּצְּצָה	1
1	התקלקלה	התקלקל	HITPAEL		3	Sing	Fem	הִתְקַלְקְלָה	הִתְקַלְקֵל	1
1	לחסל	חיסל	PIEL	Inf				לְחַסֵּל	חִיסֵּל	3
1	הודתה	הודה	HIFIL		3	Sing	Fem	הוֹדְתָה	הוֹדָה	32
7	לקחה	לקח	PAAL		3	Sing	Fem	לָּקְחָה	לֶקַח	156
2	עקבו	עקב	PAAL		3	Plur	Masc	עָקְבוּ	עֵקֶב	34
1	העתו	העתה	HIFIL		3	Plur		הָעִתּוֹ	הָעַתָּה	1
1	מאיימת	מאיים	PIEL	Part	3	Sing	Fem	מְאַיֶּימֶת	מְאַיֵּים	1
1	מתחזקים	התחזק	HITPAEL	Part	3	Plur	Masc	מִתְחַזְּקִים	הִתְחַזֵּק	4
1	מעורבת	מעורב	PUAL	Part	3	Sing	Fem	מְעוֹרֶבֶת	מְעוֹרָב	2
4	המשיכה	המשיך	HIFIL		3	Sing	Fem	הִמְשִׁיכָה	הִמְשִׁיךְ	113
1	חיסלה	חיסל	PAAL		3	Sing	Fem	חִיסְּלָה	חִיסֵּל	3
1	הבטיחו	הבטיח	HIFIL		3	Plur	Masc	הִבְטִיחוּ	הִבְטִיחַ	18
1	שיורה	שיור	PAAL	Part	3	Sing	Fem	שִׁיּוֹרֶה	שִׁיּוּר	1
1	להשמיד	השמיד	HIFIL	Inf				לְהַשְׁמִיד	הִשְׁמִיד	1
1	חל	חל	PAAL		3	Sing	Masc	חָל	חָל	5
1	ירתה	ירה	PAAL		3	Sing	Fem	יָרְתָה	יָרָה	6
1	פוצצה	פוצץ	PUAL		3	Sing	Fem	פּוּצְּצָה	פּוֹצֵץ	6
2	שמרה	שמר	PAAL		3	Sing	Fem	שָׁמְרָה	שָׁמַר	52
1	הבטיחה	הבטיח	HIFIL		3	Sing	Fem	הִבְטִיחָה	הִבְטִיחַ	18
1	להחליש	החליש	HIFIL	Inf				לְהַחֲלִישׁ	הֶחָלִישׁ	3
1	להפס	הפס	PIEL	Inf				לְהֶפֶס	הַפַּס	1
1	תימשך	נמשך	NIFAL		3	Sing	Fem	תִּימָשֵׁךְ	נִמְשָׁךְ	17
1	שנקראת	שקרא	PAAL	Part	3	Sing	Fem	שֶׁנִקְרֵאת	שֶׁקָּרָא	1
1	חיבשו	חיבש	PAAL		1	Plur	Masc	חִיבְּשׁוּ	חִיבֵּשׁ	1
1	הרכיבו	הרכיב	HIFIL		3	Plur	Masc	הִרְכִּיבוּ	הָרְכִּיב	5
3	תגביר	הגביר	HIFIL		3	Sing	Fem	תַּגְבִּיר	הִגְבִּיר	17
1	חזק	חזק	PAAL		2	Sing	Masc	חָזָק	חָזָק	2
2	נסגרים	נסגר	NIFAL	Part	3	Plur	Masc	נִסְגָּרִים	נִסְגַּר	9
1	שסוחים	שסוחים	PAAL	Part	3	Plur	Masc	שְׁסוּחִים	שְׁסוּחִים	1
6	למדו	למד	PAAL		3	Plur	Masc	לָמְדוּ	לָמַד	143
2	להשתלב	השתלב	HITPAEL	Inf				לְהִשְׁתַלֵּב	הִשְׁתַלֵּב	3
2	נקבע	נקבע	PAAL		1	Plur	Masc	נִקְבַּע	נִקְבַּע	2
1	מנצלים	ניצל	PIEL	Part	3	Plur	Masc	מְנַצְּלִים	נִיצֵּל	16
1	שמכינים	השכין	PAAL	Part	3	Plur	Masc	שֶׁמְכִינִים	הִשָּׂכִין	1
1	מדורגת	דורג	PUAL	Part	1,2,3	Sing	Fem	מְדוֹרֶגֶת	דּוֹרֵג	1
2	לפזר	פיזר	PIEL	Inf				לְפַזֵּר	פִּיזֵּר	3
1	יתקאו	התקאה	PAAL		3	Plur	Masc	יִתְקְאוּ	הַתְּקָאָה	1
6	נמצאות	נמצא	NIFAL	Part	3	Plur	Fem	נִמְצָאוֹת	נִמְצָא	225
1	גומרות	גמר	PAAL	Part	3	Plur	Fem	גּוֹמְרוֹת	גְּמָר	1
1	לילד	לילד	PAAL	Inf				לַיֶּלֶד	לַיֶּלֶד	1
2	ימשך	מישך	PAAL		3	Sing	Masc	יִמְשָׁךְ	מִישֵּׁךְ	2
2	שזמין	שזמין	PUAL	Part	3	Sing	Masc	שֶׁזָּמִין	שֶׁזָּמִין	2
1	אסיים	סיים	HIFIL		1	Sing	Masc	אַסְיָים	סִּייֵּם	69
1	נשואה	נשוי	PAAL	Part	1	Sing	Fem	נְשׂוּאָה	נָּשׂוּי	8
2	ניעלתי	ניעל	PAAL		1	Plur	Masc	נִיעַלְתִּי	נִיעֵל	3
1	ירדתי	ירד	PAAL		1	Sing	Masc	יָרַדְתִּי	יָרַד	48
1	הפכתי	הפך	HIFIL		1	Sing	Masc	הָפַכְתִּי	הָפַךְ	96
1	משלימה	משלים	HIFIL	Part	1,2,3	Sing	Fem	מַשְׁלִימָה	מַשְׁלִים	1
4	מנהלת	ניהל	PIEL	Part	1	Sing	Fem	מְנַהֶלֶת	נִיהֵל	24
2	למדתי	למד	PAAL		1	Sing	Masc	לָמַדְתִּי	לָמַד	143
3	מתבקש	מתבקש	HITPAEL	Part	1,2,3	Sing	Masc	מִתְבַקֵּשׁ	מִתְבַקֵּשׁ	3
2	זמינה	זמה	PAAL	Part	1,2,3	Sing	Fem	זְמִינָה	זִמָּה	2
3	להתרגש	התרגש	HITPAEL	Inf				לְהִתְרַגֵּשׁ	הִתְרַגֵּשׁ	18
1	בגרו	בגר	PAAL		3	Plur	Masc	בָּגְרוּ	בָּגָר	1
1	לשכב	שכב	PAAL	Inf				לִשְׁכַב	שָׁכַב	1
2	ארגן	ארגן	PIEL		3	Sing	Masc	אִרְגֵּן	אִרְגֵּן	10
1	משתתף	השתתף	HITPAEL	Part	1,2,3	Sing	Masc	מִשְׁתַּתֵּף	הִשְׁתַתֵּף	27
1	שגרות	שגר	PAAL	Part	3	Plur	Fem	שִׁגְרוֹת	שֶׁגָּר	22
1	גרות	גרה	PAAL	Part	3	Plur	Fem	גָּרוֹת	גָּרָה	21
1	לבעלי	בעל	PAAL	Inf				לְבַעֲלֵי	בַּעַל	1
1	ליישם	יישם	PIEL	Inf				לְיַישֵּׂם	יִישֵּׂם	1
2	נערכים	נערך	NIFAL	Part	1	Plur	Masc	נֶעֱרָכִים	נֶעֱרַךְ	10
1	מחושבים	חושב	PIEL	Part	1	Plur	Masc	מְחוּשָּׁבִים	חוֹשֵׁב	2
1	רשומה	רשם	PAAL	Part	1	Sing	Fem	רְשׁוּמָה	רָשַׁם	6
4	נתקעים	נתקע	PAAL	Part	3	Plur	Masc	נִתְקָעִים	נִתְקַע	11
2	לבזבז	בזבז	HIFIL	Inf				לְבַזְבֵּז	בִּזְבֵּז	3
1	לקיץ	הקיץ	PAAL	Inf				לַקַּיִץ	הַקַּיִץ	1
3	בחרנ	חחרן	PAAL		1	Sing	Masc	בָּחַרְנ	חַחְרָן	3
1	כלול	כלל	PAAL	Part	3	Sing	Masc	כָּלוּל	כְּלָל	20
1	נצטרך	הצטרך	HIFIL		1	Plur	Masc	נִצְטָרֵךְ	הִצְטָרֵךְ	8
1	מותאם	מותאם	PUAL	Part	3	Sing	Masc	מוּתְאָם	מוּתְאָם	1
1	נסענו	נסע	NIFAL		1	Plur	Masc	נָסַעְנוּ	נָסַע	41
1	מאתגרות	האתגר	HUFAL	Part	1,2,3	Plur	Fem	מְאַתְגְּרוֹת	הָאֶתְגָּר	3
1	הזכרת	הזכר	HIFIL		1	Sing	Masc	הִזְכַּרְתָּ	הַזָּכָר	2
1	נוסאים	נסא	PAAL	Part	1	Plur	Masc	נוֹסְאִים	נִסָּא	2
1	משתלם	השתלם	HIFIL	Part	1,2,3	Sing	Masc	מִשְׁתַּלֵם	הִשְׁתַלֵם	2
2	תשלם	שילם	PAAL		3	Sing	Fem	תְּשְַׁלֵם	שִׁילֵּם	54
2	שילמת	שילם	PAAL		3	Sing	Fem	שִׁילַּמְתָּ	שִׁילֵּם	54
1	יורדות	ירד	PAAL	Part	3	Plur	Fem	יוֹרְדוֹת	יָרַד	48
2	אשרנו	אשר	PAAL		1	Plur	Masc	אֲשְַׁרֵנוּ	אֲשֶׁר	2
2	להורים	הורים	PAAL	Inf				לְהוֹרִים	הוֹרִים	2
1	מזדמן	הזדמן	HITPAEL	Part	3	Sing	Masc	מִזְדַּמֵּן	הִזְדַּמֵן	1
1	להקל	הקל	HIFIL	Inf				לְהָקֵל	הַקַּל	3
1	מחריפה	החריף	HIFIL	Part	1,2,3	Sing	Fem	מַחֲרִיפָה	הֶחָרִיף	1
3	למסור	מסר	PAAL	Inf				לִמְסוֹר	מֶסֶר	6
4	תרמה	רם	PIEL		3	Sing	Fem	תָּרְמָה	רָם	4
1	להתקיים	התקיים	HITPAEL	Inf				לְהִתְקַיֵּים	הִתְקַיֵּים	12
1	חם	חם	PAAL	Part	3	Sing	Masc	חַם	חַם	1
1	ניכנס	נכנס	NIFAL		1	Plur	Masc	נִיכָּנֵס	נִכְנַס	148
2	יוציאו	הוציא	PAAL		3	Plur	Fem,Masc	יוֹצִיאוּ	הוֹצִיא	62
4	אעלה	עלה	PAAL		1	Sing	Masc	אַעֲלֶה	עָלָה	147
2	תאמין	האמין	HIFIL		2	Sing	Masc	תַּאֲמִין	הֶאֱמִין	26
1	ללדת	ילד	PAAL	Inf				לָלֶדֶת	יֶלֶד	1
3	אפשרו	אפשר	PIEL		3	Plur	Masc	אִפְשְׁרוּ	אֶפְשָׁר	271
1	ארזנו	ארז	PAAL		1	Plur	Masc	אָרַזְנוּ	אֶרֶז	1
1	העברנו	העביר	HIFIL		1	Plur	Masc	הֶעֱבַרְנוּ	הֶעֱבִיר	40
1	פינו	פינה	PAAL		3	Plur	Masc	פִּינּוּ	פִּינָּה	1
2	מתעורר	התעורר	HITPAEL	Part	1,2,3	Sing	Masc	מִתְעוֹרֵר	הִתְעוֹרֵר	11
3	התלהבו	התלהב	HITPAEL		3	Plur	Fem,Masc	הִתְלַהֲבוּ	הִתְלַהֵב	8
1	לשבוע	שבע	PAAL	Inf				לְשָׁבוּעַ	שֶׁבַע	1
1	להבהיר	הבהיר	HIFIL	Inf				לְהַבְּהִיר	הִבְהִיר	1
1	שנראים	שנרא	PUAL	Part	3	Plur	Masc	שֶׁנִרְאִים	שֶׁנִּרְא	1
3	תרגיש	הרגיש	PAAL		2	Sing	Masc	תַּרְגִּישׁ	הִרְגִּישׁ	148
5	להסתיר	הסתיר	HIFIL	Inf				לְהַסְתִּיר	הִסְתִּיר	8
1	התגעגעו	התגעגע	HITPAEL		3	Plur	Masc	הִתְגְַעַגְּעוּ	הִתְגְַעְגֵּעַ	7
2	לסבול	סבל	PAAL	Inf				לִסְבּוֹל	סֵּבֶל	10
3	תקועים	תקוע	PAAL	Part	3	Plur	Masc	תְּקוּעִים	תָּקוּעַ	5
1	נשכח	נשכח	PAAL		1	Plur	Masc	נִשְׁכַח	נִשְׁכַח	1
1	שיחקו	שיחק	PIEL		3	Plur	Masc	שִִׂיחֲקוּ	שִִׂיחֵק	12
1	הסתובבו	הסתובב	HITPAEL		3	Plur	Fem,Masc	הִסְתּוֹבְבוּ	הִסְתּוֹבֵב	16
1	לארז	אירז	PIEL	Inf				לְאֶרֶז	אִירְז	1
3	שמה	שם	PAAL		1	Sing	Masc	שְׁמָהּ	שָׁם	79
1	לטבע	טיבע	PAAL	Inf				לַטֶּבַע	טִּיבֵּעַ	1
1	מפריד	הפריד	HIFIL	Part	1	Sing	Masc	מַפְרִיד	הִפְרִיד	1
2	חיינו	חיין	PAAL		1	Plur	Masc	חַיֵּינוּ	חַיָּין	2
1	השרט	השרט	HIFIL		3	Sing	Masc	הַשַּׂרֶט	הַשַּׂרֶט	1
2	להתממש	התממש	HITPAEL	Inf				לְהִתְמַמֵּשׁ	הִתְמַמֵּשׁ	3
1	שירתה	שירה	PIEL		3	Sing	Fem	שִׁירְּתָה	שִׁירָה	2
2	לנרים	נירה	PIEL	Inf				לֶנְרִים	נִירָה	2
4	לשכם	שיכם	PIEL	Inf				לִשְׁכֶם	שִׁיכֶם	4
1	התקדמנו	התקדם	HITPAEL		1	Plur	Masc	הִתְקַדַּמְנוּ	הִתְקַדֵּם	12
4	נפתחו	נפתח	NIFAL		3	Plur	Masc	נִפְתְּחוּ	נִפְתַּחַ	17
1	מענים	הענה	PIEL	Part	3	Plur	Masc	מַעֲנִים	הֶעֱנָה	2
1	הוכנסה	הוכנס	HUFAL		3	Sing	Fem	הוּכְנְּסָה	הוּכְנַס	1
1	מפוזרות	פוזר	PUAL	Part	3	Plur	Fem	מְפוּזָּרוֹת	פּוּזַּר	2
1	חוששים	חשש	PAAL	Part	3	Plur	Masc	חוֹשְׁשִׁים	חֲשָׁשׁ	4
2	נפלה	נפל	PAAL		3	Sing	Fem	נָפְלָה	נָפַל	20
3	סובלים	סבל	PAAL	Part	3	Plur	Masc	סוֹבְלִים	סֵּבֶל	10
1	פצאו	פצא	PAAL		3	Plur	Masc	פָּצְאוּ	פָּצָא	1
1	נחתפו	נחתף	NIFAL		3	Plur	Masc	נֶחְתְּפוּ	נֶחְתַּף	1
1	רצחו	רצח	PAAL		3	Plur	Masc	רָצְחוּ	רֶצַח	7
1	נגרמו	נגרם	NIFAL		3	Plur	Masc	נִגְרְמוּ	נִגְרַם	3
1	העיפו	העיף	HIFIL		3	Plur	Masc	הֵעִיפוּ	הֵעִיף	3
1	חצו	חצה	PAAL		3	Plur	Masc	חָצוּ	חָצָה	8
1	התעלמה	התעלם	HITPAEL		3	Sing	Fem	הִתְעַלְּמָה	הִתְעַלֵּם	9
2	נשאלת	נשאל	NIFAL	Part	3	Sing	Fem	נִשְׁאֶלֶת	נִשְׁאַל	4
1	טייעלנו	טייעל	PAAL		1	Plur	Masc	טִייְעַלְנוּ	טַיְיעֵל	1
1	לקבות	לקבות	PAAL	Inf				לְקֵבוֹת	לְקֵבוֹת	1
4	יצליח	הצליח	HIFIL		3	Sing	Masc	יַצְלִיחַ	הִצְלִיחַ	128
1	לכוות	לכווה	PAAL	Inf				לְכַוּוֹת	לְכַוּוֹה	1
1	חיכי	חיכי	PAAL		1	Plur	Masc	חִיכִּי	חִיכִּי	1
2	ישתנה	שתנה	HITPAEL		3	Sing	Masc	יִשְׁתַּנֶה	שָׁתְנָה	4
2	סתובבים	סתב	PAAL	Part	3	Plur	Masc	סְתוֹבְבִים	סָּתַב	2
1	מרחף	ריחף	PIEL	Part	3	Sing	Masc	מְרַחֵף	רִיחֵף	1
1	לנחת	ינח	PAAL	Inf				לְנַחַת	יַנָּחַ	1
4	תסתיים	הסתיים	HITPAEL		3	Sing	Fem	תִּסְתַיֵּים	הִסְתַיֵּים	14
2	נרגיש	הרגיש	HIFIL		1	Plur	Masc	נַרְגִּישׁ	הִרְגִּישׁ	148
1	לאפשר	אפשר	PIEL	Inf				לְאַפְשֵׁר	אֶפְשָׁר	271
1	ממרים	המר	PIEL	Part	3	Plur	Masc	מַמְרִים	הַמַּר	1
1	מתעניינות	התעניין	HITPAEL	Part	1,2,3	Plur	Fem	מִתְעַנְיְינוֹת	הִתְעַנְיֵין	10
3	מתעניינים	התעניין	HITPAEL	Part	3	Plur	Masc	מִתְעַנְיְינִים	הִתְעַנְיֵין	10
1	ננחט	ננחט	PAAL		1	Plur	Masc	נִנְחַט	נִנְחַט	1
1	להכיל	הכיל	HIFIL	Inf				לְהָכִיל	הֵכִיל	6
1	יצטרך	הצטרך	HIFIL		3	Sing	Masc	יִצְטָרֵךְ	הִצְטָרֵךְ	8
1	ציין	ציין	PIEL		3	Sing	Masc	צִּייֵּן	צִּייֵּן	6
1	יראי	ראה	PAAL	Part	3	Plur	Masc	יִרְאִי	רָאָה	268
4	תרמו	תרם	PAAL		3	Plur	Masc	תָּרְמוּ	תָּרַם	26
1	יזכרו	זכר	HIFIL		3	Plur	Masc	יִזְכְּרוּ	זֵכֶר	66
2	ללוות	לווה	PIEL	Inf				לְלַוּוֹת	לָוֶוה	2
3	יחזור	חזר	PAAL		3	Sing	Masc	יַחֲזוֹר	חָזַר	175
2	ימשיך	המשיך	HIFIL		3	Sing	Masc	יַמְשִׁיךְ	הִמְשִׁיךְ	113
3	לגדול	גדל	PAAL	Inf				לִגְדָּוֹל	גָּדֵל	40
5	כתבה	כתב	PAAL		3	Sing	Fem	כָּתְבָה	כָּתַב	69
13	שנסיים	שנסי	PIEL		1	Plur		שֶׁנְסַיֵּים	שְׁנֵסִי	13
1	העליתי	העלה	HIFIL		1	Sing	Masc	הֶעֱלֵיתִי	הֶעֱלָה	27
1	ידאו	ידא	PAAL		3	Plur	Masc	יַדְאוֹ	יַדָּא	1
1	התפרסמו	התפרסם	HITPAEL		3	Plur	Fem,Masc	הִתְפַּרְסְמוּ	הִתְפַרְסֵם	8
1	דאגתי	דאג	PIEL		1	Sing	Masc	דָּאַגְתִּי	דָּאַג	41
5	מתייחס	התייחס	HITPAEL	Part	1,2,3	Sing	Masc	מִתְיַיחֵס	הִתְיַיחֵס	32
2	מזיז	הזיז	HIFIL	Part	3	Sing	Masc	מֵזִיז	הֵזִיז	5
1	מרגיזות	הרגיז	HIFIL	Part	1,2,3	Plur	Fem	מַרְגִּיזוֹת	הִרְגִּיז	6
1	נמשכות	נמשך	NIFAL	Part	3	Plur	Fem	נִמְשָׁכוֹת	נִמְשָׁךְ	17
2	ממעדים	מיעד	PIEL	Part	1,2,3	Plur	Masc	מִמְעָדִים	מְיֹעָד	2
1	גנב	גנב	PAAL		3	Sing	Masc	גַּנָּב	גַּנָּב	4
5	משך	משך	PAAL		3	Sing	Masc	מֶשֶׁךְ	מֶשֶׁךְ	22
2	נתשה	נתש	PAAL		3	Sing	Masc	נִתְּשָׁה	נַתָּשׁ	2
3	פרסמה	פרסם	PIEL		3	Sing	Fem	פִּרְסְמָה	פִּרְסֵם	25
1	קוהירה	קוהיר	PAAL	Part	3	Sing	Fem	קוֹהִירָה	קוֹהִיר	1
3	נטש	נטש	PAAL		3	Sing	Masc	נָטַשׁ	נָטַשׁ	3
1	מדפיסים	הדפיס	PIEL	Part	3	Plur	Masc	מַדְפִּיסִים	הִדְפִּיס	4
1	מדביקים	הדביק	PIEL	Part	3	Plur	Masc	מַדְבִּיקִים	הִדְבִּיק	2
1	שימצא	שמצא	HIFIL					שֶׁיִּמְצָא	שֶׁמָצָא	1
2	גילתה	גילה	PIEL		3	Sing	Fem	גִּילְּתָה	גִּילָה	37
1	הודפס	הודפס	HUFAL		3	Sing	Masc	הוּדְפַּס	הוּדְפַּס	1
2	התנצלה	התנצל	HITPAEL		3	Sing	Fem	הִתְנַצְּלָה	הִתְנַצֵּל	4
2	הורידה	הוריד	HIFIL		3	Sing	Fem	הוֹרִידָה	הוֹרִיד	44
2	נגרם	נגרם	NIFAL		3	Sing	Masc	נִגְרַם	נִגְרַם	3
3	תתפלאו	התפלא	HIFIL		1	Plur	Masc	תִּתְפַלְּאוּ	הִתְפַלֵּא	4
1	סיקרן	סקרן	PIEL		3	Sing	Masc	סִּיקְרָן	סַקְרָן	1
1	הליתי	הלה	PAAL		1	Sing	Masc	הָלִיתִי	הַלָּה	3
1	וז	וז	PAAL		3	Sing	Masc	וָז	וָז	1
3	השפיע	השפיע	HITPAEL		3	Sing	Masc	הִשְׁפִּיעַ	הִשְׁפִּיעַ	22
1	קראתי	קרא	PAAL		1	Sing	Masc	קָרָאתִי	קָרָא	113
1	רוויחה	הוויח	PAAL	Part	3	Sing	Fem	רְוִויחָה	הִוִּוִיחַ	1
2	עסקה	עסק	PAAL		3	Sing	Fem	עִסְקָה	עֵסֶק	36
1	מותחות	הותח	HIFIL	Part	1,2,3	Plur	Fem	מוֹתְחוֹת	הוּתַּחַ	1
3	קפץ	קפץ	PAAL		3	Sing	Masc	קָפַץ	קָפַץ	28
2	לחפור	חפר	PAAL	Inf				לַחְפּוֹר	חֵפֶר	7
1	נחפש	נחפש	HIFIL		1	Plur	Masc	נְחַפֵּשׂ	נְחַפֵּשׂ	1
6	נמצאו	נמצא	NIFAL		3	Plur	Masc	נִמְצְאוּ	נִמְצָא	225
1	מסרה	מסר	PAAL		3	Sing	Fem	מָּסְרָה	מֶסֶר	6
3	תסלחו	סלח	PAAL		1	Plur	Masc	תִּסְלְחוּ	סְלַח	4
3	נשווה	נשה	HIFIL		1	Plur	Masc	נַשְׁוֶוה	נָשָׁה	3
1	יטייל	טייל	HIFIL		3	Sing	Masc	יְטַיֵּיל	טַיֵּיל	25
1	ימצא	מצא	PAAL		3	Sing	Masc	יִמְצָא	מָצָא	125
3	מרימים	הרים	PAAL	Part	3	Plur	Masc	מְרִימִים	הָרִים	26
1	מדברה	הדברה	PIEL	Part	1,2,3	Sing	Fem	מִדְּבָרָהּ	הַדְבָּרָה	1
1	גלה	גלה	PAAL		3	Sing	Masc	גִּלָּה	גִּלָּה	2
2	קראה	קרא	PAAL		3	Sing	Fem	קָּרְאָה	קָרָא	113
1	שכחתי	שכח	PAAL		1	Sing	Masc	שָׁכַחְתִּי	שָׁכַח	17
1	מפרסמת	פרסם	PIEL	Part	1,2,3	Sing	Fem	מְפַרְסֶמֶת	פִּרְסֵם	25
1	קבורים	קבור	PAAL	Part	3	Plur	Masc	קְבוּרִים	קָּבוּר	1
3	ירצה	רצה	PAAL		3	Sing	Masc	יִרְצֶה	רָצָה	467
1	תחפור	חפר	PAAL		3	Sing	Fem	תַּחְפּוֹר	חֵפֶר	7
1	רווח	רווח	PAAL	Part	3	Sing	Masc	רֶוַוח	רֶוַוח	1
1	מעובנים	עובן	PUAL	Part	3	Plur	Masc	מְעוּבָּנִים	עוֹבֶן	1
6	ירצו	רצה	PAAL		3	Plur	Masc	יִרְצוּ	רָצָה	467
1	שווים	שווה	PAAL	Part	3	Plur	Masc	שָׁוִוים	שָׁוֶוה	5
1	ידרשו	דרש			3	Plur	Fem,Masc	יִדְרְשׁוּ	דָּרַשׁ	24
1	מתמחות	תמחה	HITPAEL	Part	3	Plur	Fem	מִתְמַחוֹת	תִּמְחָה	1
2	מודעים	מודע	PUAL	Part	3	Plur	Masc	מוּדָעִים	מוּדָּע	2
1	שווה	שווה	PAAL	Part	3	Sing	Masc	שָׁוֶוה	שָׁוֶוה	5
2	מסתתר	הסתתר	HITPAEL	Part	3	Sing	Masc	מִסְתַתֵּר	הִסְתַתֵּר	4
1	משבים	השבים	HIFIL	Part	3	Sing	Fem	מַשָּׁבִים	הַשָּׁבִים	1
1	כותב	כתב	PAAL	Part	3	Sing	Masc	כּוֹתֵב	כָּתַב	69
1	תשתול	שתל	HIFIL		3	Sing	Fem	תִּשְׁתוֹל	שָׁתַל	6
2	מורידה	הוריד	HIFIL	Part	1	Sing	Fem	מוֹרִידָה	הוֹרִיד	44
1	בדק	בדק	PAAL		3	Sing	Masc	בָּדַק	בָּדַק	52
1	תופטעו	תופטע	PAAL		1	Plur	Masc	תּוּפְטְעוּ	תּוּפְטַע	1
1	הקראתי	הקריא	HIFIL		1	Sing	Masc	הִקְרֵאתִי	הִקְרִיא	2
1	נקרטו	נקרט	NIFAL		3	Plur	Masc	נִקְרְטוּ	נִקְרַט	1
1	נחתכו	נחתך	NIFAL		3	Plur	Masc	נֶחְתְּכוּ	נַחְתָּךְ	1
1	יבדוק	בדק	HIFIL		3	Sing	Masc	יִבְדּוֹק	בָּדַק	52
5	לשתול	שתל	PAAL	Inf				לִשְׁתוֹל	שָׁתַל	6
1	יגדלו	גדל			3	Plur	Fem,Masc	יִגְדְּלוּ	גָּדֵל	40
1	החליפו	החליף	HIFIL		3	Plur	Masc	הֶחֱלִיפוּ	הֶחֱלִיף	23
4	לבצע	ביצע	PIEL	Inf				לְבַצֵּעַ	בִּיצֵּעַ	6
1	להערים	הערים	HIFIL	Inf				לְהֶעָרִים	הֶעָרִים	2
2	לחתוך	חתך	PAAL	Inf				לַחְתּוֹךְ	חֲתָךְ	5
1	יפריעו	הפריע	HIFIL		3	Plur	Fem,Masc	יַפְרִיעוּ	הִפְרִיעַ	13
1	יתוקן	תוקן	NIFAL		3	Sing	Masc	יְתוֹקֵן	תּוֹקֵן	1
2	שתנה	שתנה	PAAL		3	Sing	Masc	שָׁתְנָה	שָׁתְנָה	4
4	שוכחים	שכח	PAAL	Part	2	Plur	Masc	שׁוֹכְחִים	שָׁכַח	17
1	יסדרו	סדר	HIFIL		3	Plur	Masc	יְסַדְּרוּ	סֵּדֶר	1
1	לחבוש	חבש	PAAL	Inf				לַחֲבוֹשׁ	חָבַשׁ	1
17	לתרום	תרם	PIEL	Inf				לִתְרוֹם	תָּרַם	26
1	להתביאס	התביאס	HIFIL	Inf				לְהִתְבַּיֵּאס	הַתְּבִיאֵס	1
1	הכרתם	הכרתם	HIFIL		1	Plur	Masc	הַכָּרָתָם	הַכָּרָתָם	1
6	עשינו	עשה	PAAL		1	Plur	Masc	עָשִׂינוּ	עָשָׂה	760
2	הגדירו	הגדיר	HIFIL		3	Plur	Masc	הִגְדִּירוּ	הִגְדִּיר	8
1	להצטנן	הצטנן	HITPAEL	Inf				לְהִצְטַנֵן	הִצְטַנֵּן	1
1	מתמקדים	התמקד	HITPAEL	Part	3	Plur	Masc	מִתְמַקְּדִים	הִתְמַקֵּד	5
1	מייחסים	ייחס	PIEL	Part	3	Plur	Masc	מְיַיחֲסִים	יִיחֵס	1
1	ניקחו	ניקח	PAAL		1	Plur	Masc	נִיקְּחוּ	נִיקַּח	1
1	מתפשרים	התפשר	HITPAEL	Part	3	Plur	Masc	מִתְפַשְּׁרִים	הִתְפַשֵּׁר	2
1	מסתפקים	הסתפק	HITPAEL	Part	3	Plur	Masc	מִסְתַפְּקִים	הִסְתַפֵּק	3
2	מבקרים	ביקר	PIEL	Part	1,2,3	Plur	Masc	מְבַקְּרִים	בִּיקֵּר	33
2	להזיע	הזיע	HIFIL	Inf				לְהַזִּיעַ	הִזִּיעַ	2
2	זזים	זז	PAAL	Part	3	Plur	Masc	זָּזִים	זָז	9
1	דולק	דלק	PAAL	Part	3	Sing	Masc	דּוֹלֵק	דֶּלֶק	1
1	כופל	כפל	PAAL	Part	2	Sing	Masc	כּוֹפֵּל	כֶּפֶל	1
1	לקפו	לקף	PAAL	Inf				לִקְפּוֹ	לָקַף	2
1	הובילו	הוביל	HIFIL		3	Plur	Masc	הוֹבִילוּ	הוֹבִיל	12
1	מצהיר	הצהיר	HIFIL	Part	1,2,3	Sing	Masc	מַצְהִיר	הִצְהִיר	2
2	מגדירים	הגדיר	HIFIL	Part	1	Plur	Masc	מַגְדִּירִים	הִגְדִּיר	8
1	מצריך	הצריך	HIFIL	Part	3	Sing	Masc	מַצְרִיךְ	הִצְרִיךְ	1
1	ניהלת	ניהל	PAAL		3	Sing	Masc	נִיהֶלֶת	נִיהֵל	24
1	הכרת	הכיר	HIFIL		2	Sing	Masc	הַכָּרַת	הִכִּיר	141
1	לתפעל	תפעל	PIEL	Inf				לְתִפְעַל	תִּפְעַל	1
1	תפעל	פעל	PAAL		2	Sing	Masc	תִּפְעַל	פָּעַל	29
1	פתחת	פתח	PAAL		2	Sing	Masc	פָּתַחְתָ	פֶּתַח	77
1	לזרום	זרם	NIFAL	Inf				לִזְרוֹם	זֶּרֶם	3
1	מסודרות	סודר	PUAL	Part	3	Plur	Fem	מְסוּדָּרוֹת	סוּדָּר	1
1	פוצצת	פצץ	PAAL	Part	3	Sing	Fem	פּוֹצֶצֶת	פָּצָץ	1
1	שעומדים	שעמד	PAAL	Part	3	Plur	Masc	שֶׁעוֹמְדִים	שֶׁעָמַד	1
1	מלקקים	ליקק	PIEL	Part	3	Plur	Masc	מְלַקְּקִים	לִיקְק	1
3	מציאים	הציא	PAAL	Part	2	Plur	Masc	מְצִיאִים	הֵצִיא	6
1	שמלווה	שמלווה	PAAL	Part	2	Sing	Masc	שֶׁמְלַוֶּוה	שֶׁמְלַוֶּוה	1
1	מוודא	וודא	PIEL	Part	1,2,3	Sing	Masc	מְוַודֵּא	וַודַּא	1
1	מבלים	בילה	PAAL	Part	3	Plur	Masc	מְבַלִים	בִּילָה	3
4	לטאום	טאם	PAAL	Inf				לְטָאוּם	טָאם	4
2	נעזרים	נעזר	NIFAL	Part	3	Plur	Masc	נֶעֱזָרִים	נֶעֱזַר	3
1	לטרו	לטר	PAAL		3	Plur	Masc	לַטְרוֹ	לֶּטֶּר	1
1	חוסך	חסך	PAAL	Part	3	Sing	Masc	חוֹסֵךְ	חָסָךְ	7
1	מתגלים	התגלה	HITPAEL	Part	3	Plur	Masc	מִתְגַּלִים	הִתְגַּלָה	3
1	להבנים	הבנים	PAAL	Inf				לַהֲבָנִים	הַבָּנִים	1
1	תיארנו	תיאר	PAAL		1	Plur	Masc	תֵּיָאַרְנוּ	תֵּיָאֵר	18
1	דאגנו	דאג	PAAL		1	Plur	Masc	דָּאַגְנוּ	דָּאַג	41
1	יוצאות	יצא	PAAL	Part	3	Plur	Fem	יוֹצְאוֹת	יָצָא	241
1	נאכלות	נאכל	NIFAL	Part	3	Plur	Fem	נֶאֱכָלוֹת	נֹאכַל	6
1	מעוגת	עוגה	PUAL	Part	3	Sing	Fem	מְעוּגַּת	עוּגָה	1
1	שנוהגים	שנהג	PAAL	Part	3	Plur	Masc	שֶׁנוֹהֲגִים	שֶׁנָּהַג	1
1	מוגשת	הוגש	HUFAL	Part	3	Sing	Fem	מוּגֶּשֶׁת	הוּגַּשׁ	1
2	מעיר	העיר	PIEL	Part	3	Sing	Fem	מֵעִיר	הָעִיר	4
1	למנות	למנות		Inf				לְמַנּוֹת	לְמַנּוֹת	1
1	לטעום	טעם	PAAL	Inf				לִטְעוֹם	טַעַם	4
1	הופיעה	הופיע	HIFIL		3	Sing	Fem	הוֹפִיעָה	הוֹפִּיעַ	26
1	נתכונן	התכונן	HIFIL		1	Plur	Masc	נִתְכּוֹנֵן	הִתְכּוֹנֵן	5
2	ישנה	יש	PAAL	Part	3	Sing	Fem	יֶשְׁנָהּ	יֵשׁ	1153
4	תבוא	בא	PAAL		3	Sing	Fem	תָּבוֹא	בָּא	264
1	תקרר	תקרר	HIFIL		3	Sing	Fem	תִּקָּרֵר	תִּקָּרֵר	1
1	יזכירו	הזכיר	HIFIL		3	Plur	Masc	יַזְכִּירוּ	הִזְכִּיר	55
3	להתקרר	התקרר	HITPAEL	Inf				לְהִתְקָרֵר	הִתְקָרֵר	4
1	נדאג	נדאג	HIFIL		1	Plur	Masc	נִדְאַג	נִדְאַג	1
1	קבענו	קבע	PAAL		1	Plur	Masc	קָבַעְנוּ	קֶבַע	55
1	באמן	באמן	PIEL	Inf				בְּאָמָּן	בְּאָמָּן	1
1	יטפלו	טיפל	PAAL		3	Plur	Masc	יְטַפְּלוּ	טִיפֵּל	13
3	תרגל	רגל	PAAL		3	Sing	Masc	תִּרְגֵּל	רֶגֶל	3
1	קחו	קחה	PAAL		3	Plur	Masc	קְחוּ	קָּחָה	1
1	להיום	ניום	NIFAL	Inf				לְהַיּוֹם	נִיּוּם	1
8	להשתין	השתין	HITPAEL	Inf				לְהַשְׁתִּין	הִשְׁתִּין	8
3	אומרות	אמר	PAAL	Part	3	Plur	Fem	אוֹמְרוֹת	אָמַר	997
1	מקפצת	קיפץ	PAAL	Part	1,2,3	Sing	Fem	מְקַפֶּצֶת	קִּיפְּץ	2
1	מתוח	מתוח	PUAL	Part	3	Sing	Masc	מָתוּחַ	מָתוּחַ	1
1	עשויות	עשה	PAAL	Part	3	Plur	Fem	עֲשׂוּיוֹת	עָשָׂה	760
1	ניחשת	ניחש	HIFIL		1	Sing	Masc	נִיחֶשֶׁת	נִיחֵשׁ	22
3	ניגע	ניגע	PAAL		1	Sing	Masc	נִיגַּע	נִיגַּע	3
1	מתקינים	התקין	PAAL	Part	3	Plur	Masc	מַתְקִינִים	הִתַּקִּין	1
1	בונים	בנה	PAAL	Part	3	Plur	Masc	בּוֹנִים	בְּנָהּ	21
1	מקפצות	קיפץ	PAAL	Part	1,2,3	Plur	Fem	מַקְפְּצוֹת	קִּיפְּץ	2
1	תקנו	תיקן	PAAL		2	Plur	Masc	תַּקְּנוּ	תִּיקֵּן	12
1	נחשבות	נחשב	NIFAL	Part	3	Plur	Fem	נֶחֱשָׁבוֹת	נֶחֱשָׁב	40
1	שקע	שקע	PAAL		3	Sing	Masc	שֶׁקַע	שֶׁקַע	4
1	להיפגע	נפגע	NIFAL	Inf				לְהִיפָּגַע	נִפְגַּע	9
1	סגורו	סגר	PUAL		3	Plur	Masc	סְגוּרוֹ	סֶּגֶּר	20
1	הסברתי	הסביר	HIFIL		1	Sing	Masc	הִסְבַּרְתִּי	הִסְבִּיר	51
1	תסכימו	הסכים	HIFIL		3	Plur	Masc	תַּסְכִּימוּ	הִסְכִּים	71
5	אכפת	אכפת	PAAL		3	Sing	Masc	אִכְפַּת	אִכְפַּת	5
1	יסביר	הסביר	HIFIL		3	Sing	Masc	יַסְבִּיר	הִסְבִּיר	51
2	צילמה	צילם	PIEL		3	Sing	Fem	צִּילְּמָה	צִּילָּם	17
3	נעלם	נעלם	NIFAL		3	Sing	Masc	נֶעֱלַם	נֶעֱלַם	11
1	להיגמר	נגמר	NIFAL	Inf				לְהִיגָּמֵר	נִגְמַר	42
1	להדפיס	הדפיס	HIFIL	Inf				לְהַדְפִּיס	הִדְפִּיס	4
2	לצלם	צילם	PIEL	Inf				לְצַלֵּם	צִּילָּם	17
6	עבדה	עבד	PAAL		3	Sing	Fem	עָבְדָה	עָבַד	226
1	יגמרו	גימר			3	Plur	Fem,Masc	יִגְמְרוּ	גִּימֵר	5
1	חיכו	חיכה	PAAL		3	Plur	Masc	חִיכּוּ	חִיכָּה	27
1	יסיים	סיים	HIFIL		3	Sing	Masc	יְסַיֵּים	סִּייֵּם	69
2	נסגר	נסגר	NIFAL		3	Sing	Masc	נִסְגַּר	נִסְגַּר	9
1	שאלה	שאל	PAAL		3	Sing	Fem	שְׁאֵלָה	שָׁאַל	111
2	הצביעה	הצביע	HIFIL		3	Sing	Fem	הִצְּבִיעָה	הִצְבִּיעַ	20
2	צעק	צעק	PAAL		3	Sing	Masc	צָּעַק	צָּעַק	3
1	להתקד	התקד	HITPAEL	Inf				לְהִתְקַד	הֶתְקֵד	1
2	מחברות	חיבר	PIEL	Part	3	Plur	Fem	מַחְבָּרוֹת	חִיבֵּר	13
1	השיקה	השיק	PIEL		3	Sing	Fem	הִשִּׁיקָה	הִשִּׁיק	2
1	אפשרה	אפשר	PIEL		3	Sing	Fem	אִפְשְׁרָה	אֶפְשָׁר	271
1	הפסיקה	הפסיק	HIFIL		3	Sing	Fem	הִפְּסִיקָה	הִפְסִיק	42
2	מאפשרים	איפשר	PIEL	Part	3	Plur	Masc	מְאַפְשְׁרִים	אִיפְשֵׁר	3
1	שיפרו	שיפר	PIEL		3	Plur	Masc	שִׁיפְּרוּ	שִׁיפָּר	15
1	להעדיף	העדיף	HIFIL	Inf				לְהַעֲדִיף	הֶעֱדִיף	19
2	ירדה	ירד	PAAL		3	Sing	Fem	יָרְדָה	יָרַד	48
3	נסגרה	נסגר	NIFAL		3	Sing	Fem	נִסְגְּרָה	נִסְגַּר	9
1	טייל	טייל	PAAL		3	Sing	Masc	טַיֵּיל	טַיֵּיל	25
1	לבנק	בינק	PAAL	Inf				לַבַּנְק	בַּיְנְק	1
2	הודיע	הודיע	HIFIL		3	Sing	Masc	הוֹדִיעַ	הוֹדִיעַ	6
2	נסגרת	נסגר	NIFAL	Part	3	Sing	Fem	נִסְגֶּרֶת	נִסְגַּר	9
1	שתמשתי	שתמש	PAAL		1	Sing	Masc	שֶׁתַָמַשְׁתִּי	שֶׁתָּמֵשׁ	1
7	מראה	הראה	HIFIL	Part	3	Sing	Masc	מַרְאֶה	הֶרְאָה	38
1	יסגרו	סגר			3	Plur	Fem,Masc	יִסְגְּרוּ	סֶּגֶּר	20
4	מסביר	הסביר	HIFIL	Part	3	Sing	Masc	מַסְבִּיר	הִסְבִּיר	51
1	לאפות	לאפות	PIEL	Inf				לֶאֱפוֹת	לֶאֱפוֹת	1
1	רשמו	רשם	PAAL		3	Plur	Masc	רָשְׁמוּ	רָשַׁם	6
1	צוחקים	צחק	PAAL	Part	3	Plur	Masc	צוֹחֲקִים	צָּחַק	15
3	צחקו	צחק	PAAL		3	Plur	Masc	צָּחֲקוּ	צָּחַק	15
1	התעקשו	התעקש	HIFIL		3	Plur	Masc	הִתְעַקְּשׁוּ	הִתְעַקֵּשׁ	3
2	התלבתה	התלבה	HITPAEL		3	Sing	Fem	הִתְלַבְּתָה	הִתְלַבָּה	2
1	שופט	שופט	PAAL	Part	3	Sing	Masc	שׁוֹפֵּט	שׁוֹפֵּט	1
1	יעיפו	העיף	HIFIL		3	Plur	Masc	יָעִיפוּ	הֵעִיף	3
1	אנשא	נשאא	PAAL		1	Sing	Masc	אַנְּשָׂא	נִשְׂאָא	1
1	נעמה	נעמה	PAAL		3	Sing	Fem	נַעֲמָה	נַעֲמָה	1
2	קופצת	קפץ	PAAL	Part	3	Sing	Fem	קוֹפֶֶצֶת	קָפַץ	28
1	מפורסמים	פורסם	PUAL	Part	1,2,3	Plur	Masc	מְפוּרְסָמִים	פּוּרְסַם	8
2	לספור	ספר	PAAL	Inf				לִסְפּוֹר	סֵפֶר	4
1	קפעה	קפע	PAAL		3	Sing	Fem	קָּפְעָה	קֶפַע	2
1	פכה	פכה	PAAL		3	Sing	Fem	פָּכָה	פָּכָה	2
1	ללוש	לש	PAAL	Inf				לָלוּשׁ	לָשׁ	1
1	גאה	גאה	PAAL	Part	1,2,3	Sing	Fem	גֵּאָה	גֵּאָה	2
1	העזה	העז	HIFIL		3	Sing	Fem	הָעַזָּה	הָעַז	3
1	מרתי	מר	PAAL		1	Sing	Masc	מַרְתִּי	מַר	1
5	זורחת	זרח	PAAL	Part	3	Sing	Fem	זוֹרַחַת	זֶּרַח	5
1	מכוון	כיוון	PIEL	Part	3	Sing	Masc	מְכַוֵּון	כִּיוּוּן	6
4	קבעו	קבע			3	Plur	Fem,Masc	קָּבְעוּ	קֶבַע	55
1	הבירה	הביר	HIFIL		3	Sing	Fem	הַבִּירָה	הַבִּיר	1
1	הופטעה	הופטע	HUFAL		3	Sing	Fem	הוּפְטְעָה	הוּפְטַע	6
1	מתייעץ	התייעץ	HITPAEL	Part	1,2,3	Sing	Masc	מִתְיַיעֵץ	הִתְיַיעֵץ	2
1	להתלבט	התלבט	HITPAEL	Inf				לְהִתְלַבֵּט	הִתְלַבֵּט	2
1	לעצות	עצה	PIEL	Inf				לַעֲצוֹת	עֵצָה	2
1	רצת	רצת	PAAL		3	Sing	Fem	רַצְתָּ	רַצְתָּ	1
1	תגעגע	געגע	PAAL		3	Sing	Masc	תְּגַעְגֵּעַ	גַּעְגַּע	2
2	גולשת	גלש	PAAL	Part	1,2,3	Sing	Fem	גּוֹלֶשֶׁת	גָּלַשׁ	2
1	להשתתק	השתתק	HITPAEL	Inf				לְהִשְׁתַתֵּק	הִשְׁתַתֵּק	2
1	סובבת	סבב	PAAL	Part	3	Sing	Fem	סוֹבֶבֶת	סַבָּב	2
1	לחייך	חייך	PAAL	Inf				לְחַיֵּיךְ	חִייֵּךְ	10
2	ציפתה	ציפה	PIEL		3	Sing	Fem	צִּיפְּתָה	צִּיפָּה	10
1	לה	לה	PAAL	Inf				לָהּ	לָהּ	1
1	מצטערת	הצטער	HITPAEL	Part	1,2,3	Sing	Fem	מִצְטַעֶרֶת	הִצְטַעֵר	5
5	צחק	צחק	PAAL		3	Sing	Masc	צָּחַק	צָּחַק	15
2	מרגיז	הרגיז	HIFIL	Part	3	Sing	Masc	מַרְגִּיז	הִרְגִּיז	6
2	לשתוק	שתק	PAAL	Inf				לִשְׁתוֹק	שָׁתַק	4
1	חצן	חצן	PAAL		3	Sing	Masc	חָצָן	חָצָן	1
1	מחקה	חיקה	PIEL	Part	3	Sing	Fem	מְחַקֶּה	חֵיקָה	6
3	ניפגש	נפגש	HIFIL		1	Plur	Masc	נִיפְגָּשׁ	נִפְגַּשׁ	31
1	דירגתם	דירג	PIEL		3	Plur	Masc	דֵּירַגְתֶּם	דִּירְג	12
1	יספרו	ספר	PIEL		3	Plur	Masc	יְסַפְּרוּ	סֵפֶר	4
2	מיועדת	יועד	PUAL	Part	3	Sing	Fem	מְיוֹעֶדֶת	יוֹעֵד	5
1	שעובדת	שעב	PAAL	Part	3	Sing	Fem	שֶׁעוֹבֶדֶת	שָׁעָב	2
1	להקלט	הקלט	HITPAEL	Inf				לְהִקְלֵט	הַקֶּלֶט	1
1	הקמת	הקמה	PAAL		3	Sing	Fem	הֲקָמַת	הֲקָמָה	1
1	משתמע	השתמע	HITPAEL	Part	1,2,3	Sing	Masc	מִשְׁתַּמֵּעַ	הִשְׁתַמֵּעַ	1
1	היקמת	היקם	PAAL		3	Sing	Fem	הִיקַּמְתְּ	הַיְּקָם	1
1	מנתה	מנה	PAAL		3	Sing	Fem	מָנְתָה	מָנָה	3
2	קפצה	קפץ	PAAL		3	Sing	Fem	קָּפְצָה	קָפַץ	28
1	לכיף	הכיף	PAAL	Inf				לְכֵּיְף	הַכֵּיְף	1
1	פתחתם	פתח	PAAL		1	Plur	Masc	פְּתַחְתֶם	פֶּתַח	77
2	חווה	חווה	PAAL	Part	1	Sing	Masc	חַוָּוָה	חַוָּוָה	14
1	מזהה	זיהה	PIEL	Part	1	Sing	Masc	מְזַהֶה	זִיהָה	3
4	שעולים	שעל	PAAL	Part	3	Plur	Masc	שֶׁעוֹלִים	שֶׁעַל	5
1	מעניינים	עניין	HIFIL	Part	3	Plur	Masc	מְעַנְיְינִים	עִנְיָין	31
3	מעסיק	מעסיק	PIEL	Part	1,2,3	Sing	Masc	מַעֲסִיק	מַעֲסִיק	3
1	התמודדת	התמודד	HITPAEL		1	Sing	Masc	הִתְמוֹדַדְתָּ	הִתְמוֹדֵד	20
1	מעניינת	עניין	HIFIL	Part	1,2,3	Sing	Fem	מְעַנְיֶינֶת	עִנְיָין	31
1	התייחסתי	התייחס	HITPAEL		1	Sing	Masc	הִתְיַיחַסְתִּי	הִתְיַיחֵס	32
1	עלית	עלה	PAAL		2	Sing	Masc	עָלִית	עָלָה	147
2	מתכוונת	התכוון	HITPAEL	Part	1,2,3	Sing	Fem	מִתְכַּוֶּונֶת	הִתְכַוֵּון	26
1	שראיתי	שרא	HIFIL		1	Sing	Masc	שֶׁרָאִיתִי	שֶׁרָא	5
2	מתקבלים	התקבל	HITPAEL	Part	3	Plur	Masc	מִתְקַבְּלִים	הִתְקַבֵּל	10
1	קולטת	קלט	PAAL	Part	1	Sing	Fem	קוֹלֶטֶת	קֶלֶט	11
1	צולח	צולח	PAAL	Part	3	Sing	Masc	צוֹלֵחַ	צוֹלֵחַ	1
1	נחסם	נחסם	NIFAL	Part	3	Sing	Masc	נֶחְסַם	נֶחְסַם	2
1	תוחכה	תוחך	PUAL		3	Sing	Fem	תּוּחְכָּה	תּוֹחֵךְ	1
2	עונים	ענה	PAAL	Part	3	Plur	Masc	עוֹנִים	עָנָה	18
1	ידברו	דיבר			3	Plur	Fem,Masc	יְדַבְּרוּ	דִּיבֵּר	359
1	יתענו	יתע	PAAL		3	Plur	Masc	יִתְעַנּוּ	יֶתַע	1
2	משמיעים	השמיע	HIFIL	Part	3	Plur	Masc	מַשְׁמִיעִים	הִשְׁמִיעַ	8
1	סופגים	ספג	PAAL	Part	3	Plur	Masc	סוֹפְגִים	סָּפָג	1
1	התגברה	התגבר	HITPAEL		3	Sing	Fem	הִתְגַּבְּרָה	הִתְגַּבֵּר	5
1	התעצמה	התעצם	HITPAEL		3	Sing	Fem	הִתְעַצְּמָה	הִתְעַצֵּם	3
1	משתפר	השתפר	HITPAEL	Part	3	Sing	Masc	מִשְׁתַּפֵּר	הִשְׁתַפֵּר	10
1	פותרים	פתר	PAAL	Part	3	Plur	Masc	פּוֹתְרִים	פֶּתֶר	7
1	מטריד	הטריד	HIFIL	Part	3	Sing	Masc	מַטְרִיד	הִטְרִיד	7
1	יעניין	עניין	HIFIL		3	Sing	Masc	יְעַנְיֵין	עִנְיָין	31
1	שיפיצו	שפיץ	HIFIL		3	Plur	Masc	שִׁיפִּיצוּ	שָׁפִיץ	1
1	כולי	כול	PAAL	Part	1	Sing	Masc	כּוּלִּי	כּוֹל	1
3	לספק	סיפק	PIEL	Inf				לְסַפֵּק	סִּיפֵּק	9
2	עליתי	עלה	PAAL		1	Sing	Masc	עָלִיתִי	עָלָה	147
5	תגידי	הגיד	PAAL		1	Sing	Masc	תַּגִּידִי	הִגִּיד	234
3	שקורים	שקר	PAAL	Part	3	Plur	Masc	שְׁקוּרִים	שֶׁקֶר	5
1	עניינת	עניין	PAAL	Part	3	Sing	Fem	עִנְיֶינֶת	עִנְיָין	31
1	מצרפת	צירף	PIEL	Part	1,2,3	Sing	Fem	מִצָּרְפַת	צֵּיְרֵף	3
1	מתוחים	התח	HITPAEL	Part	3	Plur	Masc	מְתוּחִים	הֶתַּחַ	1
1	לסייע	סייע	PIEL	Inf				לְסַיֵּיעַ	סִּייֵּעַ	2
1	להעזר	העזר	HIFIL	Inf				לְהֶעָזֵר	הָעֵזֶר	1
2	לשלב	שילב	PIEL	Inf				לְשָׁלָב	שִׁילֵב	3
4	נשמח	נשמח	PAAL		1	Plur	Masc	נִשְׂמַח	נִשְׂמַח	4
1	למוד	מד	PAAL		3	Sing	Masc	לָמוּד	מַד	2
1	תסתכלו	הסתכל	HIFIL		1	Plur	Masc	תִּסְתַכְּלוּ	הִסְתַּכֵּל	61
2	שעשה	שעש	PAAL		3	Sing	Masc	שֶׁעָשָׂה	שַׁעַשׁ	5
1	נכיר	הכיר	HIFIL		1	Plur	Masc	נַכִּיר	הִכִּיר	141
1	עזבת	עזב	PAAL		2	Sing	Masc	עָזַבְתָּ	עָזַב	32
1	התחתנו	התחתן	HITPAEL		1	Plur	Masc	הִתְחַתְּנוּ	הִתְחַתֵּן	18
1	קמנו	קמן	PAAL		1	Plur	Masc	קַמְנוּ	קָמָן	1
1	התנקדו	התנקד	HITPAEL		3	Plur	Masc	הִתְנַקְּדוּ	הִתְנַקֵּד	1
1	ירגע	רגע	PAAL		3	Sing	Masc	יִרְגַּע	רֶגַע	1
2	נעלה	העלה	HITPAEL		1	Plur	Masc	נַעֲלֶה	הֶעֱלָה	27
1	נבוא	בא	PAAL		1	Plur	Masc	נָבוֹא	בָּא	264
2	מחזק	חיזק	PIEL	Part	1,2,3	Sing	Masc	מְחַזֵּק	חִיזֵּק	15
1	מתרחק	התרחק	HITPAEL	Part	3	Sing	Masc	מִתְרַחֵק	הִתְרַחֵק	3
4	שמת	שם	PAAL		3	Plur	Masc	שֶׁמֵת	שָׁם	79
1	התרחקו	התרחק	HITPAEL		3	Plur	Masc	הִתְרַחֲקוּ	הִתְרַחֵק	3
1	מתחזקת	התחזק	HITPAEL	Part	1,2,3	Sing	Fem	מִתְחַזֶּקֶת	הִתְחַזֵּק	4
1	מובד	הובד	PAAL	Part	3	Sing	Masc	מוּבָּד	הוּבַּד	1
1	נעים	נע	PAAL	Part	3	Sing	Masc	נָעִים	נָע	3
1	להפתיע	הפתיע	HIFIL	Inf				לְהַפְתִּיעַ	הִפְתִּיעַ	4
1	עוצר	עוצר	PAAL	Part	3	Sing	Masc	עוֹצֵר	עוֹצֵר	1
1	מונית	מונית	PAAL	Part	2	Sing	Masc	מוֹנִית	מוֹנִית	1
2	התקשר	התקשר	HITPAEL		3	Sing	Masc	הִתְקַשֵּׁר	הִתְקַשֵּׁר	26
1	להסמין	הסמין	HIFIL	Inf				לְהַסְמִין	הִסְמִין	1
1	שיכול	שיכל	PAAL	Part	3	Sing	Masc	שֶׁיָּכוֹל	שֶׁיָּכֹל	1
3	הכרנו	הכיר	HIFIL		1	Plur	Masc	הִכַּרְנוּ	הִכִּיר	141
1	להתיישב	התיישב	HITPAEL	Inf				לְהִתְיַישֵּׁב	הִתְיַישֵּׁב	8
1	מובילה	הוביל	HIFIL	Part	1,2,3	Sing	Fem	מוֹבִילָה	הוֹבִיל	12
1	מובילים	הוביל	HIFIL	Part	3	Plur	Masc	מוֹבִילִים	הוֹבִיל	12
1	להתרעיין	התרעיין	HITPAEL	Inf				לְהִתְרַעְיֵין	הַתַּרְעַיְין	2
6	שבו	שב	PAAL		3	Plur	Masc	שֶׁבּוֹ	שָׁב	17
1	נארח	נארח	HITPAEL		1	Plur	Masc	נֶאֱרַח	נֶאֱרַח	1
1	נושמים	נשם	PAAL	Part	3	Plur	Masc	נוֹשְׁמִים	נָשְַׁם	3
1	מתמכה	התמכה	HITPAEL	Part	3	Sing	Fem	מַתְמְכָה	הִתְמַכָּה	1
1	התלבשו	התלבש	HITPAEL		1	Plur	Fem,Masc	הִתְלַבְּשׁוּ	הִתְלַבֵּשׁ	3
1	שיגע	שיגע	PIEL		3	Sing	Masc	שִׁיגֵּעַ	שִׁיגֵּעַ	1
1	עסקו	עסק	PAAL		3	Plur	Masc	עָסְקוּ	עֵסֶק	36
1	לבושה	לבוש	PAAL	Part	3	Sing	Fem	לְבוּשָׁה	לְבוּשׁ	1
1	נשאנת	נשאן	NIFAL	Part	3	Sing	Fem	נִשְׁאֶנֶת	נִשְׁאָן	1
1	כיסו	כיסה	PIEL		3	Plur	Masc	כִּיסוֹ	כִּיסָה	9
2	תצליחו	הצליח	HIFIL		3	Plur	Masc	תַּצְלִיחוּ	הִצְלִיחַ	128
1	מואבוא	הואבוא	PAAL	Part	3	Sing	Masc	מוֹאָבוֹא	הוֹאָבוֹא	1
1	תוציאו	הוציא	HIFIL		1	Plur	Masc	תּוֹצִיאוּ	הוֹצִיא	62
6	לכסות	כיסה	PIEL	Inf				לְכַסּוֹת	כִּיסָה	9
1	התחתנה	התחתן	HITPAEL		3	Sing	Fem	הִתְחַתְּנָה	הִתְחַתֵּן	18
1	אוכלה	אוכל	PAAL	Part	1	Sing	Fem	אוֹכְלָה	אוֹכֶל	10
1	תבלה	בילה	PAAL		3	Sing	Fem	תָּבְלָה	בִּילָה	3
1	יחשיבו	החשיב	HIFIL		3	Plur	Masc	יַחֲשִׁיבוּ	הֶחֱשִׁיב	1
1	עציק	העציק	PAAL		3	Sing	Masc	עָצִיק	הֶעֱצִיק	1
1	החלב	החלב	PAAL		3	Sing	Masc	הֶחָלָב	הֶחָלָב	1
2	מקשות	הקשה	HIFIL	Part	1,2,3	Plur	Fem	מַקָּשׁוֹת	הַקָּשֶׁה	6
1	נדרשים	נדרש	NIFAL	Part	3	Plur	Masc	נִדְרָשִׁים	נִדְרָשׁ	2
1	חגו	חגה	PAAL		3	Sing	Masc	חַגּוֹ	חַגָּה	1
2	השתדרג	השתדרג	HITPAEL		3	Sing	Masc	הִשְׁתַדְרֵג	הִשְׁתַדְרֵג	3
1	נוספ	נספ	PAAL		3	Sing	Masc	נוֹסָפ	נַסְפּ	1
1	התעסקנו	התעסק	HITPAEL		3	Plur	Masc	הִתְעַסַּקְנוּ	הִתְעַסֵּק	20
2	נפגש	נפגש	NIFAL		3	Sing	Masc	נִפְגַּשׁ	נִפְגַּשׁ	31
2	בונה	בנה	PAAL	Part	3	Sing	Masc	בּוֹנֶה	בְּנָהּ	21
1	נערכת	נערך	NIFAL	Part	3	Sing	Fem	נֶעֱרֶכֶת	נֶעֱרַךְ	10
1	משתדריגים	השתדריג	HITPAEL	Part	3	Plur	Masc	מִשְׁתַדְרִיגִים	הִשְׁתַדְרִיג	1
1	להשתדרג	השתדרג	HITPAEL	Inf				לְהִשְׁתַדְרֵג	הִשְׁתַדְרֵג	3
2	לשמח	שימח	PIEL	Inf				לַשַּׂמַח	שְִׂיַמֵּחַ	4
1	לקלה	לקל	PIEL	Inf				לְקַלָּה	לְקַל	1
1	הריך	הריך	PAAL		3	Sing	Masc	הָרִיךְ	הָרִיךְ	1
1	לג	לג	PAAL	Part	1	Sing	Masc	לֵג	לֵג	1
1	לקפה	לקף	PAAL	Inf				לְקָפֶה	לָקַף	2
1	יעז	יעז	HIFIL		3	Sing	Masc	יָעֵז	יָעֵז	1
1	ישרוף	שרף	PAAL		3	Sing	Masc	יִשְׂרוֹף	שַּׁרְף	1
1	ניצל	ניצל	PIEL		3	Sing	Masc	נִיצֵּל	נִיצֵּל	16
3	הסתכלו	הסתכל	HITPAEL		3	Plur	Fem,Masc	הִסְתַכְּלוּ	הִסְתַּכֵּל	61
1	שמעתים	שמע	PAAL	Part	3	Plur	Masc	שְׁמַעְתִּים	שָׁמַע	173
1	ניסאתי	ניסא	PAAL		1	Sing	Masc	נִיסֵּאתִי	נִיסָּא	1
1	להוביל	הוביל	HIFIL	Inf				לְהוֹבִיל	הוֹבִיל	12
1	מחויב	חויב	PAAL	Part	1,2,3	Sing	Masc	מְחוּיָּב	חוֹיֵב	1
1	הוזמנתי	הוזמן	HITPAEL		1	Sing	Masc	הוּזְמַנְתִּי	הוּזְמַן	2
1	מוזמן	הוזמן	PUAL	Part	1,2,3	Sing	Masc	מוּזְמָן	הוּזְמַן	2
1	מגזים	הגזים	HIFIL	Part	1	Sing	Masc	מָגָזִים	הַגָּזִים	4
1	כמוה	כמו	PAAL	Part	3	Sing	Fem	כָּמוֹהָ	כְּמוֹ	1
1	אוסף	אוסף	PAAL	Part	3	Sing	Masc	אוֹסֶף	אוֹסֶף	1
3	נולדו	נולד	NIFAL		3	Plur	Masc	נוֹלְדוּ	נוֹלַד	29
3	מתחתנים	התחתן	HITPAEL	Part	3	Plur	Masc	מִתְחַתְּנִים	הִתְחַתֵּן	18
2	להפיק	הפיק	HIFIL	Inf				לְהָפִיק	הֵפִיק	4
1	חיפשה	חיפש	PIEL		3	Sing	Fem	חִיפְּשָׂה	חִיפֵּשׂ	60
1	התגלגלה	התגלגל	HITPAEL		3	Sing	Fem	הִתְגַּלְגְּלָה	הִתְגַּלְגֵּל	9
1	שילווה	שילווה	PIEL		3	Sing	Masc	שִׁילְוָוה	שִׁילְוָוה	1
2	תייקר	ייקר	PAAL		3	Sing	Masc	תַּיְיקֶר	יַּיְקֶר	3
1	נעשים	נעשה	NIFAL	Part	3	Plur	Masc	נַעֲשִׂים	נַעֲשָׂה	23
5	לדייק	דייק	PIEL	Inf				לְדַיֵּיק	דַּיְיק	5
1	מתחלק	התחלק	HITPAEL	Part	3	Sing	Masc	מִתְחַלֵק	הִתְחַלֵּק	5
1	פר	פר	PAAL		3	Sing	Masc	פָּר	פָּר	1
2	הקפיצו	הקפיץ	HIFIL		3	Plur	Masc	הִקְפִּיצוּ	הִקְפִּיץ	2
1	תחלק	חילק	PAAL		3	Sing	Masc	תֵּחָלֵק	חִילֵּק	17
5	יוצר	יצר	PAAL	Part	3	Sing	Masc	יוֹצֵר	יָצַר	53
1	יזמין	הזמין	HIFIL		3	Sing	Masc	יַזְמִין	הִזְמִין	43
1	נפגעו	נפגע	NIFAL		3	Plur	Masc	נִפְגְּעוּ	נִפְגַּע	9
2	התייקר	התייקר	HIFIL		3	Sing	Masc	הִתְיַיקֵּר	הִתְיַיקֵּר	2
1	מייקרות	ייקר	PIEL	Part	3	Plur	Fem	מַיְיקְרוֹת	יַּיְקֶר	3
1	תעשי	עשה	PAAL		2	Sing	Masc	תַּעֲשִִׂי	עָשָׂה	760
3	מתגבר	התגבר	HITPAEL	Part	3	Sing	Masc	מִתְגְַבֵּר	הִתְגַּבֵּר	5
1	משוגע	משוגע	PUAL	Part	1,2,3	Sing	Masc	מְשׁוּגָּע	מְשׁוּגָּע	1
1	משווים	שיווה	HIFIL	Part	3	Plur	Masc	מַשְׁוִוים	שִׁיוָוה	1
1	ארגנת	ארגן	PIEL		2	Sing	Masc	אִרְגֶּנֶת	אִרְגֵּן	10
2	נותנות	נתן	PAAL	Part	3	Plur	Fem	נוֹתְנוֹת	נָתָן	147
1	שאומרים	שאמים	PAAL	Part	3	Plur	Masc	שֶׁאוֹמְרִים	שְׁאֵמִים	1
2	נעצר	נעצר	NIFAL		3	Sing	Masc	נֶעֱצַר	נֶעֱצַר	5
1	מתפוצץ	התפוצץ	HITPAEL	Part	3	Sing	Masc	מִתְפּוֹצֵץ	הִתְפּוֹצֵץ	5
1	מתכנ	תיכן	PIEL	Part	3	Sing	Masc	מַתְכֶּנ	תִּיכֶן	1
1	יציץ	הציץ	PAAL		3	Sing	Masc	יָצִיץ	הֵצִיץ	3
1	יגלה	גילה	PAAL		3	Sing	Masc	יְגַלֶּה	גִּילָה	37
1	כותבות	כתב	PAAL	Part	3	Plur	Fem	כּוֹתְבוֹת	כָּתַב	69
1	תאמיני	האמין	PAAL		1	Plur	Masc	תַּאֲמִינִי	הֶאֱמִין	26
1	התחתנתי	התחתנה	HITPAEL		1	Sing	Masc	הִתְחַתַּנְתִּי	הִתְחַתְּנָה	1
1	מלחיץ	הלחיץ	HIFIL	Part	3	Sing	Masc	מַלְחִיץ	הִלְחִיץ	1
1	לקלות	לקלות	PIEL	Inf				לְקַלּוּת	לְקַלּוּת	1
2	תברחו	ברח	PAAL		1	Plur	Masc	תִּבָרְחוּ	בָּרַח	17
1	שאמרת	שאמר	PAAL		1	Sing	Masc	שֶׁאָמַרְתָּ	שֶׁאָמַר	1
1	מתחתן	התחתן	HITPAEL	Part	1,2,3	Sing	Masc	מְתַחְתָּן	הִתְחַתֵּן	18
2	תדמיין	דמיין	HIFIL		2	Sing	Masc	תְּדַמְיֵין	דִּמְיֵין	12
1	מתייעצת	התייע	HITPAEL	Part	1,2,3	Sing	Fem	מִתְיַיעֶצֶת	הִתְיַיעַ	2
1	כותבת	כתב	PIEL	Part	1,2,3	Sing	Fem	כּוֹתֶבֶת	כָּתַב	69
1	מחפשת	חיפש	PIEL	Part	1,2,3	Sing	Fem	מְחַפֶּשֶׂת	חִיפֵּשׂ	60
1	הכלה	הכל	PAAL		3	Sing	Fem	הַכַּלָּה	הַכֹּל	3
1	מציעים	הציע	PIEL	Part	3	Plur	Masc	מַצִּיעִים	הִצִּיעַ	33
1	טורפת	טרף	PAAL	Part	1,2,3	Sing	Fem	טוֹרֶפֶת	טֶּרֶף	1
1	מכניסה	הכניס	PIEL	Part	1,2,3	Sing	Fem	מַכְנִיסָה	הִכְּנִיס	40
1	סולדת	סלד	PAAL	Part	3	Sing	Fem	סוֹלֶדֶת	סֶּלֶד	2
1	לסלוד	סלד	PAAL	Inf				לִסְלוֹד	סֶּלֶד	2
6	בואי	בא	PAAL		2	Sing	Masc	בּוֹאִי	בָּא	264
1	מפיקה	הפיק	PIEL	Part	1,2,3	Sing	Fem	מְפִּיקָה	הֵפִיק	4
1	יוויתי	יווית	PAAL		1	Sing	Masc	יָוִויתִי	יָוִוית	1
3	שמגיעים	שמיע	PAAL	Part	3	Plur	Masc	שֶׁמַגִּיעִים	שְַׁמִיעַ	3
3	יעדיפו	העדיף	HIFIL		3	Plur	Masc	יַעֲדִיפוּ	הֶעֱדִיף	19
1	להוזיל	הוזיל	HIFIL	Inf				לְהוֹזִיל	הוֹזִיל	1
1	תסבירי	הסביר	HIFIL		1	Sing	Masc	תַּסְבִּירִי	הִסְבִּיר	51
1	קריאתי	קריא	PAAL		1	Sing	Masc	קְרִיאָתִי	קָּרִיא	1
1	לרגש	ריגש	PIEL	Inf				לְרֶגֶשׁ	רִּיגֵּשׁ	3
1	נוגעת	נגע	PAAL	Part	3	Sing	Fem	נוֹגַעַת	נָגַע	24
4	התגלגלתי	התגלגל	HITPAEL		1	Sing	Masc	הִתְגַּלְגַּלְתִּי	הִתְגַּלְגֵּל	9
1	חיתנתי	חיתן	PIEL		1	Sing	Masc	חִיתַּנְתִּי	חִיתָּן	1
2	ניגשים	ניגש	NIFAL	Part	3	Plur	Masc	נִיגְּשִׁים	נִיגַּשׁ	7
3	מתרגשת	התרגש	HITPAEL	Part	1,2,3	Sing	Fem	מִתְרַגֶּשֶׁת	הִתְרַגֵּשׁ	18
1	חולמת	חלם	PAAL	Part	1	Sing	Fem	חוֹלֶמֶת	חָלַם	10
1	להיראות	נראה	NIFAL	Inf				לְהֵירָאוֹת	נִרְאֶה	83
1	מרגש	ריגש	PIEL	Part	1,2,3	Sing	Masc	מְרַגֵּשׁ	רִּיגֵּשׁ	3
1	מצליחות	הצליח	HIFIL	Part	1,2,3	Plur	Fem	מַצְלִיחוֹת	הִצְלִיחַ	128
2	מלווים	מלווה	PIEL	Part	3	Plur	Masc	מְלַוִּוים	מְלַוֶּוה	2
2	מצונן	צונן	PAAL	Part	1	Sing	Masc	מְצוּנָּן	צוֹנֵן	2
1	מתעקשים	התעקש	HITPAEL	Part	3	Plur	Masc	מִתְעַקְּשִׁים	הִתְעַקֵּשׁ	3
1	התגעגעה	התגעגע	HITPAEL		3	Sing	Fem	הִתְגְַעַגְּעָה	הִתְגְַעְגֵּעַ	7
1	מציאה	מציאה	PAAL	Part	3	Sing	Fem	מְצִיאָה	מְצִיאָה	1
1	מוצגים	הוצג	HUFAL	Part	3	Plur	Masc	מוּצָּגִים	הוּצַּג	1
1	צדו	צדה	PAAL		3	Plur	Masc	צִּדּוֹ	צִּדָּה	1
2	לטלוט	טלט	PAAL	Inf				לִטְלוֹט	טַלְט	2
1	תקובל	קובל	NIFAL		3	Sing	Masc	תְּקוֹבֵל	קוֹבֶּל	1
1	למקום	מקם	PAAL	Inf				לַמָּקוֹם	מַקֵּם	1
1	להצדיק	הצדיק	HIFIL	Inf				לְהַצְדִּיק	הִצַּדִּיק	1
6	נתנו	נתן	PAAL		3	Plur	Masc	נָּתְנוּ	נָתָן	147
1	הוכלפו	הוכלף	HUFAL		3	Plur	Masc	הוּכְלְפוּ	הוּכְלַף	1
1	מתנדנדים	התנדנד	HITPAEL	Part	3	Plur	Masc	מִתְנַדְנְדִים	הִתְנַדְנֵד	1
1	שהוכ	שהוכ	PAAL		3	Sing	Masc	שֶׁהוּכ	שֶׁהוּכ	1
1	הוחלפו	הוחלף	HUFAL		3	Plur	Masc	הוּחְלְפוּ	הוּחְלַף	1
4	שבר	שבר	PAAL		3	Sing	Masc	שֶׁבֶר	שֶׁבֶר	16
1	נשען	נשען	NIFAL	Part	3	Sing	Masc	נִשְׁעָן	נִשְׁעָן	1
1	מעודק	עודק	PIEL	Part	1,2,3	Sing	Masc	מְעוּדָּק	עוֹדֶק	1
1	השתגעה	השתגע	HITPAEL		3	Sing	Fem	הִשְׁתַגְּעָה	הִשְׁתַגֵּעַ	5
1	נדבקה	נדבק	NIFAL		3	Sing	Fem	נִדְבְּקָה	נִדְבָּק	4
1	הודיעו	הודיע	HIFIL		3	Plur	Masc	הוֹדִיעוּ	הוֹדִיעַ	6
1	מחזירים	החזיר	HIFIL	Part	3	Plur	Masc	מַחֲזִירִים	הֶחֱזִיר	29
1	כועסים	כעס	PAAL	Part	1,2,3	Plur	Masc	כּוֹעֲסִים	כַּעַס	6
1	חריח	חריח	PAAL	Part	3	Sing	Masc	חָרִיחַ	חָרִיחַ	1
1	חטפה	חטף	PAAL		3	Sing	Fem	חָטְפָה	חָטַף	6
1	החליפה	החליף	HIFIL		3	Sing	Fem	הַחֲלִיפָה	הֶחֱלִיף	23
1	עיצבו	עיצב	PIEL		3	Plur	Fem,Masc	עִיצְּבוּ	עִיצֵּב	5
1	חטפו	חטף	PAAL		3	Plur	Masc	חָטְפוּ	חָטַף	6
3	תנסו	ניסה	HIFIL		1	Plur	Masc	תְּנַסּוּ	נִיסָּה	85
2	תלכו	תלך	PAAL		1	Plur	Masc	תֵּלְכוּ	תֵּלֵךְ	2
1	תתפשרו	התפשר	PAAL		3	Plur	Masc	תִּתְפַשְּׁרוּ	הִתְפַשֵּׁר	2
1	תבקשו	בבקש	HIFIL		1	Plur	Masc	תְּבַקְּשׁוּ	בְּבַקֵּשׁ	1
1	תעזבו	עזב	PAAL		2	Plur	Masc	תַּעַזְבוּ	עָזַב	32
2	תעלו	תעלה	PAAL		2	Plur	Masc	תַּעֲלוּ	תַּעֲלֶה	2
1	תטוס	טס	PAAL		3	Sing	Masc	תָּטוּס	טָס	18
5	חזור	חזר	PAAL		3	Sing	Masc	חֲזוֹר	חָזַר	175
1	נחתה	נחת	PAAL		3	Sing	Fem	נָחֲתָה	נַחַת	1
1	סתובבה	סתבב	PAAL	Part	3	Sing	Fem	סְתוֹבְבָה	סִתְבַּב	3
1	הופטעו	הופטע	HUFAL		3	Plur	Masc	הוּפְטְעוּ	הוּפְטַע	6
2	טעמה	טעם	PAAL		3	Sing	Fem	טַעְמָהּ	טַעַם	4
1	צדקתי	צדק	PAAL		1	Sing	Masc	צָּדַקְתִּי	צֶּדֶק	7
2	פועלות	פעל	PAAL	Part	3	Plur	Fem	פּוֹעֲלוֹת	פָּעַל	29
5	טסה	טסה	PAAL		3	Sing	Fem	טָּסָה	טָּסָה	8
1	מלקחת	ליקח	PIEL	Inf				מִלְקַחַת	לִיקַּח	1
1	קפצתי	קפץ	PAAL		1	Sing	Masc	קָפַצְתִּי	קָפַץ	28
3	עסוק	עסק	PAAL	Part	3	Sing	Masc	עָסוּק	עֵסֶק	36
1	משוגעת	שוגע	PAAL	Part	1,2,3	Sing	Fem	מְשׁוּגַּעַת	שׁוֹגֵעַ	3
1	יכלה	יכל	PAAL		3	Sing	Fem	יָכְלָה	יָכֹל	9
1	מתגלגלים	התגלגל	HITPAEL	Part	3	Plur	Masc	מִתְגַּלְגְּלִים	הִתְגַּלְגֵּל	9
1	מעתיקים	העתיק	PIEL	Part	3	Plur	Masc	מַעְתִּיקִים	הָעַתִּיק	3
3	לחקור	חקר	PAAL	Inf				לַחֲקוֹר	חֵקֶר	4
1	צומכים	צמך	PAAL	Part	3	Plur	Masc	צוֹמְכִים	צַּמְךָ	2
1	הכין	הכין	HIFIL		3	Sing	Masc	הֵכִין	הֵכִין	59
1	מודדים	הודד	PAAL	Part	3	Plur	Masc	מוֹדְדִים	הוֹדֵד	3
1	להתלפים	התלפים	HITPAEL	Inf				לְהִתְלַפִּים	הִתְלַפִּים	1
3	לצחוק	צחק	PAAL	Inf				לִצְחוֹק	צָּחַק	15
1	מעניקים	העניק	HIFIL	Part	3	Plur	Masc	מַעֲנִיקִים	הֶעֱנִיק	2
1	הדפיסו	הדפיס	HIFIL		3	Plur	Masc	הִדְפִּיסוּ	הִדְפִּיס	4
2	חילקו	חילק	PIEL		3	Plur	Masc	חִילְּקוּ	חִילֵּק	17
2	נעזוב	עזב	HIFIL		1	Plur	Masc	נַעֲזוֹב	עָזַב	32
1	מבשילים	הבשיל	HIFIL	Part	3	Plur	Masc	מַבְשִׁילִים	הִבְשִׁיל	2
3	מפרקים	פירק	PIEL	Part	3	Plur	Masc	מְפָרְקִים	פֵּיְרְק	61
1	מבשיל	הבשיל	HITPAEL	Part	1,2,3	Sing	Masc	מַבְשִׁיל	הִבְשִׁיל	2
1	מעיפים	העיף	HIFIL	Part	1	Plur	Masc	מְעִיפִים	הֵעִיף	3
1	מסתדרות	הסתדר	HITPAEL	Part	3	Plur	Fem	מִסְתַדְּרוֹת	הִסְתַדֵּר	21
1	התלף	התלף	PAAL		3	Sing	Masc	הֶתְלֵף	הֶתְלֵף	1
1	להתלפי	התלפי	HITPAEL	Inf				לְהִתְלַפִּי	הַתַּלְפִּי	1
1	הכנסנו	הכניס	HIFIL		1	Plur	Masc	הִכְנַסְנוּ	הִכְּנִיס	40
1	לנוות	לנוות	PAAL	Inf				לְנַוּוֹת	לְנַוּוֹת	1
1	עפים	עפה	PAAL	Part	3	Plur	Masc	עָפִים	עָפָה	4
5	מאבדים	איבד	PIEL	Part	1	Plur	Masc	מְאַבְּדִים	אִיבֵּד	12
2	משחק	שיחק	PIEL	Part	3	Sing	Masc	מִשְׂחָק	שִִׂיחֵק	12
1	נזכור	זכר	HIFIL		1	Plur	Masc	נִזְכּוֹר	זֵכֶר	66
1	כיתבו	כיתב	PAAL		1	Plur	Masc	כִּיתְּבוּ	כִּיתֵּב	1
1	איבדו	איבד	PIEL		3	Plur	Masc	אִיבְּדוּ	אִיבֵּד	12
5	מסיים	סיים	PIEL	Part	2	Sing	Masc	מְסַיֵּים	סִּייֵּם	69
1	סללו	סלל	PAAL		3	Plur	Masc	סָּלְלוּ	סָּלָל	1
1	חיברו	חיבר	PIEL		3	Plur	Masc	חִיבְּרוּ	חִיבֵּר	13
1	טיפלו	טיפל	PIEL		3	Plur	Masc	טִּיפְּלוּ	טִיפֵּל	13
1	חלו	חל	PAAL		3	Plur	Masc	חָלוּ	חָל	5
1	הפריע	הפריע	HIFIL		3	Sing	Masc	הִפְרִיעַ	הִפְרִיעַ	13
1	ליישב	יישב	PIEL	Inf				לְיַישֵּׁב	יִישֵּׁב	1
1	חיועז	חיועז	PAAL		3	Sing	Masc	חִיּוֹעַז	חִיּוֹעַז	1
1	תדמיינו	דדמיין	HIFIL		1	Plur	Masc	תְּדַמְיְינוּ	דֶּדְמַיְין	1
1	נאסתה	נאס	NIFAL		3	Sing	Fem	נֶאֶסְתָה	נָאַס	1
1	מפטר	פיטר	HIFIL	Part	1,2,3	Sing	Masc	מְפַטֵּר	פִּיטֵר	1
1	מפסיק	הפסיק	HIFIL	Part	1,2,3	Sing	Masc	מַפְסִיק	הִפְסִיק	42
3	יקבלו	קיבל			3	Plur	Fem,Masc	יְקַבְּלוּ	קִיבֵּל	245
1	ינצל	ניצל	PAAL		3	Sing	Masc	יְנַצֵּל	נִיצֵּל	16
1	ירמה	ירם	PAAL		3	Sing	Masc	יָרְמָה	יָרָם	1
3	שיתפו	שיתף	PIEL		3	Plur	Masc	שִׁיתְּפוּ	שִׁיתֵּף	18
1	נוצרו	נוצר	NIFAL		3	Plur	Masc	נוֹצְרוּ	נוֹצַר	17
1	נקראו	נקרא	NIFAL		3	Plur	Masc	נִקְרְאוּ	נִקְרָא	101
2	להבדיל	הבדיל	HIFIL	Inf				לְהַבְּדִיל	הִבְדִּיל	3
1	לשכפל	שכפל	HIFIL	Inf				לְשַׁכְפֵּל	שִׁכְפֵּל	1
1	התמודדו	התמודד	HITPAEL		3	Plur	Fem,Masc	הִתְמוֹדְדוּ	הִתְמוֹדֵד	20
1	דאגו	דאג	PAAL		3	Plur	Masc	דָּאֲגוּ	דָּאַג	41
3	בנו	בנה	PAAL		3	Plur	Masc	בְּנוּ	בְּנָהּ	21
1	השקיעו	השקיע	HIFIL		3	Plur	Masc	הִשְׁקִיעוּ	הִשְׁקִיעַ	8
3	נחשבו	נחשב	NIFAL		3	Plur	Fem	נֶחְשְׁבוּ	נֶחֱשָׁב	40
1	החלישו	החליש	HIFIL		3	Plur	Masc	הֶחֱלִישׁוּ	הֶחָלִישׁ	3
1	לקצץ	קיצץ	PIEL	Inf				לְקַצֵּץ	קִּיצֵּץ	1
2	להתפתח	התפתח	HITPAEL	Inf				לְהִתְפַּתֵּחַ	הִתְפַתֵּחַ	7
1	פוגעות	פגע	PAAL	Part	3	Plur	Fem	פּוֹגְעוֹת	פָּגַע	36
1	למחוק	מחק	PIEL	Inf				לִמְחוֹק	מָחַק	3
1	להרבה	הרבה	PAAL	Inf				לְהַרְבֵּה	הַרְבֵּה	1
1	להתייצב	התייצב	HITPAEL	Inf				לְהִתְיַיצֵּב	הִתְיַיצֵּב	1
2	כעסו	כעס	PAAL		3	Plur	Masc	כַּעֲסוֹ	כַּעַס	6
1	להתחזק	התחזק	HITPAEL	Inf				לְהִתְחַזֵּק	הִתְחַזֵּק	4
1	דחפו	דחף	PAAL		3	Plur	Fem,Masc	דָּחֲפוּ	דַּחַף	12
1	להתחדש	התחדש	HITPAEL	Inf				לְהִתְחַדֵּשׁ	הִתְחַדֵּשׁ	1
2	התאימו	התאים	HIFIL		3	Plur	Masc	הִתְאִימוּ	הִתְאִים	34
3	התאים	התאים	HIFIL		3	Sing	Masc	הִתְאִים	הִתְאִים	34
1	כחתי	כחת	PAAL		1	Sing	Masc	כַּחְתִּי	כָּחַת	2
1	השתגעת	השתגע	HIFIL		2	Sing	Masc	הִשְׁתַּגַּעְתָּ	הִשְׁתַגֵּעַ	5
1	מזדכנת	זדכן	HITPAEL	Part	1,2,3	Sing	Fem	מִזְדַּכֶּנֶת	זִדְכֵּן	1
1	תורם	תרם	PAAL	Part	3	Sing	Masc	תָּוֹרֵם	תָּרַם	26
2	סובל	סבל	PAAL	Part	1,2,3	Sing	Masc	סוֹבֵּל	סֵּבֶל	10
2	מעדיף	העדיף	HIFIL	Part	1,2,3	Sing	Masc	מַעֲדִיף	הֶעֱדִיף	19
6	להשתפר	השתפר	HITPAEL	Inf				לְהִשְׁתַפֵּר	הִשְׁתַפֵּר	10
1	התלונן	התלונן	HITPAEL		3	Sing	Masc	הִתְלוֹנֵן	הִתְלוֹנֵן	5
6	להשוות	השווה	HIFIL	Inf				לְהַשְׁוָות	הַשָּׁוֹוֶה	6
1	מסופר	סופר	PUAL	Part	3	Sing	Masc	מְסוּפָּר	סוֹפֵּר	1
2	תצא	יצא	PAAL		3	Sing	Fem	תֵּצֵא	יָצָא	241
1	שוטף	שטף	PAAL	Part	3	Sing	Masc	שׁוֹטֵף	שֶׁטֶף	7
2	צריכים	צריך				Plur	Masc	צְּרִיכִים	צָּרִיךְ	157
1	ששוות	ששה	PAAL	Part	3	Plur	Fem	שַׁשָׁוֹוֹת	שִׁשָׁה	1
1	שיתן	שיתן	HIFIL	Inf				שִׁיתָּן	שִׁיתָּן	1
1	יתחלק	התחלק	NIFAL		3	Sing	Masc	יִתְחַלֵק	הִתְחַלֵּק	5
1	מתחלקים	התחלק	HITPAEL	Part	3	Plur	Masc	מִתְחַלְּקִים	הִתְחַלֵּק	5
1	תרד	ירד	PAAL		3	Sing	Fem	תֵּרֵד	יָרַד	48
1	יכירו	הכיר	HIFIL		3	Plur	Fem,Masc	יַכִּירוּ	הִכִּיר	141
1	תשרוד	שרד	HIFIL		3	Sing	Fem	תִּשְׂרוֹד	שֶׂרֶד	3
1	תחזיק	החזיק	HIFIL		3	Sing	Fem	תַּחֲזִיק	הֶחֱזִיק	30
1	נעצרו	נעצר	NIFAL		3	Plur	Masc	נֶעֶצְרוּ	נֶעֱצַר	5
1	שפגע	שפגע	PAAL		3	Sing	Masc	שֶׁפָּגַע	שֶׁפָּגַע	1
1	תחלף	נחלף	PAAL		3	Sing	Masc	תַּחְלַף	נֶחֱלַף	1
2	הזמנתי	הזמנה	HIFIL		1	Sing	Masc	הִזְמַנְתִּי	הַזְמָנָה	6
2	ישמעו	שמע	PAAL		3	Plur	Masc	יִשְׁמְעוּ	שָׁמַע	173
8	מלמדת	לימד	PIEL	Part	1	Sing	Fem	מְלַמֶּדֶת	לִימֵּד	29
1	נולדנו	נולד	PAAL		1	Plur	Masc	נוֹלַדְנוּ	נוֹלַד	29
1	מברכת	בירך	PIEL	Part	1,2,3	Sing	Fem	מְבָרֶכֶת	בֵּיָרֵךְ	5
2	תקף	תקף	PAAL		3	Sing	Masc	תֶּקֶף	תֶּקֶף	9
2	לברך	בירך	PIEL	Inf				לְבָרֵךְ	בֵּיָרֵךְ	5
2	עורכים	ערך	PAAL	Part	3	Plur	Masc	עוֹרְכִים	עֵרֶךְ	7
1	ציפיתי	ציפה	PIEL		1	Sing	Masc	צִּיפִּיתִי	צִּיפָּה	10
1	הסתכלתי	הסתכל	HITPAEL		1	Sing	Masc	הִסְתַּכַּלְתִּי	הִסְתַּכֵּל	61
2	הפתיע	הפתיע	HIFIL		3	Sing	Masc	הִפְתִּיעַ	הִפְתִּיעַ	4
1	פנה	פנה	PAAL		3	Sing	Masc	פָּנָה	פָּנָה	16
1	מברכים	בירך	HIFIL	Part	3	Plur	Masc	מִבְּרָכִים	בֵּיָרֵךְ	5
1	בירך	בירך	PIEL		3	Sing	Masc	בֵּיָרֵךְ	בֵּיָרֵךְ	5
2	מתגמלת	התגמל	HITPAEL	Part	1,2,3	Sing	Fem	מִתְגַּמֶּלֶת	הִתְגַּמֵּל	4
1	מוערכת	הוערך	PUAL	Part	1,2,3	Sing	Fem	מוֹעֳרֶכֶת	הוֹעֳרַךְ	2
1	מתוגמל	התוגמל	HITPAEL	Part	3	Sing	Masc	מְתוּגְמָל	הַתּוּגְמָל	1
1	מוערך	הוערך	PUAL	Part	3	Sing	Masc	מוֹעֳרָךְ	הוֹעֳרַךְ	2
1	עצבנה	עצב	PAAL		3	Sing	Fem	עַצְבָּנָה	עֶצֶב	2
1	אלחת	אלח	PAAL		3	Sing	Fem	אַלַּחַת	אֶלַח	1
1	יתרחש	התרחש	NIFAL		3	Sing	Masc	יִתְרַחֵשׁ	הִתְרַחֵשׁ	6
2	תקיים	קיים	PAAL		3	Sing	Fem	תִּקְיָים	קַיָּים	9
2	לדרוש	דרש	PAAL	Inf				לִדְרוֹשׁ	דָּרַשׁ	24
1	למדת	ימד	PAAL		2	Sing	Masc	לָמַדְתָּ	יָמַד	1
1	זורקת	זרק	PAAL	Part	3	Sing	Fem	זוֹרֶקֶת	זָּרַק	16
1	מוטמאים	הוטמא	PUAL	Part	3	Plur	Masc	מוּטְמָאִים	הוּטְמָא	1
3	מדמיין	דמיין	HIFIL	Part	1	Sing	Masc	מְדַמְיֵין	דִּמְיֵין	12
1	מדוגם	דוגם	PUAL	Part	3	Sing	Masc	מִדּוּגָּם	דּוּגָם	1
1	שיש	שיש	PAAL		3	Sing	Masc	שֶׁיֵּשׁ	שֶׁיֵּשׁ	1
1	תני	תן	PAAL		2	Sing	Masc	תְּנִי	תֵּן	1
4	לבטח	ביטח	PIEL	Inf				לְבַטֵּחַ	בִּיטֵחַ	4
1	המליץ	המליץ	HIFIL		3	Sing	Masc	הִמְלִיץ	הִמְלִיץ	10
1	התארח	התארח	HITPAEL		3	Sing	Masc	הִתְאָרֵחַ	הִתְאָרֵחַ	7
1	מענו	מענה	PIEL		1	Plur	Masc	מַעֲנוּ	מַעֲנֶה	1
2	מומלץ	מומלץ	PUAL	Part	3	Sing	Masc	מוּמְלָץ	מוּמְלָץ	2
4	מתקשרת	התקשר	HITPAEL	Part	1	Sing	Fem	מְתַקְשֶׁרֶת	הִתְקַשֵּׁר	26
2	קובעים	קבע	PAAL	Part	3	Plur	Masc	קוֹבְעִים	קֶבַע	55
1	התקשרתי	התקשר	HITPAEL		1	Sing	Masc	הִתְקַשַּׁרְתִּי	הִתְקַשֵּׁר	26
1	שברתי	שבר	PAAL		1	Sing	Masc	שָׁבַרְתִּי	שֶׁבֶר	16
2	תתפוס	תפס	HIFIL		3	Sing	Fem	תִּתְפּוֹס	תָּפַס	17
1	טבע	טבע	PAAL		3	Sing	Masc	טֶּבַע	טֶּבַע	8
1	טבענו	טבע	PAAL		1	Plur	Masc	טָבַעְנוּ	טֶּבַע	8
1	הפיל	הפיל	HIFIL		3	Sing	Masc	הִפִּיל	הִפִּיל	1
1	ביקשנו	ביקש	PIEL		1	Plur	Masc	בִּיקַּשְׁנוּ	בִּיקֵּשׁ	78
1	נסעו	נסע	NIFAL		3	Plur	Masc	נְָסְעוּ	נָסַע	41
1	תפעיל	הפעיל	HIFIL		3	Sing	Fem	תַּפְעִיל	הִפְעִיל	15
1	מושרש	הושרש	PUAL	Part	3	Sing	Masc	מוּשְׁרָשׁ	הוּשְׁרַשׁ	1
2	שרואים	שרא	PAAL	Part	3	Plur	Masc	שֶׁרוֹאִים	שֶׁרָא	5
1	תכלס	כילס	PAAL		1	Sing	Masc	תַּכְלָס	כִּילְס	1
3	מתבייש	התבייש	HITPAEL	Part	1,2,3	Sing	Masc	מִתְבַיֵּישׁ	הִתְבַּיֵּישׁ	6
1	שר	שר	PAAL	Part	3	Sing	Masc	שַּׂר	שַּׂר	8
4	להתנהג	התנהג	HITPAEL	Inf				לְהִתְנַהֵג	הִתְנַהֵג	14
1	השתדלו	השתדל	HITPAEL		3	Plur	Fem,Masc	הִשְׁתַדְּלוּ	הִשְׁתַדֵּל	11
1	יסתכלו	הסתכל	HITPAEL		3	Plur	Fem,Masc	יִסְתַכְּלוּ	הִסְתַּכֵּל	61
4	מבינה	הבין	HIFIL	Part	1	Sing	Fem	מְבִינָה	הֵבִין	159
2	להתפרנס	התפרנס	HITPAEL	Inf				לְהִתְפַּרְנֵס	הִתְפַרְנֵס	3
1	לעדיות	עדי	PAAL	Inf				לְעָדִיּוּת	עֲדִי	1
1	מתחשבת	התחשב	HITPAEL	Part	1	Sing	Fem	מִתְחַשֶּׁבֶת	הִתְחַשֵּׁב	7
1	מרשה	הרשה	PIEL	Part	1	Sing	Masc	מַרְשֶׁה	הִרְשָׁה	6
1	ממציאים	המציא	PIEL	Part	3	Plur	Masc	מַמְצִיאִים	הִמְצִיא	2
2	מתנהג	התנהג	HITPAEL	Part	3	Sing	Masc	מִתְנַהֵג	הִתְנַהֵג	14
1	להבדל	הבדל	HITPAEL	Inf				לְהֶבְדֵּל	הֶבְדֵּל	1
1	נעוץ	נעץ	NIFAL	Part	3	Sing	Masc	נָעוּץ	נָעַץ	1
1	שיפרשו	שיפרש	HIFIL		3	Plur	Masc	שִׁיפָּרְשׁוּ	שִׁיפָּרֵשׁ	1
1	אשלוט	שלט	PAAL	Part	1	Sing	Masc	אֶשְׁלוֹט	שֶׁלֶט	9
1	נתקעת	נתקע	PAAL	Part	3	Sing	Fem	נִתְקַעַת	נִתְקַע	11
1	מגחכים	גיחך	PIEL	Part	3	Plur	Masc	מְגַחֲכִים	גִּיחֵךְ	2
1	מגחכת	גיחך	HIFIL	Part	1	Sing	Masc	מְגַחֶכֶת	גִּיחֵךְ	2
1	אתאה	אתא	PAAL	Part	1	Sing	Masc	אֶתְאֶה	אַתָּא	1
1	להביע	הביע	HIFIL	Inf				לְהַבִּיעַ	הִבִּיעַ	3
1	שייך	שייך	PAAL	Part	2	Sing	Masc	שַּׁיָּיךְ	שַּׁיָּיךְ	1
2	מתקנים	תיקן	PIEL	Part	3	Plur	Masc	מִתְקָנִים	תִּיקֵּן	12
1	מקל	הקל	HIFIL	Part	3	Sing	Masc	מַקֵּל	הַקַּל	3
1	יזרמו	זרם	PAAL		3	Plur	Masc	יִזְרְמוּ	זֶּרֶם	3
1	ינעלו	נעלה	PAAL		3	Plur	Masc	יִנְעֲלוּ	נַעֲלֶה	1
1	מגביר	הגביר	HIFIL	Part	3	Sing	Masc	מַגְבִּיר	הִגְבִּיר	17
2	תרגישי	הרגיש	PAAL		1	Sing	Masc	תַּרְגִּישִׁי	הִרְגִּישׁ	148
1	נותה	נתה	PAAL		1	Sing	Fem	נוֹתָה	נָּתָה	1
1	מחמירה	מחמיר	HIFIL	Part	1	Sing	Fem	מַחְמִירָה	מַחְמִיר	1
1	סבבה	סבב	PAAL		1	Sing	Masc	סָּבְבָה	סַבָּב	2
1	התרגלתי	התרגל	HITPAEL		1	Sing	Masc	הִתְרַגַּלְתִּי	הִתְרַגֵּל	11
1	נשמעים	נשמע	NIFAL	Part	3	Plur	Masc	נִשְׁמָעִים	נִשְׁמָע	64
1	תכתבו	כתב	HIFIL		3	Plur	Masc	תִּכְתְּבוּ	כָּתַב	69
1	תספרי	ספר	HIFIL		2	Sing	Masc	תְּסַפְרִי	סֵפֶר	4
1	מעוניין	מעוניין	PUAL	Part	3	Sing	Masc	מְעוּנְיָין	מְעוּנְיָין	1
1	לחיוך	חיוך	PAAL	Inf				לְחִיּוּךְ	חִיּוּךְ	1
4	הזמנת	הזמנה	PAAL		2	Sing	Fem	הַזְמָנַת	הַזְמָנָה	6
1	להפודקאסט	הפדקאסט	PIEL	Inf				לְהֶפוּדְקָאסְט	הַפֶּדְקַאסְט	1
1	לעוד	עד	PAAL	Inf				לְעוֹד	עַד	1
2	שלומדים	שלמד	PIEL	Part	1,2,3	Plur	Masc	שֶׁלּוֹמְדִים	שֶׁלְמַד	3
1	ניפרד	נפרד	PAAL		1	Sing	Masc	נִיפְרֵד	נִפְרָד	10
1	עליכם	עליכם	PAAL		2	Plur	Masc	עֲלֵיכֶם	עֲלֵיכֶם	1
5	לזכות	לזכות		Inf				לִזְכּוֹת	לִזְכּוֹת	5
1	לחמה	לחם	PAAL		3	Sing	Fem	לָּחֲמָה	לֶחֶם	2
1	תצטרפו	הצטרף	HIFIL		1	Plur	Masc	תִּצְטָרְפוּ	הִצְטָרֵף	26
1	ניצלו	ניצלו	PAAL		3	Plur	Masc	נִיצְּלוּ	נִיצְּלוּ	1
1	מפוזרים	פוזר	PUAL	Part	3	Plur	Masc	מְפוּזָּרִים	פּוּזַּר	2
1	סתקרנתי	סתקרן	PAAL		1	Sing	Masc	סִתְקָרַנְתִּי	סְתַקְרֵן	1
2	הכנתי	הכין	HIFIL		1	Sing	Masc	הֵכַנְתִּי	הֵכִין	59
1	תשמח	שמח	PAAL		3	Sing	Fem	תִּשְׂמַח	שָׂמֵחַ	52
1	תלהבתי	תלהב	PAAL		1	Sing	Masc	תִּלְהַבְתִּי	תִּלְהַב	1
1	קבעתי	קבע	PAAL		1	Sing	Masc	קָבַעְתִּי	קֶבַע	55
1	ניין	ניין	PAAL		3	Sing	Masc	נַיִין	נַיִין	1
1	סוחבת	סחב	PAAL	Part	1	Sing	Fem	סוֹחֶבֶת	סָּחָב	4
1	מזכקת	זיכק	PAAL	Part	3	Sing	Fem	מַזְכֶּקֶת	זִּיכֵּק	1
1	להזכר	הזכר	PIEL	Inf				לְהִזְכֵּר	הַזָּכָר	2
2	נייצר	נייצר	HIFIL		1	Plur	Masc	נַיְיצֶר	נַיְיצֶר	2
2	מייצרת	ייצר	PIEL	Part	1,2,3	Sing	Fem	מְיַיצֶּרֶת	יִיצֵּר	33
1	התפתחתי	התפתח	HITPAEL		1	Sing	Masc	הִתְפַּתַּחְתִּי	הִתְפַתֵּחַ	7
1	מצטרפת	הצטרף	HITPAEL	Part	1,2,3	Sing	Fem	מִצְטָרֶפֶת	הִצְטָרֵף	26
1	הצטרפתי	הצטרף	HITPAEL		1	Sing	Masc	הִצְטָרַפְתִּי	הִצְטָרֵף	26
1	משוק	שק	PAAL	Part	3	Sing	Masc	מַשּׁוּק	שַּׂק	1
1	להתחלף	התחלף	HITPAEL	Inf				לְהִתְחַלֵּף	הִתְחַלֵּף	1
1	להקשים	הקשים	HIFIL	Inf				לְהַקְשִׁים	הַקָּשִׁים	1
1	תוביל	הוביל	HIFIL		3	Sing	Fem	תּוֹבִיל	הוֹבִיל	12
1	מעיזים	העז	HIFIL	Part	3	Plur	Masc	מְעִיזִּים	הָעַז	3
1	מיישנים	יישן	PIEL	Part	3	Plur	Masc	מַיְישְׁנִים	יִישָׁן	1
2	עורה	ערה	PAAL		3	Sing	Fem	עוֹרָהּ	עֵרָה	2
1	גורסים	גרס	PAAL	Part	3	Plur	Masc	גּוֹרְסִים	גֶּרֶס	4
1	מש	מש	PAAL		3	Sing	Masc	מָשׁ	מָשׁ	1
1	מזקקים	זיקק	PIEL	Part	3	Plur	Masc	מְזַקְּקִים	זִּיקֵּק	1
1	מתיישן	התיישן	HITPAEL	Part	1,2,3	Sing	Masc	מִתְיַישְׁן	הִתְיַישֵּׁן	2
1	זרענו	זרע	PAAL		1	Plur	Masc	זָּרַעְנוּ	זֶּרַע	1
2	קצרנו	קצר	PAAL		1	Plur	Masc	קָצַרְנוּ	קָצָר	3
1	חיברת	חיבר	PIEL		1	Sing	Masc	חִיבַּרְתָּ	חִיבֵּר	13
1	רושה	רשה	PAAL	Part	1	Sing	Masc	רוֹשָׁה	רָשָׁה	2
1	להתאוורר	התאוורר	HITPAEL	Inf				לְהִתְאַוְורֵר	הִתְאַוְורֵר	1
2	נפגשו	נפגש	NIFAL		3	Plur	Fem,Masc	נִפְגְּשׁוּ	נִפְגַּשׁ	31
1	הורגש	הורגש	HITPAEL		3	Sing	Masc	הוּרְגַּשׁ	הוּרְגַּשׁ	4
1	להצמיח	הצמיח	HIFIL	Inf				לְהַצְמִיחַ	הִצְמִיחַ	1
2	זרק	זרק	PAAL		3	Sing	Masc	זָּרַק	זָּרַק	16
1	נגדל	נגדל	PAAL		1	Plur	Masc	נִגְדַּל	נִגְדַּל	1
1	התגלגל	התגלגל	HITPAEL		3	Sing	Masc	הִתְגַּלְגֵּל	הִתְגַּלְגֵּל	9
3	התפתח	התפתח	HITPAEL		3	Sing	Masc	הִתְפַתֵּחַ	הִתְפַתֵּחַ	7
1	לקחנ	קיחן	PAAL		1	Plur	Masc	לָקַחְנ	קִיחָן	1
1	מרוצים	מרוצה	PUAL	Part	3	Plur	Masc	מְרוּצִּים	מְרוּצֶּה	1
1	מומחה	מומחה	PAAL	Part	1	Sing	Masc	מוּמְחֶה	מוּמְחֶה	1
1	להיקרא	נקרא	NIFAL	Inf				לְהִיקָּרֵא	נִקְרָא	101
1	מתרחב	התרחב	HITPAEL	Part	3	Sing	Masc	מִתְרַחֵב	הִתְרַחֵב	1
1	מתכווץ	התכווץ	HITPAEL	Part	3	Sing	Masc	מִתְכַוֵּוץ	הִתְכַוֵּוץ	2
1	מתנדף	התנדף	HITPAEL	Part	3	Sing	Masc	מִתְנַדֵּף	הִתְנַדֵּף	1
1	למצות	מיצה	PIEL	Inf				לְמַצּוֹת	מִיצָּה	1
1	להקלים	הקלים	HITPAEL	Inf				לַהֲקָלִים	הַקַּלִים	1
1	מצהירים	הצהיר	HIFIL	Part	1	Plur	Masc	מַצְהִירִים	הִצְהִיר	2
1	אחראית	אחראי	PAAL	Part	3	Sing	Fem	אַחְרָאִית	אַחְרַאי	1
1	כתובים	כתב	PUAL	Part	3	Plur	Masc	כְּתוּבִים	כָּתַב	69
4	תועמים	תעם	PIEL	Part	3	Plur	Masc	תּוֹעֲמִים	תַּעַם	5
2	מתאבים	תיאב	PIEL	Part	3	Plur	Masc	מַתְאֵבִים	תֵּיָאב	2
1	נפכה	פכה	NIFAL		3	Sing	Fem	נָפְכָה	פָּכָה	2
1	תואמים	תאם	PAAL	Part	3	Plur	Masc	תּוֹאֲמִים	תָּאֵם	2
1	מתקיימת	התקיים	HITPAEL	Part	1,2,3	Sing	Fem	מִתְקַיֶּימֶת	הִתְקַיֵּים	12
1	שלחנו	שלח	PAAL		1	Plur	Masc	שָׁלַחְנוּ	שָׁלַח	47
1	האמנו	האמן	HIFIL		1	Plur	Masc	הֶאֱמַנּוּ	הָאָמָּן	1
1	הזמינו	הזמין	HIFIL		3	Plur	Masc	הִזְמִינוּ	הִזְמִין	43
1	מקריאים	הקריא	PIEL	Part	3	Plur	Masc	מַקְרִיאִים	הִקְרִיא	2
1	הופתנו	הופתנה	PAAL		1	Plur	Masc	הוֹפְַתְנוּ	הוּפְתְּנָה	1
1	חגגגנו	חגגג	PAAL		1	Plur	Masc	חַגְגְַגֵּנוּ	חַגְגָּג	1
1	הגלה	הגלה	HIFIL		3	Sing	Masc	הַגָּלָה	הַגָּלָה	1
1	לבשו	לבש	PAAL		3	Plur	Masc	לָבְשׁוּ	לָבַשׁ	9
2	איזשהיא	אזשה	PAAL		3	Sing	Fem	אֵיזֶשְׁהִיא	אַזְּשָׁה	2
1	נחזיר	החזיר	HIFIL		1	Plur	Masc	נַחֲזִיר	הֶחֱזִיר	29
1	מגיב	הגיב	HIFIL	Part	3	Sing	Masc	מֵגִיב	הֵגִיב	6
1	תופסת	תפס	PAAL	Part	3	Sing	Fem	תּוֹפֶסֶת	תָּפַס	17
1	החלטתם	החליט	HIFIL		1	Plur	Masc	הַחְלָטָתָם	הֶחֱלִיט	164
1	מחוברות	חובר	PUAL	Part	3	Plur	Fem	מְחוּבָּרוֹת	חוֹבֵּר	13
1	תייערת	ייער	PIEL		3	Sing	Fem	תְּיַיעֶרֶת	יִיעֵר	1
1	גאים	גאה	PAAL	Part	1	Plur	Masc	גֵּאִים	גֵּאָה	2
1	פרוסים	פרוס	PUAL	Part	3	Plur	Masc	פְּרוּסִים	פְּרוּס	1
1	מתבגרת	התבגר	HITPAEL	Part	3	Sing	Fem	מִתְבַּגֶּרֶת	הִתְבַּגֵּר	2
1	פיזרנו	פיזר	PIEL		1	Plur	Masc	פִּיזַּרְנוּ	פִּיזֵּר	3
1	שילך	שילך	HIFIL		3	Sing	Masc	שֶׁיֵּלֵךְ	שֶׁיֵּלֵךְ	1
1	הלטת	הלט	PAAL		3	Sing	Fem	הֲלָטַת	הֶלֶט	2
1	ממלאים	מילא	PIEL	Part	3	Plur	Masc	מְמַלְּאִים	מִילֵּא	5
1	מרוקנים	מרוקן	HIFIL	Part	3	Plur	Masc	מְרוֹקְנִים	מְרוּקָּן	1
1	נגלה	נגלה	PAAL		1	Sing	Masc	נְגַּלָּה	נְגַּלָּה	1
1	שימשו	שימש	PIEL		3	Plur	Masc	שִׁימְּשׁוּ	שִׁימֵּשׁ	9
1	דוגמים	דגם	PAAL	Part	3	Plur	Masc	דּוּגָמִים	דֶּגֶּם	1
1	להתבגר	התבגר	HITPAEL	Inf				לְהִתְבַּגֵּר	הִתְבַּגֵּר	2
1	לבקבק	בקבק	PAAL	Inf				לְבַקְבָּק	בַּקְבָּק	1
2	אשאל	שאל	PAAL		1	Sing	Masc	אֶשְׁאַל	שָׁאַל	111
1	להמשך	המשך	PAAL	Inf				לַהֶמְשֵּׁךְ	הֶמְשֵּׁךְ	1
2	לצמוח	צמח	HITPAEL	Inf				לִצְמוֹחַ	צֶּמַח	4
2	יהנו	הנו	PAAL		3	Plur	Masc	יֵהָנוּ	הִנּוּ	2
1	להפנות	להפנות	PAAL	Inf				לְהַפְּנוֹת	לְהַפְּנוֹת	1
1	יכנס	כנס	PAAL		3	Sing	Masc	יִכָּנֵס	כֶּנֶס	12
3	מתרגלים	התרגל	PIEL	Part	3	Plur	Masc	מִתְרַגְּלִים	הִתְרַגֵּל	11
2	צרו	צר	PAAL		1	Plur	Masc	צָּרוּ	צַּר	2
1	נזדרז	הזדרז	HIFIL		1	Plur	Masc	נִזְדְרֵז	הִזְדָּרֵז	1
2	תכינו	הכין	PAAL		2	Plur	Masc	תָּכִינוּ	הֵכִין	59
1	דוחפות	דחף	PAAL	Part	3	Plur	Fem	דּוֹחֲפוֹת	דַּחַף	12
1	ארגנה	ארגן	PIEL		3	Sing	Fem	אִרְגְּנָה	אִרְגֵּן	10
2	נעלוה	עלה	NIFAL		3	Sing	Fem	נַעֲלוּה	עָלָה	147
1	ישמחו	שמח			3	Plur	Fem,Masc	יִשְׂמְחוּ	שָׂמֵחַ	52
1	להתלונ	התלונ	HITPAEL	Inf				לְהִתְלוֹנ	הַתָּלוּנ	1
1	התפלא	התפלא	HITPAEL		3	Sing	Masc	הִתְפַלֵּא	הִתְפַלֵּא	4
1	חיסל	חיסל	PIEL		3	Sing	Masc	חִיסֵּל	חִיסֵּל	3
1	תתני	תנה	PAAL		3	Sing	Masc	תִּתְנִי	תָּנָה	1
1	באת	בא	PAAL		3	Sing	Fem	בָּאתָ	בָּא	264
1	כייכה	כייך	PAAL		1	Sing	Masc	כַּיְיכָה	כַּיָּיךְ	1
1	תומר	תומר	PAAL		1	Sing	Masc	תּוֹמֶר	תּוֹמֶר	1
1	להישמע	נשמע	NIFAL	Inf				לְהִישָּׁמַע	נִשְׁמָע	64
2	ימלוך	מלך	PAAL		3	Sing	Masc	יִמְלוֹךְ	מֶלֶךְ	2
1	השליט	השליט	HIFIL		3	Sing	Masc	הַשַּׁלִיט	הַשַּׁלִיט	1
2	חולה	חלה	PAAL	Part	3	Sing	Fem	חוֹלֶה	חָלָה	7
1	להתייעץ	התייעץ	HITPAEL	Inf				לְהִתְיַיעֵץ	הִתְיַיעֵץ	2
1	שלוקחת	שלק	PAAL	Part	3	Sing	Fem	שֶׁלּוֹקַחַת	שֶׁלֶק	5
2	נשלח	נשלח	NIFAL		3	Sing	Masc	נִשְׁלַח	נִשְׁלַח	4
1	תתקשר	התקשר	HIFIL		3	Sing	Masc	תִּתְקַשֵּׁר	הִתְקַשֵּׁר	26
1	תיסע	נסע	PAAL		3	Sing	Fem	תִּיסַּע	נָסַע	41
1	ישלח	שלח	PAAL		3	Sing	Masc	יִשְׁלַח	שָׁלַח	47
1	פעה	פעה	PAAL		3	Sing	Fem	פָּעָה	פָּעָה	1
2	נכתבו	נכתב	NIFAL		3	Plur	Fem,Masc	נִכְתְּבוּ	נִכְתַּב	6
1	עזבה	עזב	PAAL		3	Sing	Fem	עָזְבָה	עָזַב	32
1	נהייתה	היה	NIFAL		3	Sing	Fem	נִהְיְיתָה	הָיָה	350
1	שמו	שם	PAAL		3	Plur	Masc	שְׁמוֹ	שָׁם	79
3	מקורבים	קורב	PUAL	Part	3	Plur	Masc	מְקוֹרָבִים	קוֹרֵב	3
1	להתכווץ	התכווץ	HITPAEL	Inf				לְהִתְכַוֵּוץ	הִתְכַוֵּוץ	2
1	יושקעו	הושקע	HUFAL		3	Plur	Fem,Masc	יוּשְׁקְעוּ	הוּשְׁקַע	1
2	אקבל	קיבל	HIFIL		1	Sing	Masc	אֲקַבֵּל	קִיבֵּל	245
1	יספיק	הספיק	HIFIL		3	Sing	Masc	יַסְפִּיק	הִסְפִּיק	21
3	ניגש	ניגש	NIFAL		3	Sing	Masc	נִיגַּשׁ	נִיגַּשׁ	7
1	פורסמו	פורסם	PUAL		3	Plur	Masc	פּוּרְסְמוּ	פּוּרְסַם	8
1	גבר	גבר	PAAL		3	Sing	Masc	גֶּבֶר	גֶּבֶר	1
1	התקשרת	התקשר	HITPAEL		1	Sing	Masc	הִתְקַשַּׁרְתָּ	הִתְקַשֵּׁר	26
1	לבכות	לבכות	HITPAEL	Inf				לִבְכּוֹת	לִבְכּוֹת	1
1	ישלו	ישל	PAAL		3	Plur	Masc	יָשְׁלוּ	יָשֵׁל	1
1	ישבו	ישב	PAAL		3	Plur	Fem,Masc	יָשְׁבוּ	יָשְַׁב	65
1	סיימו	סיים	PIEL		3	Plur	Masc	סִּייְּמוּ	סִּייֵּם	69
2	ניצלה	ניצלה	PAAL		3	Sing	Fem	נִיצְּלָה	נִיצְּלָה	2
5	משאירה	השאיר	HIFIL	Part	1,2,3	Sing	Fem	מַשְׁאִירָה	הִשְׁאִיר	19
1	התפקעה	התפקע	HITPAEL		3	Sing	Fem	הִתְפַקְּעָה	הִתְפַקֵּעַ	1
1	ותגמור	התגמור	PAAL		3	Sing	Masc	וְתִגְמוֹר	הִתְגַּמּוּר	1
1	לרחל	ריחל	PAAL	Inf				לְרָחֵל	רִיחֵל	1
1	תדברו	דבר	PAAL		1	Plur	Masc	תְּדַבְּרוּ	דָּבָר	10
2	התעצבנה	התעצבן	HITPAEL		3	Sing	Fem	הִתְעַצְבְּנָה	הִתְעַצְבֵּן	4
1	פגשה	פגש	PAAL		3	Sing	Fem	פָּגְשָׁה	פָּגַשׁ	35
1	ריכלו	ריכל	PAAL		3	Plur	Masc	רִיכְּלוּ	רִיכַל	1
1	לנגב	ניגב	PIEL	Inf				לְנֶגֶב	נִיגֵּב	1
1	שוכחת	שכח	PAAL	Part	1,2,3	Sing	Fem	שׁוֹכַחַת	שָׁכַח	17
1	מתמלאות	התמלא	HITPAEL	Part	3	Plur	Fem	מִתְמַלְּאוֹת	הִתְמַלֵּא	2
1	יודעות	ידע	PAAL	Part	3	Plur	Fem	יוֹדְעוֹת	יֶדַע	335
1	מתחשבות	התחשב	HITPAEL	Part	1,2,3	Plur	Fem	מִתְחַשְּׁבוֹת	הִתְחַשֵּׁב	7
1	טיפשים	טיפש	PAAL	Part	3	Plur	Masc	טִיפְּשִׁים	טִיפֵּשׁ	3
2	טיפש	טיפש	PAAL	Part	3	Sing	Masc	טִיפֵּשׁ	טִיפֵּשׁ	3
1	יצוצו	צצוצו	PAAL		3	Plur	Masc	יְצוּצוֹ	צָּצוּצוּ	1
1	התקדמו	התקדם	HITPAEL		3	Plur	Fem,Masc	הִתְקַדְּמוּ	הִתְקַדֵּם	12
1	חתם	חתם	PAAL		3	Sing	Masc	חָתָם	חָתָם	16
2	הציעו	הציע	HIFIL		3	Plur	Masc	הִצִּיעוּ	הִצִּיעַ	33
1	יעזוב	עזב	HIFIL		3	Sing	Masc	יַעֲזוֹב	עָזַב	32
1	סירב	סירב	PIEL		3	Sing	Masc	סֵּיְרֵב	סֵּיְרֵב	1
1	לדוג	דג	PAAL	Inf				לָדוּג	דָּג	1
2	תרם	תרם	PAAL		3	Sing	Masc	תָּרַם	תָּרַם	26
1	שעשו	שעש	PAAL		3	Plur	Masc	שֶׁעָשׂוּ	שַׁעַשׁ	5
3	דרגו	דרג	PAAL		3	Plur	Masc	דַּרְגּוֹ	דֶּרֶג	3
1	קנסו	קנס	PAAL		1	Plur	Masc	קָּנְסוּ	קְנָס	1
4	סיימתי	סיים	PIEL		1	Sing	Masc	סִייַּמְתִּי	סִּייֵּם	69
1	שתהנו	שתה	PAAL		1	Plur	Masc	שֶׁתֵּהָנוּ	שָׁתָה	4
1	גרת	גר	PAAL		3	Sing	Fem	גֶּרֶת	גָּר	91
1	הורגשה	הורגש	HUFAL		3	Sing	Fem	הוּרְגְּשָׁה	הוּרְגַּשׁ	4
1	להתאושש	התאושש	HITPAEL	Inf				לְהִתְאוֹשֵׁשׁ	הִתְאוֹשֵׁשׁ	1
1	מאושרות	אושר	PUAL	Part	3	Plur	Fem	מְאוּשָּׁרוֹת	אוּשַּׁר	1
1	חוותה	חווה	PIEL		3	Sing	Fem	חָוְותָה	חַוָּוָה	14
1	זכרת	זכר	PAAL		2	Sing	Masc	זָּכַרְתָּ	זֵכֶר	66
1	חששו	חשש	PAAL		3	Plur	Masc	חָשְׁשׁוּ	חֲשָׁשׁ	4
1	מתרגשות	התרגש	HITPAEL	Part	1,2,3	Plur	Fem	מִתְרַגְּשׁוֹת	הִתְרַגֵּשׁ	18
1	משלימים	השלים	PIEL	Part	3	Plur	Masc	מַשְׁלִימִים	הִשְׁלִים	7
2	לקשט	קישט	PIEL	Inf				לְקַשֵּׁט	קִּישֵּׁט	3
1	קישטנו	קישט	PIEL		1	Plur	Masc	קִישַּׁטְנוּ	קִּישֵּׁט	3
1	לבטא	ביטא	PIEL	Inf				לְבַטֵּא	בִּיטֵא	1
1	עיצבנו	עיצב	PIEL		1	Plur	Masc	עִיצַּבְּנוּ	עִיצֵּב	5
3	מתקרב	התקרב	HITPAEL	Part	3	Sing	Masc	מִתְקָרֵב	הִתְקָרֵב	17
1	נבנה	נבנה	NIFAL		3	Sing	Masc	נִבְנָה	נִבְנָה	5
1	להתחמק	התחמק	HITPAEL	Inf				לְהִתְחַמֵּק	הִתְחַמֵּק	1
1	מורגש	הורגש	PUAL	Part	1,2,3	Sing	Masc	מוּרְגָּשׁ	הוּרְגַּשׁ	4
1	כיכף	כיכף	PAAL		3	Sing	Masc	כִּיכָּף	כִּיכָּף	1
1	ניצלנו	ניצל	HIFIL		1	Plur	Masc	נִיצַּלְנוּ	נִיצֵּל	16
1	חורגים	חרג	PAAL	Part	3	Plur	Masc	חוֹרְגִים	חֶרֶג	1
1	לחגים	חיגה	PAAL	Inf				לַחַגִּים	חִיגָּה	1
3	נוצרים	נוצר	NIFAL	Part	3	Plur	Masc	נוֹצָרִים	נוֹצַר	17
1	נוגשים	נגש	NIFAL	Part	3	Plur	Masc	נוֹגְשִׁים	נַגָּשׁ	1
1	מרחנו	מרח	PAAL		1	Plur	Masc	מָרַחְנוּ	מֶרַח	1
1	צודקת	צדק	PAAL	Part	1,2,3	Sing	Fem	צוֹדֶקֶת	צֶּדֶק	7
1	להכליל	הכליל	HIFIL	Inf				לְהַכְּלִיל	הַכָּלִיל	1
2	מושכים	משך	PAAL	Part	3	Plur	Masc	מוֹשְׁכִים	מֶשֶׁךְ	22
2	מרביצים	הרביץ	PAAL	Part	3	Plur	Masc	מַרְבִּיצִים	הֶרְבִּיץ	2
1	מקים	הקים	PIEL	Part	3	Sing	Masc	מֵקִים	הֵקִים	21
1	נופלות	נפל	PAAL	Part	3	Plur	Fem	נוֹפְלוֹת	נָפַל	20
1	מסתפק	הסתפק	HITPAEL	Part	1,2,3	Sing	Masc	מִסְתַפֵּק	הִסְתַפֵּק	3
1	עוצה	עצה	PAAL	Part	3	Sing	Masc	עוֹצֶה	עֵצָה	2
1	מסתתרת	הסתתר	HITPAEL	Part	3	Sing	Fem	מִסְתַּתֶּרֶת	הִסְתַתֵּר	4
1	שוכח	שכח	PAAL	Part	3	Sing	Masc	שׁוֹכֵחַ	שָׁכַח	17
6	לומד	למד	PAAL	Part	2	Sing	Masc	לוֹמֵד	לָמַד	143
1	להיערך	נערך	HITPAEL	Inf				לְהֵיעָרֵךְ	נֶעֱרַךְ	10
1	חוסכים	חסך	PAAL	Part	3	Plur	Masc	חוֹסְכִים	חָסָךְ	7
1	מקפידות	הקפיד	HIFIL	Part	1,2,3	Plur	Fem	מַקְפִּידוֹת	הִקְפִּיד	4
2	מבלה	הבלה	PAAL	Part	3	Sing	Masc	מְבַלֶּה	הַבָּלָה	2
1	חובר	חבר	PUAL	Part	3	Sing	Masc	חוֹבֵּר	חָבֵר	2
1	מוזרק	הוזרק	HUFAL	Part	3	Sing	Masc	מוּזְרָק	הוּזְרַק	1
1	להמילוי	המיל	PAAL	Inf				לְהַמִּילּוּי	הַמִּיל	1
1	לוחץ	לחץ	PAAL	Part	2	Sing	Masc	לוֹחֵץ	לַחַץ	7
1	מצופות	צופה	HUFAL	Part	3	Plur	Fem	מְצוּפּוֹת	צוֹפֶּה	3
3	נדמה	נדמה	NIFAL	Part	3	Sing	Masc	נִדְמֶה	נִדְמֶה	3
1	מפוארות	פואר	PUAL	Part	1,2,3	Plur	Fem	מְפוֹאָרוֹת	פּוֹאֵר	1
1	יקנו	קנה	PAAL		3	Plur	Fem,Masc	יִקְנוּ	קָּנָה	98
1	משפרות	שיפר	HIFIL	Part	3	Plur	Fem	מְשְַׁפְּרוֹת	שִׁיפָּר	15
1	אוסיף	הוסיף	HIFIL		1	Sing	Masc	אוֹסִיף	הוֹסִיף	23
1	מכניסות	הכניס	HIFIL	Part	1,2,3	Plur	Fem	מַכְנִיסוֹת	הִכְּנִיס	40
1	מתוגנות	תוגן	HITPAEL	Part	1,2,3	Plur	Fem	מְתוּגָּנוּת	תּוֹגֵן	2
1	ציינתי	ציין	PIEL		1	Sing	Masc	צִּייַּנְתִּי	צִּייֵּן	6
1	חגנו	חגן	PAAL		1	Plur	Masc	חַגְּנוּ	חָגָן	1
1	ששרים	ששרים	PAAL	Part	3	Plur	Masc	שְׁשָׁרִים	שְׁשָׁרִים	1
1	מקימים	הקים	PIEL	Part	3	Plur	Masc	מְקִימִים	הֵקִים	21
1	מטופפים	טופף	PAAL	Part	3	Plur	Masc	מְטוּפָּפִים	טוֹפֵּף	1
1	מחוותות	מחוות	PIEL	Part	3	Plur	Fem	מַחְוָותוֹת	מֶחְוָות	1
1	חנו	חנה	PAAL		3	Plur	Masc	חַנּוּ	חַנָּה	2
1	לרשות	רשה	PAAL	Inf				לִרְשׁוּת	רָשָׁה	2
1	לרכוש	רכש	PAAL	Inf				לִרְכּוֹשׁ	רָכַשׁ	4
1	ביקרו	ביקר	PIEL		3	Plur	Fem,Masc	בִּיקְּרוּ	בִּיקֵּר	33
2	נדע	ידע	PAAL		1	Plur	Masc	נֵדַע	יֶדַע	335
1	נחגוג	חגג	HIFIL		1	Plur	Masc	נַחְגּוֹג	חָגָג	18
1	נעלמתי	נעלם	NIFAL		1	Sing	Masc	נֶעֱלַמְתִּי	נֶעֱלַם	11
1	נוחט	נוחט	PAAL	Part	3	Sing	Masc	נוֹחֵט	נוֹחֵט	1
2	פתוחות	פתוח	PUAL	Part	3	Plur	Fem	פְּתוּחוֹת	פָּתוּחַ	2
1	יציקו	הציק	PAAL		3	Plur	Masc	יָצִיקוּ	הֵצִיק	3
2	הכאיסו	הכאיס	HIFIL		3	Plur	Masc	הִכְאִיסוּ	הַכָּאִיס	2
1	שקיים	שתיים	PUAL	Part	3	Sing	Masc	שְַׁקַיִים	שְׁתַּיִם	1
1	מחכות	חיכה	HIFIL	Part	3	Plur	Fem	מְחַכּוֹת	חִיכָּה	27
1	לבושות	לבש	PAAL	Part	3	Plur	Fem	לְבוּשׁוֹת	לָבַשׁ	9
1	מסמן	סימן	PIEL	Part	3	Sing	Masc	מְסַמֵּן	סִּימָן	3
1	קמות	קם	PAAL	Part	3	Plur	Fem	קָמוֹת	קָם	28
1	מצטרפות	הצטרף	HITPAEL	Part	1,2,3	Plur	Fem	מִצְטָרְפוֹת	הִצְטָרֵף	26
1	כוללת	כלל	PAAL	Part	3	Sing	Fem	כּוֹלֶלֶת	כְּלָל	20
1	מציגים	צייג	HIFIL	Part	3	Plur	Masc	מַצִּיגִים	צַּיְיג	1
1	שולטים	שלט	PAAL	Part	3	Plur	Masc	שׁוֹלְטִים	שֶׁלֶט	9
1	תדרוך	דרך	PAAL		3	Sing	Masc	תִּדְרוֹךְ	דֶּרֶךְ	2
1	שרוצות	שרץ	PAAL	Part	3	Plur	Fem	שֶׁרוֹצוֹת	שֶׁרֶץ	18
1	יתפנה	יתפן	HITPAEL		3	Sing	Masc	יִתְפַנֶּה	יִתְפָּן	1
1	לקוות	קיווה	PIEL	Inf				לְקַוּוֹת	קִיוָוה	78
1	קובעות	קבע	PAAL	Part	3	Plur	Fem	קוֹבְעוֹת	קֶבַע	55
1	מפוצצת	מפוצצ	PUAL	Part	1,2,3	Sing	Fem	מְפוֹצֶצֶת	מְפוּצָּצ	1
1	להתמקד	התמקד	HITPAEL	Inf				לְהִתְמַקֵּד	הִתְמַקֵּד	5
2	נועד	נועד	NIFAL		3	Sing	Masc	נוֹעַד	נוֹעַד	3
1	להתנגן	התנגן	HITPAEL	Inf				לְהִתְנַגֵּן	הִתְנַגֵּן	3
1	מזלזלים	זלזל	HITPAEL	Part	1,2,3	Plur	Masc	מְזַלְזְלִים	זִלְזֵל	1
1	מוקלט	הוקלט	PUAL	Part	3	Sing	Masc	מוּקְלָט	הוּקְלַט	1
1	יקשיב	הקשיב	HIFIL		3	Sing	Masc	יַקְשִׁיב	הִקְשִׁיב	50
2	ידוע	ידע	PAAL	Part	3	Sing	Masc	יָדוּעַ	יֶדַע	335
1	שגרה	שגרה	PAAL	Part	3	Sing	Fem	שִׁגְרָה	שִׁגְרָה	1
1	זלזל	זלז	PAAL		3	Sing	Masc	זִלְזֵל	זָּלַז	1
1	טיפלה	טיפל	PIEL		3	Sing	Fem	טִיפְּלָה	טִיפֵּל	13
1	יזוזו	יזז	PAAL		3	Plur	Masc	יָזוּזוֹ	יָזָז	1
1	לשחד	שיחד	PIEL	Inf				לְשְַׁחֵד	שֶׁיַּחַד	1
1	התחברה	התחבר	HITPAEL		3	Sing	Fem	הִתְחַבְּרָה	הִתְחַבֵּר	24
1	מתקיים	התקיים	HITPAEL	Part	3	Sing	Masc	מִתְקַיֵּים	הִתְקַיֵּים	12
2	נפתחים	נפתח	NIFAL	Part	3	Plur	Masc	נִפְתָּחִים	נִפְתַּחַ	17
1	התכוון	התכוון	HIFIL		3	Sing	Masc	הִתְכַוֵּון	הִתְכַוֵּון	26
1	וואה	וואה	PAAL		3	Sing	Masc	וָואָה	וָואָה	1
2	נרגע	נרגע	NIFAL	Part	3	Sing	Masc	נִרְגַּע	נִרְגַּע	4
1	מגזימים	הגזים	HIFIL	Part	1	Plur	Masc	מַגְזִימִים	הַגָּזִים	4
1	להעלב	העלב	PIEL	Inf				לְהֶעָלֵב	הֶעָלָב	1
2	משתווה	השתווה	HITPAEL	Part	3	Sing	Masc	מִשְׁתַוּוֹה	הִשְׁתָּוָוה	2
1	מעורבים	מעורב	PAAL	Part	1,2,3	Plur	Masc	מְעוֹרָבִים	מְעוֹרָב	2
2	לבלוע	בלע	PAAL	Inf				לִבְלוֹעַ	בָּלַע	3
1	עובדות	עבד	PAAL	Part	3	Plur	Fem	עוּבְדּוֹת	עָבַד	226
1	שוחקת	שחק	PAAL	Part	3	Sing	Fem	שׂוֹחֶקֶת	שְַׂחָק	2
1	הגיש	הגיש	HIFIL		3	Sing	Masc	הִגִּישׁ	הִגִּישׁ	22
1	מתגמלות	התגמל	HITPAEL	Part	1,2,3	Plur	Fem	מִתְגַּמְלוֹת	הִתְגַּמֵּל	4
1	מסדר	מסדר	PIEL	Part	3	Sing	Masc	מְסֻדָּר	מְסֻדָּר	1
1	זזה	זזה	PAAL		3	Sing	Fem	זָּזָה	זָּזָה	4
1	פוגשת	פגש	PAAL	Part	3	Sing	Fem	פּוֹגֶשֶׁת	פָּגַשׁ	35
1	רשום	רשם	PUAL	Part	3	Sing	Masc	רָשׁוּם	רָשַׁם	6
1	שכיף	השיף	PAAL		3	Sing	Masc	שְׁכֵּיף	הַשַּׁיף	1
1	נגעתי	נגע	PAAL		1	Sing	Masc	נָגַעְתִּי	נָגַע	24
1	תוסיפו	הוסיף	HIFIL		1	Plur	Masc	תּוֹסִיפוּ	הוֹסִיף	23
1	הרוויחו	הרוויח	HIFIL		3	Plur	Masc	הִרְוִויחוּ	הִרְוִויחַ	22
1	יפרו	יפר	PAAL		3	Plur	Fem,Masc	יִפְּרוּ	יֶפֶּר	1
1	חייבו	חייב	PIEL		3	Plur	Masc	חַיְּיבוּ	חַיָּיב	5
2	הזמין	הזמין	HIFIL		3	Sing	Masc	הִזְמִין	הִזְמִין	43
1	חוייב	הוייב	PAAL		3	Sing	Masc	חוּיָּיב	הוֹיְיב	1
1	להתלונן	התלונן	HITPAEL	Inf				לְהִתְלוֹנֵן	הִתְלוֹנֵן	5
1	מחק	מחק	PAAL		3	Sing	Masc	מָחַק	מָחַק	3
1	מעלות	מעלה	HIFIL	Part	3	Plur	Fem	מַעֲלוֹת	מַעְלָה	1
1	מכירות	הכיר	PIEL	Part	3	Plur	Fem	מְכִירוֹת	הִכִּיר	141
1	הסתכן	הסתכן	HITPAEL		3	Sing	Masc	הִסְתַכֵּן	הִסְתַכֵּן	1
1	להבד	הבד	HIFIL	Inf				לְהֶבֶד	הַבַּד	1
1	הרוויחה	הרוויח	HIFIL		3	Sing	Fem	הִרְוִויחָה	הִרְוִויחַ	22
1	השלימו	השלים	HIFIL		3	Plur	Fem,Masc	הִשְׁלִימוּ	הִשְׁלִים	7
1	בודקות	בדק	PAAL	Part	3	Plur	Fem	בּוֹדְקוֹת	בָּדַק	52
1	מקבלות	קיבל	HIFIL	Part	1,2,3	Plur	Fem	מְקַבְּלוֹת	קִיבֵּל	245
1	נבדק	נבדק	NIFAL		3	Sing	Masc	נִבְדַּק	נִבְדַּק	2
1	נשקיע	השקיע	HIFIL		1	Plur	Masc	נַשְׁקִיעַ	הִשְׁקִיעַ	8
1	לכו	לך	PAAL		2	Plur	Masc	לָכוּ	לְךָ	1
2	שוחר	שוחר	PAAL	Part	3	Sing	Masc	שׁוֹחֵר	שׁוֹחֵר	3
5	רצח	רצח	PAAL		3	Sing	Masc	רֶצַח	רֶצַח	7
1	מסתב	סיתב	PAAL	Part	3	Sing	Masc	מִסְתָּב	סִּיתֵּב	1
1	נצלול	צלל	PAAL		1	Plur	Masc	נִצְלוּל	צָּלָל	1
1	נשאה	נשא	PAAL		3	Sing	Fem	נָשְׂאָה	נָשָׂא	3
1	להעלם	העלם	HIFIL	Inf				לְהֶעְלֵם	הָעֶלֶם	1
1	שראו	שרא	PAAL		3	Plur	Masc	שֶׁרָאוּ	שֶׁרָא	5
1	התגלה	התגלה	HITPAEL		3	Sing	Masc	הִתְגַּלָה	הִתְגַּלָה	3
3	נמצאה	נמצא	NIFAL		3	Sing	Fem	נִמְצְאָה	נִמְצָא	225
2	הראו	הראה	HIFIL		3	Plur	Masc	הֶרְאוּ	הֶרְאָה	38
1	זיזע	זיזע	PAAL		3	Sing	Masc	זִּיזֵעַ	זִּיזֵעַ	1
1	גילית	גילה	PAAL		2	Sing	Fem	גִּילִית	גִּילָה	37
1	הופעל	הופעל	HUFAL		3	Sing	Masc	הוּפְעַל	הוּפְעַל	1
1	נחקר	נחקר	NIFAL		3	Sing	Masc	נֶחְקַר	נֶחְקַר	1
1	נשער	נשער	NIFAL		3	Sing	Masc	נִשְׁעַר	נִשְׁעַר	1
1	שעבד	שעבד	PAAL		3	Sing	Masc	שֶׁעָבַד	שֶׁעָבַד	1
1	מדביק	הדביק	HIFIL	Part	3	Sing	Masc	מַדְבִּיק	הִדְבִּיק	2
3	נהג	נהג	PAAL		3	Sing	Masc	נַהָג	נַהָג	16
1	מתחזה	התחזה	HITPAEL	Part	3	Sing	Masc	מִתְחַזֶה	הִתְחַזָּה	1
1	להסיר	הסיר	HIFIL	Inf				לְהָסִיר	הֵסִיר	2
1	ביצע	ביצע	PIEL		3	Sing	Masc	בִּיצֵּעַ	בִּיצֵּעַ	6
1	רדף	רדף	PAAL		3	Sing	Masc	רָדַף	רָדַף	1
1	תכנס	כנס	PAAL		3	Sing	Fem	תִּכָּנֵס	כֶּנֶס	12
2	נאמרו	נאמר	NIFAL		3	Plur	Masc	נֶאֶמְּרוּ	נֶאֱמַר	6
1	הוכוונו	הוכוון	HUFAL		3	Plur	Masc	הוּכְוְונוּ	הוּכְוָון	1
1	התגלו	התגלה	HITPAEL		3	Plur	Fem,Masc	הִתְגַּלּוּ	הִתְגַּלָה	3
1	נילה	נילה	PIEL		3	Sing	Fem	נִילָה	נִילָה	1
2	התרחש	התרחש	HITPAEL		3	Sing	Masc	הִתְרַחֵשׁ	הִתְרַחֵשׁ	6
1	נפרצה	נפרץ	NIFAL		3	Sing	Fem	נִפְרְצָה	נִפְרַץ	1
1	לשחזר	שחזר	PIEL	Inf				לְשְַׁחֵזֶר	שֶׁחָזַר	1
1	סיפקו	סיפק	PIEL		3	Plur	Masc	סִּיפְּקוּ	סִּיפֵּק	9
1	הוכיחה	הוכיח	HIFIL		3	Sing	Fem	הוֹכִיחָה	הוֹכִיחַ	13
2	טענה	טען	PAAL		3	Sing	Fem	טַעֲנָה	טָעַן	9
1	נעל	נעל	PAAL		3	Sing	Fem	נַעַל	נַעַל	1
1	קיללה	קילל	PIEL		3	Sing	Fem	קִילְּלָה	קִילֵּל	4
1	לרצוח	רצח	PAAL	Inf				לִרְצוֹחַ	רֶצַח	7
1	תעיר	העיר	PAAL		2	Sing	Masc	תָּעִיר	הָעִיר	4
1	סומן	סומן	PUAL		3	Sing	Masc	סוּמָן	סוּמָן	1
2	הסבירו	הסביר	HIFIL		3	Plur	Masc	הִסְבִּירוּ	הִסְבִּיר	51
1	התבלבל	התבלבל	HITPAEL		3	Sing	Masc	הִתְבַלְבֵּל	הִתְבַלְבֵּל	3
1	הסתדר	הסתדר	HITPAEL		3	Sing	Masc	הִסְתַדֵּר	הִסְתַדֵּר	21
1	הדגים	הדגים	HIFIL		3	Sing	Masc	הַדָּגִים	הַדָּגִים	1
1	גזר	גזר	PAAL		3	Sing	Masc	גְּזָר	גְּזָר	1
1	מדובב	דובב	PUAL	Part	3	Sing	Masc	מְדוּבָּב	דּוֹבֵב	1
2	להרשיע	הרשיע	HIFIL	Inf				לְהַרְשִׁיעַ	הָרָשִׁיעַ	2
1	לערער	ערער	PIEL	Inf				לְעַרְעֵר	עַרְעֵר	1
1	אשם	אשם	PAAL	Part	3	Sing	Masc	אָשָׁם	אָשָׁם	1
1	דעתי	דעה	PAAL		1	Sing	Masc	דַּעְתִּי	דֵּעָה	1
1	נשמעו	נשמע	NIFAL		3	Plur	Masc	נִשְׁמְעוּ	נִשְׁמָע	64
1	להטיל	הטיל	HIFIL	Inf				לְהַטִּיל	הֵטִיל	4
1	חשפה	חשף	PAAL		3	Sing	Fem	חָשְׂפָה	חָשַׂף	1
1	השתלבה	השתלב	HITPAEL		3	Sing	Fem	הִשְׁתַלְּבָה	הִשְׁתַלֵּב	3
1	הורש	הורש	PUAL		3	Sing	Masc	הוֹרַשׁ	הוֹרַשׁ	1
1	מזקים	הזקים	PIEL	Part	3	Plur	Masc	מַזָּקִים	הֲזָקִים	1
1	יצג	יצג	PAAL		3	Sing	Masc	יַצָּג	יַצָּג	1
1	חף	חף	PAAL	Part	3	Sing	Masc	חַף	חַף	1
1	שיבוא	שיבא	PAAL		3	Sing	Masc	שֶׁיָּבוֹא	שִׁיבָּא	1
5	הקשבתם	הקשב	HIFIL		1	Plur	Masc	הַקְשָׁבָתָם	הַקֶּשֶׁב	5
1	סוחב	סחב	PAAL	Part	1,2,3	Sing	Masc	סוֹחֵב	סָּחָב	4
2	הכניסה	הכניס	HIFIL		3	Sing	Fem	הַכְּנִיסָה	הִכְּנִיס	40
1	קשה	קשה	PAAL		3	Sing	Masc	קָשֶׁה	קָשֶׁה	1
1	נקחד	נקחד	NIFAL		3	Sing	Masc	נִקְחָד	נִקְחָד	2
1	מאחדים	איחד	HIFIL	Part	3	Plur	Masc	מְאֻחָדִים	אִיחֵד	2
1	ביטלו	ביטל	PIEL		3	Plur	Masc	בִּיטְּלוּ	בִּיטֵל	9
1	רבים	רב	PAAL	Part	1,2,3	Plur	Masc	רַבִּים	רַב	2
1	להענות	הענה	HITPAEL	Inf				לְהַעֲנוֹת	הֶעֱנָה	2
1	לאתגר	אתגר	PIEL	Inf				לְאֶתְגָּר	אֶתְגָּר	1
1	להריץ	הריץ	HIFIL	Inf				לְהָרִיץ	הֵרִיץ	2
1	שלומך	שלמך	PAAL		2	Sing	Masc	שְׁלוֹמְךָ	שְׁלֹמְךָ	1
1	מחנכת	חינך	PIEL	Part	1	Sing	Fem	מְחַנֶּכֶת	חִינְּךְ	4
1	התנדבתי	התנדב	HITPAEL		1	Sing	Masc	הִתְנַדַּבְתִּי	הִתְנַדֵּב	3
1	נפתחתי	נפתח	PAAL		1	Sing	Masc	נִפְתַּחְתִּי	נִפְתַּחַ	17
1	פגשת	פגש	PAAL		3	Sing	Masc	פָּגַשְׁתָּ	פָּגַשׁ	35
2	מלמדות	לימד	PIEL	Part	3	Plur	Fem	מְלַמְּדוֹת	לִימֵּד	29
1	מעבירה	העביר	HIFIL	Part	1,2,3	Sing	Fem	מַעֲבִירָה	הֶעֱבִיר	40
1	מפצלות	פיצל	PIEL	Part	3	Plur	Fem	מַפְצְלוֹת	פִּיצֵל	1
1	נאלטת	נאלט	NIFAL	Part	1	Sing	Masc	נֶאֱלֶטֶת	נֶאֱלַט	1
1	תואמות	תאם	PAAL	Part	3	Plur	Fem	תּוֹאֲמוֹת	תָּאֵם	2
1	קוראות	קרא	PAAL	Part	1	Plur	Fem	קוֹרְאוֹת	קָרָא	113
1	גוזל	גזל	PAAL	Part	3	Sing	Masc	גּוֹזֵל	גֶּזֶל	1
2	למלא	מילא	PIEL	Inf				לְמַלֵּא	מִילֵּא	5
1	סייע	סייע	PIEL		3	Sing	Masc	סִּייֵּעַ	סִּייֵּעַ	2
1	אמרות	אמר	PAAL	Part	3	Plur	Fem	אֲמָרוֹת	אָמַר	997
1	תמצאי	מצא	PAAL		1	Plur	Masc	תִּמְצְאִי	מָצָא	125
1	ישמור	שמר	PAAL		3	Sing	Masc	יִשְׁמוֹר	שָׁמַר	52
1	להחסיר	החסיר	HIFIL	Inf				לְהַחֲסִיר	הֶחֱסִיר	1
1	מנעלות	ניעל	PIEL	Part	3	Plur	Fem	מַנְעֲלוֹת	נִיעֵל	3
1	להחציר	החציר	HIFIL	Inf				לְהַחֲצִיר	הֶחָצִיר	1
1	מתעסקת	התעסק	HITPAEL	Part	1,2,3	Sing	Fem	מִתְעַסֶּקֶת	הִתְעַסֵּק	20
1	זקוקים	זקוק	PAAL	Part	3	Plur	Masc	זְקוּקִים	זָּקוּק	1
1	מרחיק	מרחיק	HIFIL	Part	3	Sing	Masc	מַרְחִיק	מַרְחִיק	1
2	מתערבים	התערב	HITPAEL	Part	3	Plur	Masc	מִתְעָרְבִים	הִתְעָרֵב	6
1	משקשקת	שקשק	PAAL	Part	1,2,3	Sing	Fem	מְשְַׁקַשֶּׁקֶת	שַׁקְשַׁ	1
1	להשפיל	השפיל	HIFIL	Inf				לְהַשְׁפִּיל	הִשְׁפִּיל	1
1	להתפרץ	התפרץ	HITPAEL	Inf				לְהִתְפָּרֵץ	הִתְפָּרֵץ	1
1	מאירה	האיר	HIFIL	Part	1,2,3	Sing	Fem	מְאִירָה	הֵאִיר	5
1	מתאמצת	התאמץ	HITPAEL	Part	1,2,3	Sing	Fem	מִתְאַמֶּצֶת	הִתְאַמֵּץ	6
1	לומדת	למד	PAAL	Part	1,2,3	Sing	Fem	לוֹמֶדֶת	לָמַד	143
1	לשקול	שקל	PAAL	Inf				לִשְׁקוֹל	שֶׁקֶל	1
1	לברור	ברר	PAAL	Inf				לִבְרוֹר	בָּרָר	1
1	תפרצו	תפרץ	PAAL		3	Plur	Masc	תִּפְרְצוּ	תִּפָּרֵץ	1
1	יגיבו	הגיב	HITPAEL		3	Plur	Fem,Masc	יָגִיבוּ	הֵגִיב	6
1	יגיב	הגיב	HIFIL		3	Sing	Masc	יָגִיב	הֵגִיב	6
1	יטיל	הטיל	HIFIL		3	Sing	Masc	יָטִיל	הֵטִיל	4
1	אשמע	שמע	PAAL		1	Sing	Masc	אֶשְׁמַע	שָׁמַע	173
1	קילל	קילל	PIEL		3	Sing	Masc	קִילֵּל	קִילֵּל	4
1	טועם	טעם	PAAL	Part	3	Sing	Masc	טוֹעֵם	טַעַם	4
1	אוקן	אקן	PIEL		3	Sing	Masc	אוֹקֶן	אָקֵן	1
1	מקללים	קילל	PIEL	Part	3	Plur	Masc	מְקַלְּלִים	קִילֵּל	4
1	מאחלת	איחל	PIEL	Part	1	Sing	Masc	מְאַחֶלֶת	אִיחֵל	28
1	מכילים	הכיל	PIEL	Part	1,2,3	Plur	Masc	מְכִילִים	הֵכִיל	6
1	התאמצתי	התאמץ	HITPAEL		1	Sing	Masc	הִתְאַמַּצְתִּי	הִתְאַמֵּץ	6
1	צוחקות	צחק	PAAL	Part	1	Plur	Fem	צוֹחֲקוֹת	צָּחַק	15
1	התקבלת	התקבל	HITPAEL		1	Sing	Masc	הִתְקַבַּלְתָּ	הִתְקַבֵּל	10
1	נתייחס	התייחס	HIFIL		1	Plur	Masc	נִתְיַיחֵס	הִתְיַיחֵס	32
1	מרכיבים	הרכיב	PIEL	Part	3	Plur	Masc	מַרְכִּיבִים	הָרְכִּיב	5
1	נדפ	נדפ	PAAL		3	Sing	Masc	נָדַפ	נָדַפ	1
1	מחרידות	החריד	PUAL	Part	1,2,3	Plur	Fem	מַחֲרִידוֹת	הֶחֱרִיד	1
1	מספיקה	הספיק	HIFIL	Part	1,2,3	Sing	Fem	מַסְפִּיקָה	הִסְפִּיק	21
1	התמזל	התמזל	HIFIL		3	Sing	Masc	הִתְמַזֵּל	הִתְמַזֵּל	1
1	נזקקים	נזקק	NIFAL	Part	3	Plur	Masc	נִזְקָקִים	נִזְקָק	1
1	נתמכת	נתמך	NIFAL	Part	1,2,3	Sing	Fem	נִתְמֶכֶת	נִתְמַךְ	1
1	מרטיע	הרטיע	HIFIL	Part	3	Sing	Masc	מַרְטִיעַ	הִרְטִיעַ	1
1	מגזימות	הגזים	PIEL	Part	1,2,3	Plur	Fem	מַגְזִימוֹת	הַגָּזִים	4
1	גדלות	גדל	PAAL	Part	3	Plur	Fem	גְּדֵלוּת	גָּדֵל	40
1	מוטל	הוטל	PUAL	Part	1,2,3	Sing	Masc	מוּטָּל	הוּטַל	1
1	יקח	יקח	PAAL		3	Sing	Masc	יִקַּח	יִקַּח	1
1	מכילה	הכיל	HIFIL	Part	1,2,3	Sing	Fem	מְכִילָה	הֵכִיל	6
1	שמסיים	שמסיים	PIEL	Part	3	Sing	Masc	שֶׁמְסַיֵּים	שֶׁמְסַיֵּים	1
2	מוביל	הוביל	HIFIL	Part	3	Sing	Masc	מוֹבִיל	הוֹבִיל	12
1	לשאל	שיאל	PIEL	Inf				לִשְׁאֹל	שִִׂיאֵל	1
1	מעצב	מעצב	PIEL	Part	2	Sing	Masc	מְעַצֵּב	מְעַצֵּב	1
1	הפסדתי	הפסיד	HIFIL		1	Sing	Masc	הִפְסַדְתִּי	הִפְסִיד	8
3	מתקדמת	התקדם	HITPAEL	Part	3	Sing	Fem	מִתְקַדֶּמֶת	הִתְקַדֵּם	12
1	יובילו	הוביל	PAAL		3	Plur	Masc	יוֹבִילוֹ	הוֹבִיל	12
1	מריבים	הריב	PIEL	Part	3	Plur	Masc	מְרִיבִים	הָרִיב	1
1	להתבוסף	התבוסף	HITPAEL	Inf				לְהִתְבּוֹסֵף	הִתְבּוֹסֵף	1
1	תועמות	תעם	PAAL	Part	3	Plur	Fem	תּוֹעֲמוֹת	תַּעַם	5
1	תתאים	התאים	HIFIL		3	Sing	Fem	תַּתְאִים	הִתְאִים	34
1	תבלו	תבל	PAAL		2	Plur	Masc	תָּבְלוּ	תָּבֵל	1
1	נוכחים	נכח	PAAL	Part	3	Plur	Masc	נוֹכְחִים	נָכַח	1
1	תתעניינו	התעניין	HIFIL		3	Plur	Masc	תִּתְעַנְיְינוּ	הִתְעַנְיֵין	10
1	מפספסים	פספס	HIFIL	Part	3	Plur	Masc	מְפַסְפְסִים	פַּסְפָּס	6
1	תאהבו	אהבב	HIFIL		1	Plur	Masc	תֹֹאהֲבוּ	אַהְבָּב	1
2	מובן	הובן	PUAL	Part	1,2,3	Sing	Masc	מוּבָּן	הוּבַּן	2
1	מוקף	הוקף	PUAL	Part	3	Sing	Masc	מוּקָּף	הוּקַּף	2
1	להישמ	הישם	NIFAL	Inf				לְהֶישֵּׁמ	הַיָּשָׁם	1
1	תחליטו	החליט	HIFIL		1	Plur	Masc	תַּחֲלִיטוּ	הֶחֱלִיט	164
1	להתמלא	התמלא	HITPAEL	Inf				לְהִתְמַלֵּא	הִתְמַלֵּא	2
1	אספו	אסף	PAAL		3	Plur	Masc	אָסְפוּ	אָסָף	3
1	שקעו	שקע	PAAL		3	Plur	Masc	שָׁקְעוּ	שֶׁקַע	4
2	להסתגל	הסתגל	HITPAEL	Inf				לְהִסְתַגֵּל	הִסְתַגֵּל	3
1	משתנים	משתנה	HITPAEL	Part	3	Plur	Masc	מִשְׁתַּנִּים	מִשְׁתַנֶּה	1
1	שוקע	שקע	PAAL	Part	3	Sing	Masc	שׁוֹקֵעַ	שֶׁקַע	4
1	טובל	טובל	PAAL	Part	3	Sing	Masc	טוֹבֵּל	טוֹבֵּל	1
1	מבלבלת	בלבל	HIFIL	Part	1,2,3	Sing	Fem	מְבַלְבֶּלֶת	בִּלְבֵּל	2
1	נשכבים	נשכב	PAAL	Part	3	Plur	Masc	נִשְׁכָּבִים	נִשְׁכַּב	1
1	למים	ה	PAAL	Inf				לַמַּיִם	ה	1
1	הציפה	הציף	HIFIL		3	Sing	Fem	הֵצִיפָה	הֵצִיף	1
1	ששוכבים	ששוכבים	PAAL	Part	3	Plur	Masc	שֶׁשׁוֹכְבִים	שֶׁשׁוֹכְבִים	1
1	מציל	הציל	HIFIL	Part	1,2,3	Sing	Masc	מַצִּיל	הִצִּיל	9
1	לשקוע	שקע	PAAL	Inf				לִשְׁקוֹעַ	שֶׁקַע	4
1	מצילים	הציל	PIEL	Part	3	Plur	Masc	מַצִּילִים	הִצִּיל	9
1	יפתיע	הפתיע	HIFIL		3	Sing	Masc	יַפְתִּיעַ	הִפְתִּיעַ	4
1	המים	המים	PAAL	Part	3	Plur	Masc	הַמַּיִם	הַמַּיִם	1
1	להתרחץ	התרחץ	HITPAEL	Inf				לְהִתְרַחֵץ	הִתְרַחֵץ	1
1	צורב	צורב	PAAL	Part	1,2,3	Sing	Masc	צוֹרֵב	צוֹרֵב	1
2	להזהיר	הזהיר	HIFIL	Inf				לְהַזְהִיר	הִזְהִיר	6
1	תפתחו	תפתח	HIFIL		2	Plur	Masc	תִּפְתְּחוּ	תִּפְתַּחַ	1
2	מעמידים	העמיד	HIFIL	Part	3	Plur	Masc	מַעֲמִידִים	הֶעֱמִיד	2
2	נעלמים	נעלם	NIFAL	Part	3	Plur	Masc	נֶעֱלָמִים	נֶעֱלַם	11
1	תכפילו	הכפיל	HIFIL		1	Plur	Masc	תַּכְפִּילוּ	הִכְפִּיל	1
2	מאבד	איבד	PIEL	Part	1,2,3	Sing	Masc	מְאַבֵּד	אִיבֵּד	12
1	מתחממים	התחמם	HITPAEL	Part	3	Plur	Masc	מִתְחַמְמִים	הִתְחַמֵּם	2
2	מתעדים	תיעד	PIEL	Part	3	Plur	Masc	מַתְעַדִים	תִּיעֵד	2
1	חסמו	חסם	PAAL		3	Plur	Masc	חָסְמוּ	חֶסֶם	2
1	הסיטו	הסיט	HIFIL		3	Plur	Masc	הֵסִּיטוּ	הֵסִיט	1
1	מגשמים	גישם	PIEL	Part	3	Plur	Masc	מִגְּשָׁמִים	גִּישֵּׁם	1
1	מפיקים	הפיק	HIFIL	Part	3	Plur	Masc	מְפִּיקִים	הֵפִיק	4
1	מעכב	עיכב	PIEL	Part	1,2,3	Sing	Masc	מְעַכֵּב	עִיכֵּב	1
1	לאעת	יאע	PAAL	Inf				לְאַעַת	יֹאע	1
2	מספקת	סיפק	PIEL	Part	3	Sing	Fem	מְסַפֶּקֶת	סִּיפֵּק	9
1	מצטבר	הצטבר	HITPAEL	Part	3	Sing	Masc	מִצְטַבֵּר	הִצְטַבֵּר	4
1	נעלמות	נעלם	NIFAL	Part	3	Plur	Fem	נֶעֱלָמוֹת	נֶעֱלַם	11
1	חוזרות	חוזר	PAAL	Part	3	Plur	Fem	חוֹזְרוֹת	חוֹזֵר	1
1	נפאר	נפאר	NIFAL	Part	3	Sing	Masc	נִפְאַר	נִפְאַר	1
1	מרמז	רימז	PIEL	Part	3	Sing	Masc	מְרַמֵּז	רִּימֵּז	1
1	בולע	בלע	PAAL	Part	3	Sing	Masc	בּוֹלֵעַ	בָּלַע	3
1	בולען	בולען	PAAL		3	Sing	Masc	בּוּלְעָן	בּוּלְעָן	1
1	בלה	בל	PAAL		3	Sing	Masc	בָּלָה	בֵּל	1
1	הוחיקה	הוחיק	HIFIL		3	Sing	Fem	הוֹחִיקָה	הוֹחִיק	1
1	מצטמצ	צטמץ	HITPAEL	Part	3	Sing	Masc	מִצְטַמֵּצ	צִּטְמֵץ	1
1	קורסת	קרס	PAAL	Part	3	Sing	Fem	קוּרְסַת	קֶרֶס	2
1	נופלת	נפל	PAAL	Part	3	Sing	Fem	נוֹפֶּלֶת	נָפַל	20
1	עבוד	עבד	PAAL		3	Sing	Masc	עָבוֹד	עָבַד	226
1	נהרס	נהרס	NIFAL		3	Sing	Masc	נֶהֱרַס	נֶהֱרַס	1
1	תשנה	שינה	HIFIL		3	Sing	Fem	תִּשְׁנָה	שֵׁינָה	70
1	שיעשו	שיעש	PAAL		3	Plur	Masc	שֶׁיַּעֲשׂוּ	שִׁיעַשׂ	1
1	תפגע	פגע	NIFAL		3	Sing	Fem	תִּפְגַּע	פָּגַע	36
1	תקטיב	הקטיב	PAAL		3	Sing	Masc	תַּקְטִיב	הַקְּטִיב	1
1	תין	תין	PAAL		3	Sing	Masc	תִּין	תִּין	1
2	שקשה	שקש	PAAL		3	Sing	Masc	שֶׁקְשֶׁה	שֶׁקֶשׁ	7
1	מזהירים	הזהיר	HIFIL	Part	3	Plur	Masc	מַזְהִירִים	הִזְהִיר	6
1	נכתבים	נכתב	NIFAL	Part	3	Plur	Masc	נִכְתָּבִים	נִכְתַּב	6
1	הוכיח	הוכיח	HIFIL		3	Sing	Masc	הוֹכִיחַ	הוֹכִיחַ	13
1	נחליט	החליט	HIFIL		1	Plur	Masc	נַחֲלִיט	הֶחֱלִיט	164
1	למייל	מייל	PIEL	Inf				לְמֵיְיל	מַּיְיל	1
4	לעסוק	עסק	PAAL	Inf				לַעֲסוֹק	עֵסֶק	36
1	נעצרים	נעצר	NIFAL	Part	3	Plur	Masc	נֶעֱצָרִים	נֶעֱצַר	5
1	התכוונו	התכוון	HIFIL		3	Plur	Masc	הִתְכַוְּונוּ	הִתְכַוֵּון	26
1	משפשפים	שיפשף	HIFIL	Part	1	Plur	Masc	מְשְַׁפְשְׁפִים	שִׁיפְשֵּׁף	1
6	נחתום	חתם	NIFAL	Part	3	Sing	Masc	נֶחְתּוֹם	חָתָם	16
7	מעיד	העיד	HIFIL	Part	1,2,3	Sing	Masc	מֵעִיד	הֵעִיד	9
1	נפרק	נפרק	PAAL		1	Plur	Masc	נִפְרַק	נִפְרַק	1
1	חותמים	חתם	PAAL	Part	3	Plur	Masc	חוֹתְמִים	חָתָם	16
1	מוצלח	מוצלח	PAAL	Part	1,2,3	Sing	Masc	מוּצְלָח	מוּצְלָח	1
1	תבואו	בא	PAAL		1	Plur	Masc	תָּבוֹאוּ	בָּא	264
1	מחש	מחש	PAAL		3	Sing	Masc	מָחָשׁ	מָחָשׁ	1
1	משיך	השיך	PIEL		3	Sing	Masc	מָשִׁיךְ	הִשִּׁיךְ	1
1	מונחת	הונח	PUAL	Part	3	Sing	Fem	מוּנַּחַת	הוּנַּחַ	2
1	מסודרים	מסודר	PUAL	Part	3	Plur	Masc	מְסוּדָּרִים	מְסוּדָּר	1
1	חתכה	חתך	PAAL		3	Sing	Fem	חָתְכָה	חֲתָךְ	5
1	ללעוס	עעס	PAAL	Inf				לִלְעוֹס	עַעַס	1
2	התאפקו	התאפק	HITPAEL		3	Plur	Fem,Masc	הִתְאַפְּקוּ	הִתְאַפֵּק	2
1	נחנק	נחנק	NIFAL		3	Sing	Masc	נֶחֱנַק	נֶחֱנַק	1
1	ירק	ירק	PAAL		3	Sing	Masc	יָרָק	יָרָק	1
1	להעיד	העיד	HIFIL	Inf				לְהָעִיד	הֵעִיד	9
2	בישלת	בישל	PIEL		3	Sing	Fem	בִּישַּׁלְתָּ	בִּישֵּׁל	18
1	לשת	נש	PAAL		3	Sing	Fem	לֶשֶׁת	נָשׁ	1
1	גרמת	גרם	PAAL	Part	2	Sing	Masc	גָּרֶמֶת	גָּרַם	107
2	בישל	בישל	PIEL		3	Sing	Masc	בִּישֵּׁל	בִּישֵּׁל	18
1	לחלוב	חלב	PAAL	Inf				לַחֲלוֹב	חָלָב	1
1	That	Tat						That	Tat	1
1	יודעו	יודע	NIFAL		3	Plur	Masc	יוֹדְעוּ	יוֹדֵעַ	1
1	פרגנה	פרגן	PAAL		3	Sing	Fem	פִּרְגְּנָה	פַּרְגָּן	1
1	הבטיח	הבטיח	HIFIL		3	Sing	Masc	הִבְטִיחַ	הִבְטִיחַ	18
1	בישלתי	בישל	PIEL		1	Sing	Masc	בִּישַּׁלְתִּי	בִּישֵּׁל	18
1	התפל	התפל	PAAL		3	Sing	Masc	הִתְפֵּל	הִתְפֵּל	1
1	אבטל	ביטל	HIFIL		1	Sing	Masc	אֲבַטֵּל	בִּיטֵל	9
1	יזרוק	זרק	HIFIL		3	Sing	Masc	יִזְרוֹק	זָּרַק	16
1	חותר	חתר	PAAL	Part	3	Sing	Masc	חוֹתֵּר	חָתַר	1
1	תאמר	אמר	PAAL		2	Sing	Masc	תֹֹאמַר	אָמַר	997
1	חשבתם	חשב	PAAL		1	Plur	Masc	חֲשַׁבְתֶּם	חָשַׁב	318
1	קפצתם	קפץ	PAAL		1	Plur	Masc	קְפַצְתֶּם	קָפַץ	28
1	רעבים	רעב	PAAL	Part	3	Plur	Masc	רְעֵבִים	רָעָב	1
1	הניח	הניח	HIFIL		3	Sing	Masc	הִנִּיחַ	הִנִּיחַ	22
1	תתכבד	התכבד	HITPAEL		3	Sing	Fem	תִּתְכַבֵּד	הִתְכַבֵּד	1
1	מתגים	מתג	PIEL	Part	3	Plur	Masc	מְתָגִים	מֶתֶג	1
1	הזמינה	הזמין	HIFIL		3	Sing	Fem	הִזְמִינָה	הִזְמִין	43
1	צוחקת	צחק	PAAL	Part	1,2,3	Sing	Fem	צוֹחֶקֶת	צָּחַק	15
1	שרבה	שרב	PAAL		3	Sing	Fem	שָׁרְבָּה	שָׁרָב	1
1	התנשפה	התנשף	HITPAEL		3	Sing	Fem	הִתְנַשְּׁפָה	הִתְנַשֵּׁף	1
1	התיישבו	התיישב	HITPAEL		3	Plur	Fem,Masc	הִתְיַישְּׁבוּ	הִתְיַישֵּׁב	8
1	להגזים	הגזים	HITPAEL	Inf				לַהֲגָזִים	הַגָּזִים	4
1	יטרו	טרה	PAAL		3	Plur	Masc	יַטְּרוֹ	טָּרָה	1
1	הוסיפו	הוסיף	HIFIL		3	Plur	Masc	הוֹסִיפוּ	הוֹסִיף	23
3	לריצה	ריצה	PAAL	Inf				לָרִיצָה	רִיצָה	8
1	הסתפקה	הסתפק	HITPAEL		3	Sing	Fem	הִסְתַפְּקָה	הִסְתַפֵּק	3
1	להירשם	נרשם	HITPAEL	Inf				לְהֵירָשֵׁם	נִרְשָׁם	6
1	נאלצה	נאלץ	NIFAL		3	Sing	Fem	נֶאֶלְצָה	נֶאֱלַץ	5
2	רצים	רץ	PAAL	Part	3	Plur	Masc	רָצִים	רָץ	10
1	שלקחו	שלקח	PAAL		3	Plur	Masc	שֶׁלָּקְחוּ	שֶׁלָּקַח	1
1	הרגישה	הרגיש	HIFIL		3	Sing	Fem	הִרְגִּישָׁה	הִרְגִּישׁ	148
1	תבעשה	הבעשה	PAAL		3	Sing	Fem	תִּבַעֲשֶׂה	הַבַּעֲשָׁה	1
1	תעקש	עיקש	PAAL		3	Sing	Masc	תַּעֲקֹשׁ	עִיקֵּשׁ	1
1	לאכזב	אכזב	PIEL	Inf				לְאַכְזֵב	אִכְזֵב	1
2	שברה	שבר	PAAL		3	Sing	Fem	שָׁבְרָה	שֶׁבֶר	16
1	יבדיל	הבדיל	HIFIL		3	Sing	Masc	יַבְדִּיל	הִבְדִּיל	3
1	כנעה	כנעה	PAAL		3	Sing	Fem	כָּנְעָה	כָּנְעָה	1
1	תפסו	תפס	PAAL		3	Plur	Masc	תָּפְסוּ	תָּפַס	17
1	התביישה	התבייש	HITPAEL		3	Sing	Fem	הִתְבַּיְישָׁה	הִתְבַּיֵּישׁ	6
1	נפסלו	נפסל	NIFAL		3	Plur	Masc	נִפְסְלוּ	נִפְסַל	2
1	תישאר	נשאר	NIFAL		3	Sing	Fem	תִּישָּׁאֵר	נִשְׁאַר	101
1	חיקה	חיקה	PIEL		3	Sing	Fem	חֵיקָה	חֵיקָה	6
1	התיישבה	התיישב	HITPAEL		3	Sing	Fem	הִתְיַישְּׁבָה	הִתְיַישֵּׁב	8
1	הביטה	הביט	HIFIL		3	Sing	Fem	הִבִּיטָה	הִבִּיט	2
1	שכחת	שכחה	PAAL		1	Sing	Masc	שָׁכַחְתָּ	שָׁכְחָה	1
1	תדברי	דיבר	PAAL		1	Plur	Masc	תְּדַבְּרִי	דִּיבֵּר	359
1	כחת	כחת	PAAL		3	Sing	Fem	כָּחַת	כָּחַת	2
1	מבטיחה	הבטיח	HIFIL	Part	1	Sing	Fem	מַבְטִיחָה	הִבְטִיחַ	18
1	מתגעגע	התגעגע	HITPAEL	Part	1	Sing	Masc	מִתְגְַעְגֵּעַ	הִתְגְַעְגֵּעַ	7
1	ביטלתי	ביטל	PIEL		1	Sing	Masc	בִּיטַּלְתִּי	בִּיטֵל	9
1	שילמתי	שילם	PIEL		1	Sing	Masc	שִׁילַּמְתִּי	שִׁילֵּם	54
1	יוחזר	הוחזר	HUFAL		3	Sing	Masc	יוּחְזַר	הוּחְזַר	2
1	להתנחם	התנחם	HITPAEL	Inf				לְהִתְנַחֵם	הִתְנַחֵם	1
1	הוצאתי	הוציא	HIFIL		1	Sing	Masc	הוֹצֵאתִי	הוֹצִיא	62
1	ילמתי	ילם	PAAL		1	Sing	Masc	יָלַמְתִּי	יֵלֵם	2
1	מביך	מביך	HIFIL	Part	1,2,3	Sing	Masc	מֵבִיךְ	מֵבִיךְ	1
2	הלוך	הלך	PAAL		3	Sing	Masc	הָלוֹךְ	הָלַךְ	266
1	שתס	שתס	PAAL		3	Sing	Masc	שֶׁתֶס	שֶׁתֶס	1
1	גובות	גבה	PAAL	Part	3	Plur	Fem	גּוֹבוֹת	גַּבָּה	1
1	סימה	סימה	PIEL		3	Sing	Fem	סִּימָה	סִּימָה	1
2	מטפלת	טיפל	PIEL	Part	1,2,3	Sing	Fem	מְטַפֶּלֶת	טִיפֵּל	13
1	שמרת	שמר	PAAL		2	Sing	Masc	שָׁמַרְתָּ	שָׁמַר	52
1	הייתי	היה	PAAL		1	Sing	Masc	הָיִיתִי	הָיָה	350
1	אעבור	עבר	PAAL		1	Sing	Masc	אֶעֱבוֹר	עָבַר	261
1	יכלתי	יכל	PAAL		1	Sing	Masc	יָכֹלְתִי	יָכֹל	9
1	בנית	בנה	PAAL		3	Sing	Fem	בָּנִית	בְּנָהּ	21
2	הבאתי	הבא	HIFIL		1	Sing	Masc	הֵבֵאתִי	הַבָּא	2
2	מתגעגעת	התגעגע	HITPAEL	Part	1	Sing	Fem	מִתְגְַעְגַּעַת	הִתְגְַעְגֵּעַ	7
1	תגעגעת	געגע	PAAL		3	Sing	Fem	תְּגַעְגַּעַת	גַּעְגַּע	2
1	מתכוונות	התכוון	HIFIL	Part	3	Plur	Fem	מִתְכַוְּונוֹת	הִתְכַוֵּון	26
2	מתחברת	התחבר	HITPAEL	Part	1,2,3	Sing	Fem	מִתְחַבֶּרֶת	הִתְחַבֵּר	24
1	מזהירה	הזהיר	HIFIL	Part	1,2,3	Sing	Fem	מַזְהִירָה	הִזְהִיר	6
1	מתנהלים	התנהל	HITPAEL	Part	3	Plur	Masc	מִתְנַהֲלִים	הִתְנַהֵל	12
1	מעדיפה	העדיף	HIFIL	Part	1	Sing	Fem	מַעֲדִיפָה	הֶעֱדִיף	19
1	רקים	רקה	PAAL	Part	1	Plur	Masc	רַקִּים	רַקָּה	1
1	טביע	הביע	HIFIL	Part	3	Sing	Masc	טַבִּיעַ	הִבִּיעַ	3
1	סורגת	סרג	PAAL	Part	1,2,3	Sing	Fem	סוֹרֶגֶת	סֶּרֶג	2
1	סרגה	סרג	PAAL		3	Sing	Fem	סָּרְגָה	סֶּרֶג	2
1	להתעורר	התעורר	HITPAEL	Inf				לְהִתְעוֹרֵר	הִתְעוֹרֵר	11
2	נגעת	נגע	PAAL		1	Sing	Fem	נַָגְַעַת	נָגַע	24
2	מזדעה	הזדעה	PIEL	Part	1,2,3	Sing	Fem	מִזְדָּעָה	הַזְּדָּעָה	2
1	מאמינה	האמין	HIFIL	Part	1	Sing	Fem	מַאֲמִינָה	הֶאֱמִין	26
1	להתחמם	התחמם	HITPAEL	Inf				לְהִתְחַמֵּם	הִתְחַמֵּם	2
1	נעסים	נעסה	NIFAL	Part	3	Plur	Masc	נְעָסִים	נַעֲסָה	1
1	חלס	חלס	PAAL		3	Sing	Masc	חֶלֶס	חֶלֶס	1
2	מתקשים	התקשה	HITPAEL	Part	3	Plur	Masc	מִתְקַשִׁים	הִתְקַשָּׁה	3
1	הוספתי	הוסיף	HIFIL		1	Sing	Masc	הוֹסַפְתִּי	הוֹסִיף	23
1	בן	בן	PAAL	Part	2	Sing	Masc	בֶּן	בֶּן	1
1	להיזכר	נזכר	HITPAEL	Inf				לְהִיזָּכֵר	נִזְכַּר	9
1	גורשתי	גרש	PAAL		1	Sing	Masc	גּוֹרַשְׁתִּי	גֶּרֶשׁ	1
1	שתחיל	שתחיל	HIFIL		3	Sing	Masc	שַׁתְחִיל	שַׁתְחִיל	1
1	הרע	הרע	PAAL		3	Sing	Masc	הָרַע	הָרַע	1
1	יכולתי	יכל	PAAL		1	Sing	Masc	יָכוֹלְתִּי	יָכֹל	9
3	נוהג	נהג	PAAL	Part	2	Sing	Masc	נוֹהֵג	נַהָג	16
1	היכרתי	היכר	HIFIL		1	Sing	Masc	הִיכָּרָתִי	הֶיכֵּר	1
1	משעמם	משעמם	PUAL	Part	1,2,3	Sing	Masc	מְשְַׁעֲמֵם	מְשְַׁעֲמֵם	1
1	יאירו	האיר	PAAL		3	Plur	Masc	יָאִירוֹ	הֵאִיר	5
1	מגוון	מגוון	PIEL	Part	3	Sing	Masc	מִגְּוָון	מִגְּוָון	1
1	נסבלת	נסבל	NIFAL	Part	3	Sing	Fem	נִסְבֶּלֶת	נִסְבָּל	1
1	קרוחה	קרח	PAAL		3	Sing	Fem	קְרוּחָה	קֶרַח	1
1	לכבות	לכבות	PIEL	Inf				לְכַבּוֹת	לְכַבּוֹת	1
1	חיביתי	חיבה	PAAL		1	Sing	Masc	חִיבִּיתִי	חִיבָּה	1
2	מתרגל	התרגל	HITPAEL	Part	1,2,3	Sing	Masc	מִתְרַגֵּל	הִתְרַגֵּל	11
4	לכוון	כיוון	PAAL	Inf				לְכַוּוֹן	כִּיוּוּן	6
1	הגה	הגה	HIFIL		3	Sing	Masc	הֶגֶּה	הֶגֶּה	1
1	מראות	הראה	PAAL	Part	3	Plur	Fem	מַרְאוֹת	הֶרְאָה	38
1	מעסיקה	העסיק	PIEL	Part	1,2,3	Sing	Fem	מַעֲסִיקָה	הֶעֱסִיק	1
1	חונה	חנה	PAAL	Part	3	Sing	Masc	חוֹנָה	חַנָּה	2
1	מתדליקים	התדליק	PIEL	Part	3	Plur	Masc	מַתְַדְלִיקִים	הִתְַדְלִיק	1
2	זורק	זרק	PAAL	Part	1	Sing	Masc	זוֹרֵק	זָּרַק	16
1	להשאה	השאה	PAAL	Inf				לְהַשָּׁאָה	הַשָּׁאָה	1
1	מתדלק	התדלק	HITPAEL	Part	3	Sing	Masc	מִתְדַלֵּק	הִתְדַּלֵק	1
1	מכנה	כינה	PIEL	Part	1,2,3	Sing	Masc	מְכַנֶּה	כִּינָּה	1
1	נרגעו	נרגע	NIFAL		3	Plur	Masc	נִרְגְּעוּ	נִרְגַּע	4
1	נקל	הקל	PAAL		1	Sing	Masc	נָקֵל	הַקַּל	3
3	בורחים	ברח	PAAL	Part	3	Plur	Masc	בּוֹרְחִים	בָּרַח	17
1	מצמצם	צמצם	PIEL	Part	1,2,3	Sing	Masc	מְצַמְצֵם	צִּמְצֵם	2
1	רוד	רוד	PAAL		3	Sing	Masc	רוֹד	רוֹד	1
1	רוויחים	רוויח	PAAL	Part	3	Plur	Masc	רְוִויחִים	רָוִויחַ	1
1	מתגמלים	התגמל	HITPAEL	Part	3	Plur	Masc	מִתְגַמְּלִים	הִתְגַּמֵּל	4
1	מונהגים	הונהג	PUAL	Part	3	Plur	Masc	מוּנְהָגִים	הוּנְהַג	1
1	יתחשבו	התחשב	PAAL		3	Plur	Masc	יִתְחַשְּׁבוּ	הִתְחַשֵּׁב	7
3	להתפרסם	התפרסם	HITPAEL	Inf				לְהִתְפַּרְסֵם	הִתְפַרְסֵם	8
1	להמון	המן	PAAL	Inf				לֶהָמוֹן	הָמָן	1
1	שאומר	שומר	PAAL	Part	3	Sing	Masc	שֶׁאוֹמֵר	שׁוֹמֵר	1
1	אישר	אישר	PIEL		3	Sing	Masc	אִישֵּׁר	אִישֵּׁר	2
1	נספרה	נספר	NIFAL		3	Sing	Fem	נִסְפְּרָה	נְסַפֵּר	6
2	קוצצים	קצץ	PAAL	Part	3	Plur	Masc	קוֹצְצִים	קָצַץ	3
1	מתבשל	התבשל	HITPAEL	Part	3	Sing	Masc	מִתְבַשֵּׁל	הִתְבַשֵּׁל	2
1	קצץ	קצץ	PAAL		3	Sing	Masc	קָצַץ	קָצַץ	3
1	הרטיח	הרטיח	HIFIL		3	Sing	Masc	הִרְטִיחַ	הִרְטִיחַ	1
1	תפתחה	הפתחה	PAAL		3	Sing	Fem	תִּפְתְּחָה	הַפְּתָחָה	1
1	אדע	אדע	PAAL		1	Sing	Masc	אֵדַע	אֵדַע	1
1	תעלם	עילם	PAAL		3	Sing	Fem	תֵּעָלֵם	עִילָּם	1
1	בסיר	הסיר	PAAL		3	Sing	Masc	בָּסִיר	הֵסִיר	2
1	הופטה	הופט	HUFAL		3	Sing	Masc	הוּפְּטָה	הוּפַּט	1
1	התרגש	התרגש	HITPAEL		3	Sing	Masc	הִתְרַגֵּשׁ	הִתְרַגֵּשׁ	18
1	שכח	שכח	PAAL		3	Sing	Masc	שָׁכַח	שָׁכַח	17
1	שחיקו	שחיק	HIFIL		3	Plur	Masc	שְׁחִיקוֹ	שְׁחִיק	1
1	התערכו	התערך	HITPAEL		3	Plur	Fem,Masc	הִתְעָרְכוּ	הִתְעָרֵךְ	4
1	נחסמו	נחסם	NIFAL		3	Plur	Masc	נֶחְסְמוּ	נֶחְסַם	2
1	פוגע	פגע	PAAL	Part	3	Sing	Masc	פּוֹגֵעַ	פָּגַע	36
1	ליעד	ליעד	PAAL	Inf				לְיַעַד	לְיַעַד	1
1	לקנה	לקן	PIEL	Inf				לִקְנֶה	לְקֵן	1
1	ננסה	ניסה	HIFIL		1	Plur	Masc	נְנַסֶּה	נִיסָּה	85
1	הוצאו	הוצא	HUFAL		3	Plur	Masc	הוּצְאוּ	הוּצָּא	9
1	להסתתר	הסתתר	HITPAEL	Inf				לְהִסְתַתֵּר	הִסְתַתֵּר	4
1	לאשתך	אשתך	PAAL	Inf				לְאִשְׁתְּךָ	אִשְׁתְּךָ	1
1	לצמצם	צמצם	PIEL	Inf				לְצַמְצֵם	צִּמְצֵם	2
1	מייצרות	ייצר	PIEL	Part	3	Plur	Fem	מְיַיצְּרוֹת	יִיצֵּר	33
1	נבדקות	נבדק	NIFAL	Part	3	Plur	Fem	נִבְדָּקוֹת	נִבְדַּק	2
1	לסמוך	סמך	PAAL	Inf				לִסְמוֹךְ	סָּמַךְ	1
1	תמצא	מצא	PAAL		3	Sing	Fem	תִּמְצָא	מָצָא	125
1	נפרדה	נפרד	NIFAL		3	Sing	Fem	נִפְרְדָה	נִפְרָד	10
1	תסה	תסה	PAAL		3	Sing	Fem	תָּסָה	תָּסָה	1
1	התכופפה	התכופף	HITPAEL		3	Sing	Fem	הִתְכּוֹפְּפָה	הִתְכּוֹפֵּף	2
1	נגעה	נגע	PAAL		3	Sing	Fem	נָּגְעָה	נָגַע	24
1	הרימה	הרים	HIFIL		3	Sing	Fem	הֵרִימָה	הָרִים	26
1	אישרו	אישר	PIEL		3	Plur	Masc	אִישְּׁרוּ	אִישֵּׁר	2
1	שסיכם	שסיכם	PIEL		3	Sing	Masc	שֶׁסִּיכֵּם	שֶׁסִּיכֵּם	1
1	נמדד	נמדד	NIFAL	Part	3	Sing	Masc	נִמְדָּד	נִמְדָּד	2
1	שעברת	שעבר	PAAL		1	Sing	Masc	שֶׁעָבַרְתָּ	שֶׁעָבַר	1
1	מחברים	מחבר	PIEL	Part	3	Plur	Masc	מְחַבְּרִים	מְחַבֵּר	1
1	תקבלת	קיבל	PAAL		3	Sing	Fem	תְּקַבַּלְתָּ	קִיבֵּל	245
1	פנתה	פנה	PAAL		3	Sing	Fem	פָּנְתָה	פָּנָה	16
1	טופל	טופל	PUAL		3	Sing	Masc	טוֹפֵּל	טוֹפֵּל	1
1	לנגן	ניגן	PIEL	Inf				לְנַגֵּן	נִיגֵּן	1
1	בוטל	בוטל	PUAL		3	Sing	Masc	בּוּטַּל	בּוּטַּל	3
1	לצייט	צייט	PIEL	Inf				לְצַיֵּיט	צַּיְיט	1
1	הנס	הנס	PAAL		3	Sing	Masc	הַנֵּס	הַנֵּס	1
1	צטרפה	צטרף	PAAL		3	Sing	Fem	צִּטְרְפָה	צִּטְרֵף	1
1	אשב	ישב	PAAL		1	Sing	Masc	אֵשֵׁב	יָשְַׁב	65
1	לוודא	וידא	PIEL	Inf				לְוַודֵּא	וִידָּא	1
1	מתלוננת	התלונן	HITPAEL	Part	1,2,3	Sing	Fem	מִתְלוֹנֶנֶת	הִתְלוֹנֵן	5
2	ירגישו	הרגיש	HIFIL		3	Plur	Masc	יַרְגִּישׁוּ	הִרְגִּישׁ	148
1	נוגעות	נגע	PAAL	Part	3	Plur	Fem	נוֹגְעוֹת	נָגַע	24
2	לעקוף	עקף	PAAL	Inf				לַעֲקוֹף	עָקַף	2
1	הורשאו	הורשא	HUFAL		3	Plur	Masc	הוּרְשְׁאוּ	הוֹרְשָׁא	1
1	חשוד	חשד	PAAL		3	Sing	Masc	חָשׁוּד	חֲשָׁד	1
1	משלבת	שילב	PIEL	Part	1,2,3	Sing	Fem	מְשְַׁלֶבֶת	שִׁילֵב	3
1	תחששו	חשש	HIFIL		1	Plur	Masc	תַּחְשְׁשׁוּ	חֲשָׁשׁ	4
1	תפחדו	תפחד	PAAL		3	Plur	Masc	תִּפְחֲדוּ	תִּפְחַד	1
1	יומר	ימר	PAAL	Part	3	Sing	Masc	יוֹמַר	יָמַר	1
1	מאמן	אימן	PIEL	Part	1	Sing	Masc	מְאַמֵּן	אִימָּן	4
1	להקנות	להקנות	HIFIL	Inf				לְהַקְנוֹת	לְהַקְנוֹת	1
1	חוויתי	חווה	PIEL		1	Sing	Masc	חָוִויתִי	חַוָּוָה	14
1	נגע	נגע	PAAL		3	Sing	Masc	נָגַע	נָגַע	24
1	ליוה	ליוה	PAAL		3	Sing	Masc	לִיְוָה	לִיְוָה	1
1	יבק	יבק	PAAL		3	Sing	Masc	יָבָק	יָבָק	1
1	הגדיר	הגדיר	HIFIL		3	Sing	Masc	הִגְדִּיר	הִגְדִּיר	8
1	נהפכתי	נהפך	NIFAL		1	Sing	Masc	נֶהֱפַכְתִּי	נֶהֱפַךְ	1
1	לאמן	אימן	PIEL	Inf				לְאַמָּן	אִימָּן	4
2	אימנתי	אימן	PIEL		1	Sing	Masc	אִימַּנְתִּי	אִימָּן	4
1	להכשיר	הכשיר	HIFIL	Inf				לְהַכְשִׁיר	הַכְּשִׁיר	1
1	תפסתי	פיסת	PAAL		1	Sing	Masc	תָּפַסְתִּי	פִּיסַּת	1
2	להתאמת	התאמת	HIFIL	Inf				לְהַתְאָמַת	הַתְּאָמַת	2
2	להגדיר	הגדיר	HIFIL	Inf				לְהַגְדִּיר	הִגְדִּיר	8
1	פגשתי	פגש	PAAL		1	Sing	Masc	פָּגַשְׁתִּי	פָּגַשׁ	35
1	הצלחת	הצלחה	HIFIL		1	Sing	Masc	הַצְּלָחַת	הַצְּלָחָה	1
1	התאמנתי	התאמן	HITPAEL		1	Sing	Masc	הִתְאַמַּנְתִּי	הִתְאַמֵּן	9
2	צריכת	צריכה	PAAL	Part	1,2,3	Sing	Fem	צְּרִיכַת	צְּרִיכָה	2
1	הפגיש	הפגיש	HIFIL		3	Sing	Masc	הִפְגִּישׁ	הִפְגִּישׁ	1
1	תמכה	תמך	PAAL		3	Sing	Fem	תָּמְכָה	תָּמֵךְ	33
2	לפצח	פיצח	PIEL	Inf				לִפְצֹחַ	פִּיצֵּחַ	2
1	להניע	הניע	HIFIL	Inf				לְהָנִיעַ	הֵנִיעַ	1
1	בדקת	בדק	PAAL		3	Sing	Masc	בָּדַקְתָּ	בָּדַק	52
1	להתבלט	התבלט	HITPAEL	Inf				לְהִתְבַלֵּט	הִתְבַלֵּט	1
1	שואף	שאף	PAAL	Part	1,2,3	Sing	Masc	שׁוֹאֵף	שֶׁאַף	1
1	מאגדת	איגד	PIEL	Part	3	Sing	Fem	מַאֲגֶּדֶת	אִיגָּד	1
1	להיקחד	נקחד	HITPAEL	Inf				לְהִיקָּחֵד	נִקְחָד	2
1	ידחו	ידח	PAAL		3	Plur	Masc	יִדְּחוּ	יָדַח	1
1	מתעתקן	התעתקן	HITPAEL	Part	1,2,3	Sing	Masc	מְתַעְתְקָן	הִתְעַתְקֵן	1
1	שיודע	שודע	HIFIL	Part	3	Sing	Masc	שֶׁיּוֹדֵעַ	שׁוֹדֵעַ	1
1	יצבה	יצב	PAAL		3	Sing	Fem	יָצְבָה	יֶצֶב	1
1	קורץ	קרץ	PAAL	Part	3	Sing	Masc	קוֹרְץ	קֶרֶץ	1
1	טיפו	טיפה	PAAL		3	Plur	Masc	טִּיפּוּ	טִיפָה	1
1	ויקפיץ	היקפיץ	PIEL		3	Sing	Masc	וְיַקְפִּיץ	הִיקְפִּיץ	1
1	ימכור	מכר	PAAL		3	Sing	Masc	יִמְכּוֹר	מַכָּר	43
1	יציב	יציב	PAAL	Part	3	Sing	Masc	יַצִּיב	יַצִּיב	1
1	יגרמו	גרם			3	Plur	Fem,Masc	יִגְרְמוּ	גָּרַם	107
1	התאמנו	התאמן	HITPAEL		3	Plur	Fem,Masc	הִתְאַמְּנוּ	הִתְאַמֵּן	9
1	נמדדים	נמדד	NIFAL	Part	3	Plur	Masc	נִמְדָּדִים	נִמְדָּד	2
1	לממש	מימש	PIEL	Inf				לְמַמֵּשׁ	מִימֵּשׁ	1
1	מקדמים	קידם	HIFIL	Part	3	Plur	Masc	מְקַדְּמִים	קִידָּם	14
1	מפציעות	הפציע	PIEL	Part	1,2,3	Plur	Fem	מַפְצִיעוֹת	הִפְצִיעַ	1
1	מממן	מימן	PIEL	Part	1,2,3	Sing	Masc	מְמַמֵּן	מִימָּן	1
1	צמחנו	צמח	PAAL		1	Plur	Masc	צָּמַחְנוּ	צֶּמַח	4
1	מקילת	קילה	PAAL	Part	3	Sing	Fem	מְקִילַת	קִילָה	1
3	מונעים	מנע	PAAL	Part	1	Plur	Masc	מוֹנְעִים	מָנַע	13
1	להתחכך	התחכך	HITPAEL	Inf				לְהִתְחַכֵּךְ	הִתְחַכֵּךְ	1
2	להתעצב	התעצב	HITPAEL	Inf				לְהִתְעַצֵּב	הִתְעַצֵּב	2
1	מוקע	הוקע	PUAL	Part	3	Sing	Masc	מוּקָּע	הוּקַּע	1
1	לפקוע	פקע	PAAL	Inf				לִפְקוֹעַ	פֶּקַע	1
1	מכינו	הכין	PIEL		3	Plur	Masc	מָכִינוּ	הֵכִין	59
1	מנומק	נומק	PUAL	Part	3	Sing	Masc	מְנוּמָּק	נוֹמֵק	1
1	מגייס	גייס	PIEL	Part	1,2,3	Sing	Masc	מְגַיֵּיס	גַּיְּיס	3
1	מגדיר	הגדיר	HIFIL	Part	3	Sing	Masc	מַגְדִּיר	הִגְדִּיר	8
1	גדלת	גדל	PAAL		3	Sing	Fem	גָּדַלְתָּ	גָּדֵל	40
1	קיבדנו	קיבד	PAAL		1	Plur	Masc	קִיבַּדְנוּ	קִיבֵּד	1
1	מפנק	פינק	PAAL	Part	1,2,3	Sing	Masc	מְפַנֵּק	פִּינְק	1
1	דוחים	דחה	PAAL	Part	1	Plur	Masc	דּוֹחִים	דָּחָה	4
2	מתבלבלים	התבלבל	HITPAEL	Part	3	Plur	Masc	מִתְבַּלְבְּלִים	הִתְבַלְבֵּל	3
1	תספקו	סיפק	HIFIL		1	Plur	Masc	תְּסַפְּקוּ	סִּיפֵּק	9
1	פוגם	פגם	PAAL	Part	3	Sing	Masc	פּוֹגֵּם	פְּגָם	1
1	נבדלים	נבדל	NIFAL	Part	3	Plur	Masc	נִבְדָּלִים	נִבְדַּל	1
1	ממשיכה	המשיך	HIFIL	Part	1,2,3	Sing	Fem	מַמְשִׁיכָה	הִמְשִׁיךְ	113
1	הרשו	הרשה	HIFIL		3	Plur	Masc	הִרְשׁוּ	הִרְשָׁה	6
1	תצטער	הצטער	HIFIL		3	Sing	Masc	תִּצְטַעֵר	הִצְטַעֵר	5
1	יפגשו	פגש	HIFIL		3	Plur	Masc	יִפְגְּשׁוּ	פָּגַשׁ	35
1	להתכחש	התכחש	HITPAEL	Inf				לְהִתְכַחֵשׁ	הִתְכַחֵשׁ	1
1	תעמוד	עמד	PAAL		2	Sing	Masc	תַּעֲמוֹד	עָמַד	86
1	תקפוץ	קפץ	PAAL		2	Sing	Masc	תִּקְפּוֹץ	קָפַץ	28
2	נלחם	נלחם	NIFAL	Part	3	Sing	Masc	נִלְחַם	נִלְחַם	8
1	מפשיטה	הפשיט	PIEL	Part	3	Sing	Fem	מַפְשִׁיטָה	הִפְשִׁיט	1
1	בנות	בת	PAAL	Part	3	Plur	Fem	בָּנוֹת	בַּת	1
1	מתוכנתת	תוכנת	PUAL	Part	3	Sing	Fem	מְתוּכְנֶתֶת	תּוֹכֶנֶת	1
1	מתחוות	התחווה	PIEL	Part	3	Sing	Masc	מִתְחַוּוֹת	הַתַּחֲוָוה	1
3	תפגוש	פגש	PAAL		2	Sing	Masc	תִּפְגּוֹשׁ	פָּגַשׁ	35
1	שיחק	שיחק	PIEL		3	Sing	Masc	שִִׂיחֵק	שִִׂיחֵק	12
1	ניזון	ניזון	NIFAL	Part	3	Sing	Masc	נִיזּוֹן	נִיזּוֹן	1
1	מופרא	הופרא	PUAL	Part	3	Sing	Masc	מוּפְרָא	הוּפְרָא	1
1	תתרגל	התרגל	HIFIL		2	Sing	Masc	תִּתְרַגֵּל	הִתְרַגֵּל	11
1	חקור	חקר	PAAL	Part	3	Sing	Masc	חָקוּר	חֵקֶר	4
3	לפרש	פירש	PIEL	Inf				לְפָרָשׁ	פֵּיְרֵשׁ	4
1	משיקה	השיק	HIFIL	Part	1	Sing	Fem	מְשִׁיקָה	הִשִּׁיק	2
1	ירדת	ירד	PAAL		2	Sing	Masc	יָרַדְתָ	יָרַד	48
1	יקחו	לקח	PAAL		3	Plur	Fem,Masc	יִקְּחוּ	לֶקַח	156
1	הדקו	הדקה	HIFIL		1	Plur	Masc	הַדְּקוֹ	הַדַּקָּה	1
1	ממריעים	המריע	PIEL	Part	1,2,3	Plur	Masc	מַמְרִיעִים	הִמְרִיעַ	1
1	יווצר	ווצר	NIFAL		3	Sing	Masc	יְוָוצֵר	וָוצֶר	1
1	מצטברות	הצטבר	HITPAEL	Part	3	Plur	Fem	מִצְטַבְּרוֹת	הִצְטַבֵּר	4
1	מוודדת	מוודד	PIEL	Part	1,2,3	Sing	Fem	מְוַודֶּדֶת	מְוַודֵּד	1
1	יטוסו	הטוס	PUAL		3	Plur	Masc	יָטוּסוֹ	הַטּוּס	1
1	חגג	חגג	PAAL		3	Sing	Masc	חָגָג	חָגָג	18
1	שילם	שילם	PIEL		3	Sing	Masc	שִׁילֵּם	שִׁילֵּם	54
1	ששב	ששב	PAAL		3	Sing	Masc	שֶׁשָׁב	שֶׁשָׁב	1
1	נשא	נשא	PAAL		3	Sing	Masc	נָשָׂא	נָשָׂא	3
1	ינחט	ינחט	PAAL		3	Sing	Masc	יִנְחַט	יִנְחַט	1
1	נצבע	נצבע	NIFAL		3	Sing	Masc	נִצְבַּע	נִצְבַּע	1
1	צעירו	צעיר	PAAL		3	Plur	Masc	צְּעִירוֹ	צָּעִיר	1
1	תלויים	תלוי	PAAL	Part	3	Plur	Masc	תְּלוּיִים	תָּלוּי	1
1	יקראהו	קראה	PAAL		3	Plur	Masc	יִקְרְאֵהוּ	קָּרְאָה	1
1	ירומם	רומם	PAAL		3	Sing	Masc	יְרוֹמָם	רוֹמָם	1
1	ביססה	ביסס	PIEL		3	Sing	Fem	בִּיסְּסָה	בִּיסֵּס	1
1	להיבנות	נבנה	NIFAL	Inf				לְהִיבָּנוֹת	נִבְנָה	5
1	להטות	הטות	HIFIL	Inf				לְהַטּוֹת	הַטּוּת	1
1	נאלצו	נאלץ	NIFAL		3	Plur	Masc	נֶאֶלְצוּ	נֶאֱלַץ	5
1	ערכה	ערך	PAAL		3	Sing	Fem	עָרְכָה	עֵרֶךְ	7
1	מטישות	הטיש	PIEL	Part	3	Plur	Fem	מַטִּישׁוֹת	הִטִּישׁ	1
1	רכשה	רכש	PAAL		3	Sing	Fem	רָכְשָׁה	רָכַשׁ	4
1	הטיסו	הטיס	HIFIL		3	Plur	Masc	הֵטִיסוּ	הַטַּיִס	1
1	חררו	חרר	PAAL		3	Plur	Masc	חָרְרוּ	חָרֵר	6
1	זייעזע	זייעזע	PIEL		3	Sing	Masc	זַיְיעְזַע	זַיְיעְזַע	1
1	חיזקו	חיזק	PIEL		3	Plur	Masc	חִיזְּקוּ	חִיזֵּק	15
1	שמור	שמר	PAAL		3	Sing	Masc	שָׁמוּר	שָׁמַר	52
1	שולטת	שלט	PAAL	Part	3	Sing	Fem	שׁוֹלֶטֶת	שֶׁלֶט	9
1	התחרו	התחרה	HIFIL		3	Plur	Masc	הִתְחָרוּ	הִתְחָרָה	15
1	ביטל	ביטל	PIEL		3	Sing	Masc	בִּיטֵל	בִּיטֵל	9
1	פעלה	פעל	PAAL		3	Sing	Fem	פָּעֲלָה	פָּעַל	29
1	הפיצה	הפיץ	HIFIL		3	Sing	Fem	הֵפִיצָה	הֵפִיץ	2
2	מתמודדת	התמודד	HITPAEL	Part	1,2,3	Sing	Fem	מִתְמוֹדֶדֶת	הִתְמוֹדֵד	20
1	מאלץ	אילץ	PIEL	Part	1,2,3	Sing	Masc	מְאַלֵּץ	אִילֵּץ	2
1	מערי	עירה	PIEL	Part	3	Plur	Fem	מַעֲרִי	עִירָה	1
1	יקשה	הקשה	PAAL		3	Sing	Masc	יִקְשֶׁה	הַקָּשֶׁה	6
1	מפעילה	הפעיל	PIEL	Part	3	Sing	Fem	מַפְעִילָה	הִפְעִיל	15
1	כשר	כשר	PAAL	Part	3	Sing	Masc	כָּשָׂר	כָּשָׂר	1
1	תרחמו	רחם	PAAL		1	Plur	Masc	תִּרְחֲמוּ	רַחֵם	1
1	מורכבות	הורכב	PUAL	Part	3	Plur	Fem	מוּרְכָּבוֹת	הוּרְכַּב	1
1	מאלצים	אילץ	PIEL	Part	3	Plur	Masc	מַאֲלָצִים	אִילֵּץ	2
1	מטילים	הטיל	HIFIL	Part	1,2,3	Plur	Masc	מְטִילִים	הֵטִיל	4
1	טעסה	טעס	PAAL		3	Sing	Fem	טָעֲסָה	טַעַס	5
1	משמשים	שימש	PIEL	Part	3	Plur	Masc	מְשְַׁמְשִׁים	שִׁימֵּשׁ	9
1	זמינים	זמין	PAAL	Part	3	Plur	Masc	זְמִינִים	זָּמִין	2
1	מעוררת	עורר	PIEL	Part	1,2,3	Sing	Fem	מְעוֹרֶרֶת	עוֹרֵר	9
1	תעשות	עשה	PAAL		3	Plur	Fem,Masc	תַּעֲשׂוֹת	עָשָׂה	760